# Blender v2.78 (sub 0) OBJ File: 'Modern wood frame build.blend'
# www.blender.org
mtllib Modern wood frame build.mtl
o Cube.002
v 0.780328 2.192579 -1.000125
v 0.780328 2.192579 -1.080125
v 0.174786 2.192580 -1.080125
v 0.174786 2.192580 -1.000125
v 0.780328 2.092579 -1.000125
v 0.780328 2.092579 -1.080125
v 0.174786 2.092580 -1.000125
v 0.174786 2.092580 -1.080125
v 0.174787 2.432579 -1.080125
v 0.174787 2.432579 -1.000125
v 0.780329 2.432579 -1.000125
v 0.780329 2.432579 -1.080125
v 0.174787 2.332579 -1.080125
v 0.174787 2.332579 -1.000125
v 0.780329 2.332579 -1.080125
v 0.780329 2.332579 -1.000125
v 0.776433 2.731023 -1.078174
v 0.776433 2.731023 -1.002618
v 0.774659 1.964772 -1.078174
v 0.774659 1.964772 -1.002618
v 0.855909 2.730009 -1.002618
v 0.855909 2.730009 -1.078174
v 0.854134 1.963758 -1.078174
v 0.854134 1.963758 -1.002618
v 0.096427 2.731023 -1.078174
v 0.096427 2.731023 -1.002617
v 0.094652 1.964772 -1.078174
v 0.094652 1.964772 -1.002618
v 0.175902 2.730009 -1.002617
v 0.175902 2.730009 -1.078174
v 0.174127 1.963758 -1.078174
v 0.174127 1.963758 -1.002618
v 0.174787 2.672579 -1.080125
v 0.174787 2.672579 -1.000125
v 0.780329 2.672579 -1.000125
v 0.780329 2.672579 -1.080125
v 0.174787 2.572579 -1.080125
v 0.174787 2.572579 -1.000125
v 0.780329 2.572579 -1.080125
v 0.780329 2.572579 -1.000125
v 0.780328 2.892579 -1.000125
v 0.780328 2.892579 -1.080125
v 0.174786 2.892580 -1.080125
v 0.174786 2.892580 -1.000125
v 0.780328 2.792579 -1.000125
v 0.780328 2.792579 -1.080125
v 0.174786 2.792580 -1.000125
v 0.174786 2.792580 -1.080125
v 0.174787 3.132579 -1.080125
v 0.174787 3.132579 -1.000125
v 0.780329 3.132579 -1.000125
v 0.780329 3.132579 -1.080125
v 0.174787 3.032579 -1.080125
v 0.174787 3.032579 -1.000125
v 0.780329 3.032579 -1.080125
v 0.780329 3.032579 -1.000125
v 0.776433 3.964171 -1.078174
v 0.776433 3.964171 -1.002618
v 0.774659 2.731012 -1.078174
v 0.774659 2.731012 -1.002618
v 0.855909 3.963157 -1.002618
v 0.855909 3.963157 -1.078174
v 0.854134 2.729998 -1.078174
v 0.854134 2.729998 -1.002618
v 0.096427 3.964171 -1.078174
v 0.096427 3.964171 -1.002617
v 0.094652 2.731012 -1.078174
v 0.094652 2.731012 -1.002618
v 0.175902 3.963157 -1.002617
v 0.175902 3.963157 -1.078174
v 0.174127 2.729998 -1.078174
v 0.174127 2.729998 -1.002618
v 0.174787 3.372579 -1.080125
v 0.174787 3.372579 -1.000125
v 0.780329 3.372579 -1.000125
v 0.780329 3.372579 -1.080125
v 0.174787 3.272579 -1.080125
v 0.174787 3.272579 -1.000125
v 0.780329 3.272579 -1.080125
v 0.780329 3.272579 -1.000125
v 0.174787 3.616882 -1.080125
v 0.174787 3.616882 -1.000125
v 0.780329 3.616882 -1.000125
v 0.780329 3.616882 -1.080125
v 0.174787 3.516882 -1.080125
v 0.174787 3.516882 -1.000125
v 0.780329 3.516882 -1.080125
v 0.780329 3.516882 -1.000125
v 0.174787 3.856882 -1.080125
v 0.174787 3.856882 -1.000125
v 0.780329 3.856882 -1.000125
v 0.780329 3.856882 -1.080125
v 0.174787 3.756882 -1.080125
v 0.174787 3.756882 -1.000125
v 0.780329 3.756882 -1.080125
v 0.780329 3.756882 -1.000125
v 0.303401 4.192580 1.281887
v 0.303401 4.192580 1.201886
v -0.302141 4.192580 1.201887
v -0.302141 4.192580 1.281887
v 0.303401 4.092579 1.281887
v 0.303401 4.092579 1.201886
v -0.302141 4.092580 1.281887
v -0.302141 4.092580 1.201886
v -0.302140 4.432580 1.201887
v -0.302140 4.432580 1.281886
v 0.303402 4.432580 1.281887
v 0.303402 4.432580 1.201886
v -0.302140 4.332580 1.201887
v -0.302140 4.332580 1.281886
v 0.303402 4.332580 1.201886
v 0.303402 4.332580 1.281887
v 0.299506 4.731023 1.203837
v 0.299506 4.731023 1.279394
v 0.297732 3.964772 1.203837
v 0.297732 3.964772 1.279393
v 0.378982 4.730009 1.279394
v 0.378982 4.730009 1.203837
v 0.377207 3.963758 1.203837
v 0.377207 3.963758 1.279393
v -0.380501 4.731023 1.203837
v -0.380501 4.731023 1.279394
v -0.382275 3.964772 1.203837
v -0.382275 3.964772 1.279394
v -0.301025 4.730009 1.279394
v -0.301025 4.730009 1.203837
v -0.302800 3.963758 1.203837
v -0.302800 3.963758 1.279394
v -0.302140 4.672579 1.201887
v -0.302140 4.672579 1.281886
v 0.303402 4.672579 1.281887
v 0.303402 4.672579 1.201886
v -0.302140 4.572580 1.201887
v -0.302140 4.572580 1.281886
v 0.303402 4.572580 1.201886
v 0.303402 4.572580 1.281887
v 0.303401 4.892580 1.281887
v 0.303401 4.892580 1.201886
v -0.302141 4.892580 1.201887
v -0.302141 4.892580 1.281887
v 0.303401 4.792579 1.281887
v 0.303401 4.792579 1.201886
v -0.302141 4.792580 1.281887
v -0.302141 4.792580 1.201886
v -0.302140 5.132579 1.201887
v -0.302140 5.132579 1.281886
v 0.303402 5.132579 1.281887
v 0.303402 5.132579 1.201886
v -0.302140 5.032580 1.201887
v -0.302140 5.032580 1.281886
v 0.303402 5.032580 1.201886
v 0.303402 5.032580 1.281887
v 0.299506 5.564171 1.203837
v 0.299506 5.564171 1.279394
v 0.297732 4.731012 1.203837
v 0.297732 4.731012 1.279393
v 0.378982 5.563157 1.279394
v 0.378982 5.563157 1.203837
v 0.377207 4.729999 1.203837
v 0.377207 4.729999 1.279393
v -0.380501 5.564171 1.203837
v -0.380501 5.564171 1.279394
v -0.382275 4.731012 1.203837
v -0.382275 4.731012 1.279394
v -0.301025 5.563157 1.279394
v -0.301025 5.563157 1.203837
v -0.302800 4.729999 1.203837
v -0.302800 4.729999 1.279394
v -0.302140 5.372580 1.201887
v -0.302140 5.372580 1.281886
v 0.303402 5.372580 1.281887
v 0.303402 5.372580 1.201886
v -0.302140 5.272580 1.201887
v -0.302140 5.272580 1.281886
v 0.303402 5.272580 1.201886
v 0.303402 5.272580 1.281887
v -1.201414 2.763232 2.100000
v -1.201414 3.563232 2.100000
v -1.201414 2.763232 2.000000
v -1.201414 3.563232 2.000000
v -1.101414 2.863232 2.100000
v -1.101414 2.863232 2.000000
v -1.101414 3.463232 2.000000
v -0.401414 3.560407 2.100000
v -0.401414 3.560407 2.000000
v -0.401414 2.760407 2.000000
v -0.501414 3.460407 2.100000
v -0.501414 3.460407 2.000000
v -0.501414 2.860407 2.000000
v -1.200001 3.561820 2.100000
v -0.400001 3.561820 2.000000
v -0.402827 2.761820 2.100000
v -0.402827 2.761820 2.000000
v -1.202827 2.761820 2.000000
v -0.502827 2.861820 2.100000
v -0.502827 2.861820 2.000000
v -1.102827 2.861820 2.000000
v -1.200001 3.561820 2.000000
v -0.500001 3.461820 2.100000
v -1.100002 3.461820 2.000000
v -0.500001 3.461820 2.000000
v 0.399999 3.561820 2.000000
v 1.199998 3.561820 2.000000
v 0.499999 3.461820 2.100000
v 1.099998 3.461820 2.100000
v 0.499999 3.461820 2.000000
v 1.099998 3.461820 2.000000
v 1.198586 3.560407 2.100000
v 1.198586 3.560407 2.000000
v 1.198586 1.960407 2.000000
v 1.098586 3.460407 2.100000
v 1.098586 3.460407 2.000000
v 1.098586 1.960407 2.000000
v 0.398586 3.560407 2.000000
v 0.398586 1.960407 2.000000
v 0.398586 1.960407 2.100000
v 0.498586 3.460407 2.000000
v 0.498586 1.960407 2.000000
v 0.498586 3.460407 2.100000
v -1.201414 4.363233 2.000000
v -1.201414 5.163232 2.000000
v -1.101414 4.463233 2.100000
v -1.101414 4.463233 2.000000
v -1.101414 5.063232 2.000000
v -0.401414 5.160407 2.100000
v -0.401414 4.360407 2.100000
v -0.401414 5.160408 2.000000
v -0.401414 4.360407 2.000000
v -0.501414 4.460407 2.100000
v -0.501414 5.060407 2.000000
v -0.501414 4.460407 2.000000
v -0.500001 5.061820 2.100000
v -1.100002 5.061820 2.000000
v -1.202827 4.361820 2.100000
v -0.402827 4.361820 2.000000
v -1.202827 4.361820 2.000000
v -0.502827 4.461820 2.100000
v -1.102827 4.461820 2.100000
v -0.502827 4.461820 2.000000
v -1.102827 4.461820 2.000000
v -1.200001 5.161820 2.100000
v -1.200001 5.161820 2.000000
v -0.400001 5.161820 2.000000
v -1.100002 5.061820 2.100000
v -0.500001 5.061820 2.000000
v 0.383056 5.163232 2.100000
v 0.383056 4.363233 2.000000
v 0.383056 5.163232 2.000000
v 0.483056 4.463233 2.000000
v 0.483056 5.063232 2.000000
v 1.183057 5.160407 2.100000
v 1.183057 4.360407 2.100000
v 1.183057 5.160408 2.000000
v 1.183057 4.360407 2.000000
v 1.083056 5.060407 2.100000
v 1.083056 4.460407 2.100000
v 1.083056 5.060407 2.000000
v 1.083056 4.460407 2.000000
v 0.384469 5.161820 2.100000
v 1.184469 5.161820 2.000000
v 0.484469 5.061820 2.100000
v 1.181644 4.361820 2.100000
v 0.381644 4.361820 2.100000
v 1.181644 4.361820 2.000000
v 0.381644 4.361820 2.000000
v 1.081644 4.461820 2.000000
v 0.481644 4.461820 2.000000
v 1.184469 5.161820 2.100000
v 0.384469 5.161820 2.000000
v 0.484469 5.061820 2.000000
v 1.084469 5.061820 2.000000
v 1.898586 5.963233 1.000000
v 1.998586 5.963233 1.000000
v 1.898586 3.963232 1.125000
v 1.998586 5.963233 1.125000
v 1.898586 5.963233 1.125000
v 1.998586 3.963232 1.250001
v 1.998586 5.963233 1.250001
v 1.898586 5.963233 1.250001
v 1.898586 5.963233 1.625276
v 1.998586 5.963233 1.625276
v 1.998586 3.963232 1.750276
v 1.998586 5.963233 1.750276
v 1.898586 5.963233 1.750276
v 1.898586 3.963232 1.875284
v 1.998586 5.963233 1.875284
v 1.898586 5.963233 1.875284
v 1.898586 5.963233 1.874996
v 1.998586 5.963233 1.874996
v 1.998586 5.963233 1.999996
v 1.898586 5.963233 1.999996
v 1.998585 3.963232 1.499934
v 1.898585 3.963232 1.499934
v 1.998586 5.963233 1.499934
v 1.898586 5.963233 1.499934
v 1.998585 3.963232 1.374934
v 1.998586 5.963233 1.374934
v 1.898586 5.963233 1.374934
v 1.898586 5.963233 1.624948
v 1.998586 5.963233 1.624948
v 1.898586 3.963232 1.624948
v 2.198773 3.963232 1.999760
v 2.198773 5.963233 1.999760
v 2.198773 5.963233 2.099760
v 2.073771 3.963232 2.099760
v 2.073771 3.963232 1.999760
v 2.073771 5.963233 1.999760
v 2.073771 5.963233 2.099760
v 1.573497 3.963232 2.099760
v 1.573497 3.963232 1.999760
v 1.573497 5.963233 1.999760
v 1.573497 5.963233 2.099760
v 1.323488 3.963232 1.999760
v 1.323488 5.963233 2.099760
v 1.323488 5.963233 1.999760
v 1.448488 3.963232 2.099760
v 1.448488 5.963233 1.999760
v 1.448488 5.963233 2.099760
v 1.323777 3.963232 1.999760
v 1.323777 5.963233 1.999760
v 1.323777 5.963233 2.099760
v 1.198777 3.963232 1.999760
v 1.198777 5.963233 2.099760
v 1.198777 5.963233 1.999760
v 1.948751 5.963233 2.099760
v 1.948751 5.963233 1.999759
v 1.948751 3.963232 1.999759
v 1.823751 5.963233 1.999759
v 1.823751 5.963233 2.099760
v 1.823751 3.963232 2.099760
v 1.573824 5.963233 1.999760
v 1.573824 5.963233 2.099760
v 1.698824 5.963233 2.099760
v 1.698824 5.963233 1.999760
v 1.698824 3.963232 2.099760
v 2.198773 1.963232 2.099760
v 2.198773 1.963232 1.999760
v 2.198773 3.963232 2.099760
v 2.073771 1.963232 2.099760
v 2.073771 1.963232 1.999760
v 1.573497 1.963232 2.099760
v 1.573497 1.963232 1.999760
v 1.323488 1.963232 1.999760
v 1.323488 1.963232 2.099760
v 1.323488 3.963232 2.099760
v 1.448488 1.963232 1.999760
v 1.448488 1.963232 2.099760
v 1.448488 3.963232 1.999760
v 1.323777 1.963232 2.099760
v 1.323777 1.963232 1.999760
v 1.323777 3.963232 2.099760
v 1.198777 1.963232 2.099760
v 1.198777 1.963232 1.999760
v 1.198777 3.963232 2.099760
v 1.948751 3.963232 2.099760
v 1.948751 1.963232 2.099760
v 1.948751 1.963232 1.999759
v 1.823751 3.963232 1.999759
v 1.823751 1.963232 2.099760
v 1.823751 1.963232 1.999759
v 1.573824 3.963232 1.999760
v 1.573824 3.963232 2.099760
v 1.573824 1.963232 1.999760
v 1.573824 1.963232 2.099760
v 1.698824 3.963232 1.999760
v 1.698824 1.963232 1.999760
v 1.698824 1.963232 2.099760
v 2.198772 3.963232 -2.100240
v 2.198772 5.963233 -2.100240
v 2.198772 5.963233 -2.000240
v 2.073771 3.963232 -2.000240
v 2.073771 5.963233 -2.100240
v 2.073771 5.963233 -2.000240
v 1.573497 3.963232 -2.100240
v 1.573497 5.963233 -2.100240
v 1.573497 5.963233 -2.000240
v 1.323488 5.963233 -2.000240
v 1.323488 5.963233 -2.100240
v 1.448488 3.963232 -2.100240
v 1.448488 3.963232 -2.000240
v 1.448488 5.963233 -2.100240
v 1.448488 5.963233 -2.000240
v 1.323777 5.963233 -2.100240
v 1.323777 5.963233 -2.000240
v 1.198777 3.963232 -2.000240
v 1.198777 3.963232 -2.100240
v 1.198777 5.963233 -2.000240
v 1.198777 5.963233 -2.100240
v 1.948751 5.963233 -2.000240
v 1.948751 5.963233 -2.100241
v 1.948751 3.963232 -2.000240
v 1.948751 3.963232 -2.100241
v 1.823751 5.963233 -2.100241
v 1.823751 5.963233 -2.000240
v 1.823751 3.963232 -2.000240
v 1.573824 5.963233 -2.100240
v 1.573824 5.963233 -2.000240
v 1.573824 3.963232 -2.000240
v 1.698824 5.963233 -2.000240
v 1.698824 5.963233 -2.100240
v 1.698824 3.963232 -2.100240
v 1.698824 3.963232 -2.000240
v 2.198772 1.963232 -2.000240
v 2.198772 1.963232 -2.100240
v 2.198772 3.963232 -2.000240
v 2.073771 1.963232 -2.000240
v 2.073771 1.963232 -2.100240
v 2.073771 3.963232 -2.100240
v 1.573497 1.963232 -2.000240
v 1.573497 1.963232 -2.100240
v 1.573497 3.963232 -2.000240
v 1.323488 1.963232 -2.100240
v 1.323488 1.963232 -2.000240
v 1.323488 3.963232 -2.000240
v 1.323488 3.963232 -2.100240
v 1.448488 1.963232 -2.100240
v 1.448488 1.963232 -2.000240
v 1.323777 1.963232 -2.000240
v 1.323777 1.963232 -2.100240
v 1.323777 3.963232 -2.100240
v 1.323777 3.963232 -2.000240
v 1.198777 1.963232 -2.000240
v 1.198777 1.963232 -2.100240
v 1.948751 1.963232 -2.000240
v 1.948751 1.963232 -2.100241
v 1.823751 3.963232 -2.100241
v 1.823751 1.963232 -2.000240
v 1.823751 1.963232 -2.100241
v 1.573824 3.963232 -2.100240
v 1.573824 1.963232 -2.100240
v 1.573824 1.963232 -2.000240
v 1.698824 1.963232 -2.100240
v 1.698824 1.963232 -2.000240
v -1.201228 5.963233 1.999760
v -1.201228 5.963233 2.099760
v -1.326229 5.963233 1.999760
v -1.326229 5.963233 2.099760
v -1.826503 5.963233 1.999760
v -1.826503 5.963233 2.099760
v -2.076512 3.963232 1.999760
v -2.076512 5.963233 2.099760
v -2.076512 5.963233 1.999760
v -1.951512 3.963232 1.999760
v -1.951512 5.963233 1.999760
v -1.951512 5.963233 2.099760
v -2.076223 3.963232 1.999760
v -2.076223 5.963233 1.999760
v -2.076223 5.963233 2.099760
v -2.201223 3.963232 1.999760
v -2.201223 5.963233 2.099760
v -2.201223 5.963233 1.999760
v -1.451249 5.963233 2.099760
v -1.451249 5.963233 1.999759
v -1.451249 3.963232 2.099760
v -1.451249 3.963232 1.999759
v -1.576249 5.963233 1.999759
v -1.576249 5.963233 2.099760
v -1.576249 3.963232 1.999759
v -1.826176 5.963233 1.999760
v -1.826176 5.963233 2.099760
v -1.701176 5.963233 2.099760
v -1.701176 5.963233 1.999760
v -1.701176 3.963232 1.999760
v -1.201228 1.963232 2.099760
v -1.201228 1.963232 1.999760
v -1.201228 3.963232 1.999760
v -1.201228 3.963232 2.099760
v -1.326229 1.963232 2.099760
v -1.326229 1.963232 1.999760
v -1.326229 3.963232 1.999760
v -1.326229 3.963232 2.099760
v -1.826503 1.963232 2.099760
v -1.826503 1.963232 1.999760
v -1.826503 3.963232 1.999760
v -1.826503 3.963232 2.099760
v -2.076512 1.963232 1.999760
v -2.076512 1.963232 2.099760
v -2.076512 3.963232 2.099760
v -1.951512 1.963232 1.999760
v -1.951512 1.963232 2.099760
v -1.951512 3.963232 2.099760
v -2.076223 1.963232 2.099760
v -2.076223 1.963232 1.999760
v -2.076223 3.963232 2.099760
v -2.201223 1.963232 2.099760
v -2.201223 1.963232 1.999760
v -2.201223 3.963232 2.099760
v -1.451249 1.963232 2.099760
v -1.451249 1.963232 1.999759
v -1.576249 3.963232 2.099760
v -1.576249 1.963232 2.099760
v -1.576249 1.963232 1.999759
v -1.826176 3.963232 1.999760
v -1.826176 3.963232 2.099760
v -1.826176 1.963232 1.999760
v -1.826176 1.963232 2.099760
v -1.701176 3.963232 2.099760
v -1.701176 1.963232 1.999760
v -1.701176 1.963232 2.099760
v -1.201228 3.963232 -2.100240
v -1.201228 5.963233 -2.100240
v -1.201228 5.963233 -2.000240
v -1.326229 5.963233 -2.100240
v -1.326229 5.963233 -2.000240
v -1.826503 3.963232 -2.000240
v -1.826503 5.963233 -2.100240
v -1.826503 5.963233 -2.000240
v -2.076512 3.963232 -2.100240
v -2.076512 5.963233 -2.000240
v -2.076512 5.963233 -2.100240
v -1.951512 5.963233 -2.100240
v -1.951512 5.963233 -2.000240
v -2.076224 5.963233 -2.100240
v -2.076224 5.963233 -2.000240
v -2.201224 3.963232 -2.100240
v -2.201224 5.963233 -2.000240
v -2.201224 5.963233 -2.100240
v -1.451249 5.963233 -2.000240
v -1.451249 5.963233 -2.100240
v -1.451249 3.963232 -2.100240
v -1.576249 5.963233 -2.100240
v -1.576249 5.963233 -2.000240
v -1.576249 3.963232 -2.100240
v -1.826176 5.963233 -2.100240
v -1.826176 5.963233 -2.000240
v -1.826176 3.963232 -2.000240
v -1.701176 5.963233 -2.000240
v -1.701176 5.963233 -2.100240
v -1.701176 3.963232 -2.100240
v -1.201228 1.963232 -2.000240
v -1.201228 1.963232 -2.100240
v -1.201228 3.963232 -2.000240
v -1.326229 1.963232 -2.000240
v -1.326229 1.963232 -2.100240
v -1.326229 3.963232 -2.100240
v -1.326229 3.963232 -2.000240
v -1.826503 1.963232 -2.000240
v -1.826503 1.963232 -2.100240
v -1.826503 3.963232 -2.100240
v -2.076512 1.963232 -2.100240
v -2.076512 1.963232 -2.000240
v -2.076512 3.963232 -2.000240
v -1.951512 1.963232 -2.100240
v -1.951512 1.963232 -2.000240
v -1.951512 3.963232 -2.100240
v -1.951512 3.963232 -2.000240
v -2.076224 1.963232 -2.000240
v -2.076224 1.963232 -2.100240
v -2.076224 3.963232 -2.100240
v -2.076224 3.963232 -2.000240
v -2.201224 1.963232 -2.000240
v -2.201224 1.963232 -2.100240
v -2.201224 3.963232 -2.000240
v -1.451249 3.963232 -2.000240
v -1.451249 1.963232 -2.000240
v -1.451249 1.963232 -2.100240
v -1.576249 3.963232 -2.000240
v -1.576249 1.963232 -2.000240
v -1.576249 1.963232 -2.100240
v -1.826176 3.963232 -2.100240
v -1.826176 1.963232 -2.100240
v -1.826176 1.963232 -2.000240
v -1.701176 3.963232 -2.000240
v -1.701176 1.963232 -2.100240
v -1.701176 1.963232 -2.000240
v 0.007493 3.963232 2.099760
v 0.007493 5.963233 1.999760
v 0.007493 5.963233 2.099760
v -0.242516 3.963232 1.999760
v -0.242516 3.963232 2.099760
v -0.242516 5.963233 2.099760
v -0.242516 5.963233 1.999760
v -0.117516 3.963232 1.999760
v -0.117516 3.963232 2.099760
v -0.117516 5.963233 1.999760
v -0.117516 5.963233 2.099760
v -0.242227 3.963232 2.099760
v -0.242227 3.963232 1.999760
v -0.242227 5.963233 1.999760
v -0.242227 5.963233 2.099760
v -0.401040 3.963232 2.099760
v -0.401040 5.963233 2.099760
v -0.401040 5.963233 1.999760
v 0.399054 5.963233 2.099760
v 0.399054 5.963233 1.999759
v 0.399054 3.963232 2.099760
v 0.399054 3.963232 1.999759
v 0.257748 5.963233 1.999759
v 0.257748 5.963233 2.099760
v 0.257748 3.963232 2.099760
v 0.257748 3.963232 1.999759
v 0.007820 5.963233 1.999760
v 0.007820 5.963233 2.099760
v 0.007820 3.963232 1.999760
v 0.007820 3.963232 2.099760
v 0.132820 5.963233 2.099760
v 0.132820 5.963233 1.999760
v 0.007493 1.963232 2.099760
v 0.007493 1.963232 1.999760
v 0.007493 3.963232 1.999760
v -0.242516 1.963232 1.999760
v -0.242516 1.963232 2.099760
v -0.117516 1.963232 1.999760
v -0.117516 1.963232 2.099760
v -0.401040 1.963232 1.999760
v -0.401040 1.963232 2.099760
v -0.401040 3.963232 1.999760
v -0.242227 1.963232 1.999760
v -0.242227 1.963232 2.099760
v 0.399054 1.963232 2.099760
v 0.399054 1.963232 1.999759
v 0.257748 1.963232 2.099760
v 0.257748 1.963232 1.999759
v 0.007820 1.963232 1.999760
v 0.007820 1.963232 2.099760
v 0.132820 3.963232 2.099760
v 0.132820 3.963232 1.999760
v 0.132820 1.963232 1.999760
v 0.132820 1.963232 2.099760
v 1.898586 5.963233 -2.000000
v 1.998586 5.963233 -2.000000
v 1.898586 3.963232 -1.875000
v 1.998586 5.963233 -1.875000
v 1.898586 5.963233 -1.875000
v 1.998586 3.963232 -1.749999
v 1.898586 3.963232 -1.749999
v 1.998586 5.963233 -1.749999
v 1.898586 5.963233 -1.749999
v 1.998586 3.963232 -1.374724
v 1.898586 5.963233 -1.374724
v 1.998586 5.963233 -1.374724
v 1.898586 3.963232 -1.249724
v 1.998586 5.963233 -1.249724
v 1.898586 5.963233 -1.249724
v 1.998586 5.963233 -1.124716
v 1.898586 5.963233 -1.124716
v 1.998586 3.963232 -1.125004
v 1.898586 3.963232 -1.125004
v 1.898586 5.963233 -1.125004
v 1.998586 5.963233 -1.125004
v 1.998586 5.963233 -1.000004
v 1.898586 5.963233 -1.000004
v 1.998586 3.963232 -1.500066
v 1.898586 3.963232 -1.500066
v 1.998586 5.963233 -1.500066
v 1.898586 5.963233 -1.500066
v 1.998586 5.963233 -1.625066
v 1.898586 5.963233 -1.625066
v 1.898586 5.963233 -1.375052
v 1.998586 5.963233 -1.375052
v 1.898586 3.963232 -1.375052
v 1.998586 3.963232 -1.375052
v 1.998586 1.963232 -2.000000
v 1.898586 1.963232 -2.000000
v 1.998586 3.963232 -2.000000
v 1.998586 1.963232 -1.875000
v 1.898586 1.963232 -1.875000
v 1.998586 3.963232 -1.875000
v 1.998586 1.963232 -1.749999
v 1.898586 1.963232 -1.749999
v 1.998586 1.963232 -1.374724
v 1.898586 1.963232 -1.374724
v 1.898586 3.963232 -1.374724
v 1.998586 1.963232 -1.249724
v 1.898586 1.963232 -1.249724
v 1.998586 3.963232 -1.249724
v 1.898586 1.963232 -1.124716
v 1.998586 1.963232 -1.124716
v 1.998586 3.963232 -1.124716
v 1.898586 3.963232 -1.124716
v 1.998586 1.963232 -1.125004
v 1.898586 1.963232 -1.125004
v 1.998586 1.963232 -1.000004
v 1.898586 1.963232 -1.000004
v 1.998586 3.963232 -1.000004
v 1.898586 3.963232 -1.000004
v 1.998586 1.963232 -1.500066
v 1.898586 1.963232 -1.500066
v 1.898586 1.963232 -1.625066
v 1.998586 1.963232 -1.625066
v 1.998586 3.963232 -1.625066
v 1.898586 3.963232 -1.625066
v 1.898586 1.963232 -1.375052
v 1.998586 1.963232 -1.375052
v 1.998586 1.963232 1.000000
v 1.898586 1.963232 1.000000
v 1.998586 3.963232 1.000000
v 1.998586 1.963232 1.125000
v 1.898586 1.963232 1.125000
v 1.998586 3.963232 1.125000
v 1.998586 1.963232 1.250001
v 1.898586 1.963232 1.250001
v 1.898586 3.963232 1.250001
v 1.998586 1.963232 1.625276
v 1.898586 1.963232 1.625276
v 1.898586 3.963232 1.625276
v 1.998586 3.963232 1.625276
v 1.998586 1.963232 1.750276
v 1.898586 1.963232 1.750276
v 1.898586 3.963232 1.750276
v 1.898586 1.963232 1.875284
v 1.998586 1.963232 1.875284
v 1.998586 3.963232 1.875284
v 1.998586 1.963232 1.874996
v 1.898586 1.963232 1.874996
v 1.898586 3.963232 1.874996
v 1.998586 3.963232 1.874996
v 1.998586 1.963232 1.999996
v 1.898586 1.963232 1.999996
v 1.998586 3.963232 1.999996
v 1.898586 3.963232 1.999996
v 1.998585 1.963232 1.499934
v 1.898585 1.963232 1.499934
v 1.898585 1.963232 1.374934
v 1.998585 1.963232 1.374934
v 1.898586 3.963232 1.374934
v 1.998586 3.963232 1.624948
v 1.898586 1.963232 1.624948
v 1.998586 1.963232 1.624948
v -1.201414 4.363233 -2.100000
v -1.201414 5.163233 -2.100000
v -1.201414 4.363233 -2.200000
v -1.201414 5.163233 -2.200000
v -1.101414 4.463233 -2.100000
v -1.101414 5.063233 -2.100000
v -1.101414 4.463233 -2.200000
v -1.101414 5.063233 -2.200000
v 1.198586 5.160408 -2.200000
v 1.198586 4.360407 -2.200000
v 1.098586 5.060408 -2.100000
v 1.098586 4.460408 -2.100000
v 1.098586 5.060408 -2.200000
v 1.098586 4.460408 -2.200000
v -1.200001 5.161820 -2.100000
v 1.199999 5.161820 -2.100000
v -1.200001 5.161820 -2.200000
v 1.199999 5.161820 -2.200000
v -1.100001 5.061821 -2.100000
v 1.099999 5.061821 -2.100000
v -1.100001 5.061821 -2.200000
v 1.099999 5.061821 -2.200000
v 1.197174 4.361820 -2.100000
v 1.097174 4.461820 -2.100000
v 1.097174 4.461820 -2.200000
v -1.216944 2.763232 -2.200000
v -1.216944 3.563232 -2.200000
v -1.116943 2.863232 -2.100000
v -1.116943 2.863232 -2.200000
v -1.116943 3.463232 -2.200000
v -0.416943 3.560407 -2.100000
v -0.416943 3.560407 -2.200000
v -0.416943 2.760407 -2.200000
v -0.516943 3.460407 -2.100000
v -0.516943 2.860407 -2.100000
v -0.516943 3.460407 -2.200000
v -0.516943 2.860407 -2.200000
v -1.215531 3.561820 -2.200000
v -0.415531 3.561820 -2.200000
v -1.115531 3.461820 -2.200000
v -0.418356 2.761820 -2.100000
v -0.418356 2.761820 -2.200000
v -1.218356 2.761820 -2.200000
v -0.518356 2.861820 -2.200000
v -1.118356 2.861820 -2.200000
v -0.415531 3.561820 -2.100000
v -0.515531 3.461820 -2.100000
v -0.515531 3.461820 -2.200000
v 0.383056 4.363233 2.200000
v 0.383056 5.163232 2.200000
v 0.383056 4.363233 2.100000
v 0.483056 4.463233 2.200000
v 0.483056 5.063232 2.200000
v 0.483056 4.463233 2.100000
v 0.483056 5.063232 2.100000
v 1.183057 5.160407 2.200000
v 1.183057 4.360407 2.200000
v 1.083056 5.060407 2.200000
v 1.083056 4.460407 2.200000
v 1.181644 4.361820 2.200000
v 0.381644 4.361820 2.200000
v 1.081644 4.461820 2.200000
v 0.481644 4.461820 2.200000
v 1.081644 4.461820 2.100000
v 0.481644 4.461820 2.100000
v 0.384469 5.161820 2.200000
v 1.184469 5.161820 2.200000
v 0.484469 5.061820 2.200000
v 1.084469 5.061820 2.200000
v 1.084469 5.061820 2.100000
v -1.201414 4.363233 2.200000
v -1.201414 5.163232 2.200000
v -1.201414 4.363233 2.100000
v -1.201414 5.163232 2.100000
v -1.101414 4.463233 2.200000
v -1.101414 5.063232 2.200000
v -1.101414 5.063232 2.100000
v -0.401414 5.160407 2.200000
v -0.401414 4.360407 2.200000
v -0.501414 5.060407 2.200000
v -0.501414 4.460407 2.200000
v -0.501414 5.060407 2.100000
v -0.400001 5.161820 2.100000
v -0.402827 4.361820 2.200000
v -1.202827 4.361820 2.200000
v -0.402827 4.361820 2.100000
v -0.504289 4.458720 2.197563
v -1.104289 4.458720 2.197563
v -0.504289 4.458720 2.097563
v -1.104289 4.458720 2.097563
v -1.200001 5.161820 2.200000
v -0.400001 5.161820 2.200000
v -1.100002 5.061820 2.200000
v -0.500001 5.061820 2.200000
v 0.399999 3.561820 2.200000
v 1.199998 3.561820 2.200000
v 0.399999 3.561820 2.100000
v 1.199998 3.561820 2.100000
v 0.499999 3.461820 2.200000
v 1.099998 3.461820 2.200000
v 1.198586 3.560407 2.200000
v 1.198586 1.960407 2.200000
v 1.198586 1.960407 2.100000
v 1.098586 3.460407 2.200000
v 1.098586 1.960407 2.200000
v 1.098586 1.960407 2.100000
v 0.398586 3.560407 2.100000
v 0.398586 3.560407 2.200000
v 0.398586 1.960407 2.200000
v 0.498586 1.960407 2.100000
v 0.498586 3.460407 2.200000
v 0.498586 1.960407 2.200000
v 1.999056 5.561820 -0.999058
v 1.999056 5.561820 1.000942
v 2.099057 5.561820 -0.999058
v 2.099057 5.561820 1.000942
v 1.999056 5.461820 -0.900789
v 1.999056 5.461820 0.900941
v 2.099057 5.461820 -0.900789
v 2.099057 5.461820 0.900941
v 2.099057 5.560407 0.999529
v 2.099057 3.960407 0.999529
v 1.999056 5.460407 0.899529
v 1.999056 3.960407 0.899529
v 2.099057 5.460407 0.899529
v 2.099057 3.960407 0.899529
v 1.999056 3.960407 -0.900471
v 2.099057 3.960407 -0.900471
v 2.099057 5.460407 -0.900471
v 1.999056 3.960407 -1.000471
v 2.099057 3.960407 -1.000471
v 2.099057 5.560407 -1.000471
v 1.899057 5.561820 -0.999058
v 1.899057 5.561820 1.000942
v 1.899057 5.461820 -0.900789
v 1.899057 5.461820 0.900941
v 1.899057 5.560407 0.999529
v 1.899057 3.960407 0.999529
v 1.999057 5.560407 0.999529
v 1.999057 3.960407 0.999529
v 1.899057 5.460407 0.899529
v 1.899057 3.960407 0.899529
v 1.899056 3.960407 -0.900471
v 1.899056 5.460407 -0.900471
v 1.999057 5.460407 -0.900471
v 1.899056 3.960407 -1.000471
v 1.899056 5.560407 -1.000471
v 1.999057 5.560407 -1.000471
v -1.901414 3.963232 -2.000000
v 1.898586 3.963232 1.000000
v 1.898586 3.963232 -0.000000
v 2.998586 3.963232 1.000000
v 2.998586 3.963232 -0.000000
v 2.998586 3.963232 -2.000000
v -2.001414 2.763232 -1.249801
v -2.001414 3.563233 -1.249801
v -1.901414 2.763232 -1.249801
v -1.901414 3.563233 -1.249801
v -2.001414 2.863232 -1.145651
v -2.001414 3.463233 -1.145651
v -1.901414 2.863232 -1.145651
v -1.901414 3.463233 -1.145651
v -2.001414 3.560407 1.249802
v -2.001414 2.760407 1.249802
v -1.901414 3.560407 1.249802
v -1.901414 2.760407 1.249802
v -2.001414 3.460407 1.145652
v -2.001414 2.860408 1.145652
v -1.901414 3.460407 1.145652
v -1.901414 2.860408 1.145652
v -2.001414 3.561820 -1.248330
v -2.001414 3.561820 1.251273
v -1.901414 3.561820 -1.248330
v -1.901414 3.561820 1.251273
v -2.001414 3.461820 -1.144180
v -2.001414 3.461820 1.147123
v -1.901414 3.461820 -1.144180
v -1.901414 3.461820 1.147123
v -2.001414 2.761820 1.248330
v -2.001414 2.761820 -1.251272
v -1.901414 2.761820 1.248330
v -1.901414 2.761820 -1.251272
v -2.001414 2.861820 1.144180
v -2.001414 2.861820 -1.147122
v -1.901414 2.861820 1.144180
v -1.901414 2.861820 -1.147122
v -1.201414 2.763232 2.200000
v -1.201414 3.563232 2.200000
v -1.101414 2.863232 2.200000
v -1.101414 3.463232 2.200000
v -1.101414 3.463232 2.100000
v -0.401414 3.560407 2.200000
v -0.401414 2.760407 2.200000
v -0.401414 2.760407 2.100000
v -0.501414 3.460407 2.200000
v -0.501414 2.860407 2.200000
v -0.501414 2.860407 2.100000
v -0.400001 3.561820 2.100000
v -1.100002 3.461820 2.100000
v -0.402827 2.761820 2.200000
v -1.202827 2.761820 2.200000
v -1.202827 2.761820 2.100000
v -0.502827 2.861820 2.200000
v -1.102827 2.861820 2.200000
v -1.102827 2.861820 2.100000
v -1.200001 3.561820 2.200000
v -0.400001 3.561820 2.200000
v -1.100002 3.461820 2.200000
v -0.500001 3.461820 2.200000
v -1.202668 5.683606 2.099760
v -1.202668 5.683606 1.999760
v -0.401223 5.683606 1.999760
v -0.401223 5.683606 2.099760
v -1.202668 5.808606 2.099760
v -1.202668 5.808606 1.999760
v -0.401223 5.808606 2.099760
v -0.401223 5.808606 1.999760
v -0.401223 5.558760 2.099760
v -0.401223 5.558760 1.999760
v -1.202668 5.558760 2.099760
v -1.202668 5.558760 1.999760
v -1.202668 5.559523 1.999760
v -1.202668 5.559523 2.099760
v -0.401223 5.559523 2.099760
v -0.401223 5.559523 1.999760
v -1.202668 5.434523 1.999760
v -1.202668 5.434523 2.099760
v -0.401223 5.434523 1.999760
v -0.401223 5.434523 2.099760
v -1.202668 5.435287 1.999760
v -1.202668 5.435287 2.099760
v -0.401223 5.435287 2.099760
v -0.401223 5.435287 1.999760
v -1.202668 5.310287 1.999760
v -1.202668 5.310287 2.099760
v -0.401223 5.310287 1.999760
v -0.401223 5.310287 2.099760
v -1.202668 5.311052 1.999760
v -1.202668 5.311052 2.099760
v -0.401223 5.311051 2.099760
v -0.401223 5.311051 1.999760
v -1.202668 5.161205 1.999760
v -1.202668 5.161205 2.099760
v -0.401223 5.161204 1.999760
v -0.401223 5.161204 2.099760
v -1.202668 5.963770 2.099760
v -1.202668 5.963770 1.999760
v -0.401223 5.963770 2.099760
v -0.401223 5.963770 1.999760
v 0.397332 5.683606 2.099760
v 0.397332 5.683606 1.999760
v 1.198777 5.683606 1.999760
v 1.198777 5.683606 2.099760
v 0.397332 5.808606 2.099760
v 0.397332 5.808606 1.999760
v 1.198777 5.808606 2.099760
v 1.198777 5.808606 1.999760
v 0.397332 5.558759 2.099760
v 0.397332 5.558759 1.999760
v 1.198777 5.558759 1.999759
v 1.198777 5.558759 2.099760
v 1.198777 5.434523 1.999760
v 1.198777 5.434523 2.099760
v 0.397332 5.434523 2.099760
v 0.397332 5.434523 1.999760
v 1.198777 5.559523 1.999760
v 1.198777 5.559523 2.099760
v 0.397332 5.559523 1.999760
v 0.397332 5.559523 2.099760
v 0.397332 5.435287 1.999760
v 0.397332 5.435287 2.099760
v 1.198777 5.435287 2.099760
v 1.198777 5.435287 1.999760
v 0.397332 5.310287 1.999760
v 0.397332 5.310287 2.099760
v 1.198777 5.310287 1.999760
v 1.198777 5.310287 2.099760
v 0.397332 5.311052 1.999760
v 0.397332 5.311052 2.099760
v 1.198777 5.311051 2.099760
v 1.198777 5.311051 1.999760
v 0.397332 5.161205 1.999760
v 0.397332 5.161205 2.099760
v 1.198777 5.161204 1.999760
v 1.198777 5.161204 2.099760
v 0.397332 5.963770 2.099760
v 0.397332 5.963770 1.999760
v 1.198777 5.963770 2.099760
v 1.198777 5.963770 1.999760
v -1.208010 4.083606 2.099760
v -1.208010 4.083606 1.999760
v -0.406565 4.083606 1.999760
v -0.406565 4.083606 2.099760
v -1.208010 4.208606 2.099760
v -1.208010 4.208606 1.999760
v -0.406565 4.208606 2.099760
v -0.406565 4.208606 1.999760
v -0.406565 3.958760 2.099760
v -0.406565 3.958760 1.999760
v -1.208010 3.958760 2.099760
v -1.208010 3.958760 1.999760
v -1.208010 3.959523 1.999760
v -1.208010 3.959523 2.099760
v -0.406565 3.959523 2.099760
v -0.406565 3.959523 1.999760
v -1.208010 3.834523 1.999760
v -1.208010 3.834523 2.099760
v -0.406565 3.834523 1.999760
v -0.406565 3.834523 2.099760
v -1.208010 3.835287 1.999760
v -1.208010 3.835287 2.099760
v -0.406565 3.835287 2.099760
v -0.406565 3.835287 1.999760
v -1.208010 3.710287 1.999760
v -1.208010 3.710287 2.099760
v -0.406565 3.710287 1.999760
v -0.406565 3.710287 2.099760
v -1.208010 3.711052 1.999760
v -1.208010 3.711052 2.099760
v -0.406565 3.711051 2.099760
v -0.406565 3.711051 1.999760
v -1.208010 3.561205 1.999760
v -1.208010 3.561205 2.099760
v -0.406565 3.561204 1.999760
v -0.406565 3.561204 2.099760
v -1.208010 4.363770 2.099760
v -1.208010 4.363770 1.999760
v -0.406565 4.363770 2.099760
v -0.406565 4.363770 1.999760
v 2.974193 3.963753 1.900846
v 2.974193 3.963753 2.000847
v 2.974193 4.765198 2.000847
v 2.974193 4.765198 1.900846
v 3.099193 3.963753 1.900846
v 3.099193 3.963753 2.000847
v 3.099193 4.765198 1.900846
v 3.099193 4.765198 2.000847
v 0.391990 3.958759 2.099760
v 0.391990 3.958759 1.999760
v 1.193435 3.958759 1.999759
v 1.193435 3.958759 2.099760
v 0.391990 4.083759 2.099760
v 0.391990 4.083759 1.999760
v 1.193435 4.083759 2.099760
v 1.193435 4.083759 1.999760
v 1.193435 3.834523 1.999760
v 1.193435 3.834523 2.099760
v 0.391990 3.834523 2.099760
v 0.391990 3.834523 1.999760
v 1.193435 3.959523 1.999760
v 1.193435 3.959523 2.099760
v 0.391990 3.959523 1.999760
v 0.391990 3.959523 2.099760
v 0.391990 3.835287 1.999760
v 0.391990 3.835287 2.099760
v 1.193435 3.835287 2.099760
v 1.193435 3.835287 1.999760
v 0.391990 3.710287 1.999760
v 0.391990 3.710287 2.099760
v 1.193435 3.710287 1.999760
v 1.193435 3.710287 2.099760
v 0.391990 3.711052 1.999760
v 0.391990 3.711052 2.099760
v 1.193435 3.711051 2.099760
v 1.193435 3.711051 1.999760
v 0.391990 3.561205 1.999760
v 0.391990 3.561205 2.099760
v 1.193435 3.561204 1.999760
v 1.193435 3.561204 2.099760
v 1.193435 4.394716 1.999760
v 1.193435 4.394716 2.099760
v 0.391990 4.394716 1.999760
v 0.391990 4.394716 2.099760
v 1.193435 4.239716 2.099760
v 1.193435 4.239716 1.999760
v 0.391990 4.239716 1.999760
v 0.391990 4.239716 2.099760
v -1.208010 2.483606 2.099760
v -1.208010 2.483606 1.999760
v -0.406565 2.483606 1.999760
v -0.406565 2.483606 2.099760
v -1.208010 2.608606 2.099760
v -1.208010 2.608606 1.999760
v -0.406565 2.608606 2.099760
v -0.406565 2.608606 1.999760
v -0.406565 2.358760 2.099760
v -0.406565 2.358760 1.999760
v -1.208010 2.358760 2.099760
v -1.208010 2.358760 1.999760
v -1.208010 2.359523 1.999760
v -1.208010 2.359523 2.099760
v -0.406565 2.359523 2.099760
v -0.406565 2.359523 1.999760
v -1.208010 2.234523 1.999760
v -1.208010 2.234523 2.099760
v -0.406565 2.234523 1.999760
v -0.406565 2.234523 2.099760
v -1.208010 2.235287 1.999760
v -1.208010 2.235287 2.099760
v -0.406565 2.235287 2.099760
v -0.406565 2.235287 1.999760
v -1.208010 2.110287 1.999760
v -1.208010 2.110287 2.099760
v -0.406565 2.110287 1.999760
v -0.406565 2.110287 2.099760
v -1.208010 2.111052 1.999760
v -1.208010 2.111052 2.099760
v -0.406565 2.111051 2.099760
v -0.406565 2.111051 1.999760
v -1.208010 1.961205 1.999760
v -1.208010 1.961205 2.099760
v -0.406565 1.961204 1.999760
v -0.406565 1.961204 2.099760
v -1.208010 2.763770 2.099760
v -1.208010 2.763770 1.999760
v -0.406565 2.763770 2.099760
v -0.406565 2.763770 1.999760
v -1.202668 5.683606 -2.000240
v -1.202668 5.683606 -2.100240
v -0.401223 5.683606 -2.100240
v -0.401223 5.683606 -2.000240
v -1.202668 5.808606 -2.000240
v -1.202668 5.808606 -2.100240
v -0.401223 5.808606 -2.000240
v -0.401223 5.808606 -2.100240
v -0.401223 5.558760 -2.000240
v -0.401223 5.558760 -2.100240
v -1.202668 5.558760 -2.000240
v -1.202668 5.558760 -2.100240
v -1.202668 5.559523 -2.100240
v -1.202668 5.559523 -2.000240
v -0.401223 5.559523 -2.000240
v -0.401223 5.559523 -2.100240
v -1.202668 5.434523 -2.100240
v -1.202668 5.434523 -2.000240
v -0.401223 5.434523 -2.100240
v -0.401223 5.434523 -2.000240
v -1.202668 5.435287 -2.100240
v -1.202668 5.435287 -2.000240
v -0.401223 5.435287 -2.000240
v -0.401223 5.435287 -2.100240
v -1.202668 5.310287 -2.100240
v -1.202668 5.310287 -2.000240
v -0.401223 5.310287 -2.100240
v -0.401223 5.310287 -2.000240
v -1.202668 5.311052 -2.100240
v -1.202668 5.311052 -2.000240
v -0.401223 5.311051 -2.000240
v -0.401223 5.311051 -2.100240
v -1.202668 5.161205 -2.100240
v -1.202668 5.161205 -2.000240
v -0.401223 5.161204 -2.100240
v -0.401223 5.161204 -2.000240
v -1.202668 5.963770 -2.000240
v -1.202668 5.963770 -2.100240
v -0.401223 5.963770 -2.000240
v -0.401223 5.963770 -2.100240
v -0.401223 4.363770 -2.100240
v -0.401223 4.363770 -2.000240
v -1.202668 4.363770 -2.100240
v -1.202668 4.363770 -2.000240
v -0.401223 3.561204 -2.000240
v -0.401223 3.561204 -2.100240
v -1.202668 3.561205 -2.000240
v -1.202668 3.561205 -2.100240
v -0.401223 3.711051 -2.100240
v -0.401223 3.711051 -2.000240
v -1.202668 3.711052 -2.000240
v -1.202668 3.711052 -2.100240
v -0.401223 3.710287 -2.000240
v -0.401223 3.710287 -2.100240
v -1.202668 3.710287 -2.000240
v -1.202668 3.710287 -2.100240
v -0.401223 3.835287 -2.100240
v -0.401223 3.835287 -2.000240
v -1.202668 3.835287 -2.000240
v -1.202668 3.835287 -2.100240
v -0.401223 3.834523 -2.000240
v -0.401223 3.834523 -2.100240
v -1.202668 3.834523 -2.000240
v -1.202668 3.834523 -2.100240
v -0.401223 3.959523 -2.100240
v -0.401223 3.959523 -2.000240
v -1.202668 3.959523 -2.000240
v -1.202668 3.959523 -2.100240
v -1.202668 3.958760 -2.100240
v -1.202668 3.958760 -2.000240
v -0.401223 3.958760 -2.100240
v -0.401223 3.958760 -2.000240
v -0.401223 4.208606 -2.100240
v -0.401223 4.208606 -2.000240
v -1.202668 4.208606 -2.100240
v -1.202668 4.208606 -2.000240
v -0.401223 4.083606 -2.000240
v -0.401223 4.083606 -2.100240
v -1.202668 4.083606 -2.100240
v -1.202668 4.083606 -2.000240
v 1.198777 5.963770 -2.100240
v 1.198777 5.963770 -2.000240
v 0.397332 5.963770 -2.100240
v 0.397332 5.963770 -2.000240
v 1.198777 5.161204 -2.000240
v 1.198777 5.161204 -2.100240
v 0.397332 5.161205 -2.000240
v 0.397332 5.161205 -2.100240
v 1.198777 5.311051 -2.100240
v 1.198777 5.311051 -2.000240
v 0.397332 5.311052 -2.000240
v 0.397332 5.311052 -2.100240
v 1.198777 5.310287 -2.000240
v 1.198777 5.310287 -2.100240
v 0.397332 5.310287 -2.000240
v 0.397332 5.310287 -2.100240
v 1.198777 5.435287 -2.100240
v 1.198777 5.435287 -2.000240
v 0.397332 5.435287 -2.000240
v 0.397332 5.435287 -2.100240
v 1.198777 5.434523 -2.000240
v 1.198777 5.434523 -2.100240
v 0.397332 5.434523 -2.000240
v 0.397332 5.434523 -2.100240
v 1.198777 5.559523 -2.100240
v 1.198777 5.559523 -2.000240
v 0.397332 5.559523 -2.000240
v 0.397332 5.559523 -2.100240
v 0.397332 5.558760 -2.100240
v 0.397332 5.558760 -2.000240
v 1.198777 5.558760 -2.100240
v 1.198777 5.558760 -2.000240
v 1.198777 5.808606 -2.100240
v 1.198777 5.808606 -2.000240
v 0.397332 5.808606 -2.100240
v 0.397332 5.808606 -2.000240
v 1.198777 5.683606 -2.000240
v 1.198777 5.683606 -2.100240
v 0.397332 5.683606 -2.100240
v 0.397332 5.683606 -2.000240
v 0.007493 5.163232 -2.000241
v 0.007493 5.163232 -2.100240
v 0.007493 5.964605 -2.100240
v 0.007493 5.964605 -2.000241
v -0.242516 5.163232 -2.100240
v -0.242516 5.163232 -2.000241
v -0.242516 5.964605 -2.000241
v -0.242516 5.964605 -2.100240
v -0.117516 5.163232 -2.100240
v -0.117516 5.163232 -2.000241
v -0.117516 5.964605 -2.100240
v -0.117516 5.964605 -2.000241
v -0.242227 5.163232 -2.000241
v -0.242227 5.163232 -2.100240
v -0.242227 5.964605 -2.100240
v -0.242227 5.964605 -2.000241
v -0.401040 5.163232 -2.000241
v -0.401040 5.163232 -2.100240
v -0.401040 5.964605 -2.000241
v -0.401040 5.964605 -2.100240
v 0.399054 5.964605 -2.000241
v 0.399054 5.964605 -2.100241
v 0.399054 5.163232 -2.000241
v 0.399054 5.163232 -2.100241
v 0.257748 5.964605 -2.100241
v 0.257748 5.964605 -2.000241
v 0.257748 5.163232 -2.000241
v 0.257748 5.163232 -2.100241
v 0.007820 5.964605 -2.100240
v 0.007820 5.964605 -2.000241
v 0.007820 5.163232 -2.100240
v 0.007820 5.163232 -2.000241
v 0.132820 5.964605 -2.000241
v 0.132820 5.964605 -2.100240
v 0.132820 5.163232 -2.100240
v 0.132820 5.163232 -2.000241
v 0.007493 1.963232 -2.000241
v 0.007493 1.963232 -2.100240
v 0.007493 4.363233 -2.100240
v 0.007493 4.363233 -2.000241
v -0.242516 1.963232 -2.100240
v -0.242516 1.963232 -2.000241
v -0.242516 4.363233 -2.000241
v -0.242516 4.363233 -2.100240
v -0.117516 1.963232 -2.100240
v -0.117516 1.963232 -2.000241
v -0.117516 4.363233 -2.100240
v -0.117516 4.363233 -2.000241
v -0.401040 1.963232 -2.100240
v -0.401040 1.963232 -2.000241
v -0.401040 4.363233 -2.000241
v -0.401040 4.363233 -2.100240
v -0.242227 1.963232 -2.100240
v -0.242227 1.963232 -2.000241
v -0.242227 4.363233 -2.100240
v -0.242227 4.363233 -2.000241
v 0.399054 4.363233 -2.000241
v 0.399054 4.363233 -2.100241
v 0.399054 1.963232 -2.000241
v 0.399054 1.963232 -2.100241
v 0.257748 4.363233 -2.100241
v 0.257748 4.363233 -2.000241
v 0.257748 1.963232 -2.000241
v 0.257748 1.963232 -2.100241
v 0.007820 4.363233 -2.100240
v 0.007820 4.363233 -2.000241
v 0.007820 1.963232 -2.100240
v 0.007820 1.963232 -2.000241
v 0.132820 4.363233 -2.000241
v 0.132820 4.363233 -2.100240
v 0.132820 1.963232 -2.100240
v 0.132820 1.963232 -2.000241
v -0.401223 2.763770 -2.100240
v -0.401223 2.763770 -2.000240
v -1.202668 2.763770 -2.100240
v -1.202668 2.763770 -2.000240
v -0.401223 1.961204 -2.000240
v -0.401223 1.961204 -2.100240
v -1.202668 1.961205 -2.000240
v -1.202668 1.961205 -2.100240
v -0.401223 2.111051 -2.100240
v -0.401223 2.111051 -2.000240
v -1.202668 2.111052 -2.000240
v -1.202668 2.111052 -2.100240
v -0.401223 2.110287 -2.000240
v -0.401223 2.110287 -2.100240
v -1.202668 2.110287 -2.000240
v -1.202668 2.110287 -2.100240
v -0.401223 2.235287 -2.100240
v -0.401223 2.235287 -2.000240
v -1.202668 2.235287 -2.000240
v -1.202668 2.235287 -2.100240
v -0.401223 2.234523 -2.000240
v -0.401223 2.234523 -2.100240
v -1.202668 2.234523 -2.000240
v -1.202668 2.234523 -2.100240
v -0.401223 2.359523 -2.100240
v -0.401223 2.359523 -2.000240
v -1.202668 2.359523 -2.000240
v -1.202668 2.359523 -2.100240
v -1.202668 2.358760 -2.100240
v -1.202668 2.358760 -2.000240
v -0.401223 2.358760 -2.100240
v -0.401223 2.358760 -2.000240
v -0.401223 2.608606 -2.100240
v -0.401223 2.608606 -2.000240
v -1.202668 2.608606 -2.100240
v -1.202668 2.608606 -2.000240
v -0.401223 2.483606 -2.000240
v -0.401223 2.483606 -2.100240
v -1.202668 2.483606 -2.100240
v -1.202668 2.483606 -2.000240
v 1.198777 4.363770 -2.100240
v 1.198777 4.363770 -2.000240
v 0.397332 4.363770 -2.100240
v 0.397332 4.363770 -2.000240
v 1.198777 3.561204 -2.000240
v 1.198777 3.561204 -2.100240
v 0.397332 3.561205 -2.000240
v 0.397332 3.561205 -2.100240
v 1.198777 3.711051 -2.100240
v 1.198777 3.711051 -2.000240
v 0.397332 3.711052 -2.000240
v 0.397332 3.711052 -2.100240
v 1.198777 3.710287 -2.000240
v 1.198777 3.710287 -2.100240
v 0.397332 3.710287 -2.000240
v 0.397332 3.710287 -2.100240
v 1.198777 3.835287 -2.100240
v 1.198777 3.835287 -2.000240
v 0.397332 3.835287 -2.000240
v 0.397332 3.835287 -2.100240
v 1.198777 3.834523 -2.000240
v 1.198777 3.834523 -2.100240
v 0.397332 3.834523 -2.000240
v 0.397332 3.834523 -2.100240
v 1.198777 3.959523 -2.100240
v 1.198777 3.959523 -2.000240
v 0.397332 3.959523 -2.000240
v 0.397332 3.959523 -2.100240
v 0.397332 3.958760 -2.100240
v 0.397332 3.958760 -2.000240
v 1.198777 3.958760 -2.100240
v 1.198777 3.958760 -2.000240
v 1.198777 4.208606 -2.100240
v 1.198777 4.208606 -2.000240
v 0.397332 4.208606 -2.100240
v 0.397332 4.208606 -2.000240
v 1.198777 4.083606 -2.000240
v 1.198777 4.083606 -2.100240
v 0.397332 4.083606 -2.100240
v 0.397332 4.083606 -2.000240
v 1.198777 3.563770 -2.100240
v 1.198777 3.563770 -2.000240
v 0.397332 3.563770 -2.100240
v 0.397332 3.563770 -2.000240
v 1.198777 2.761204 -2.000240
v 1.198777 2.761204 -2.100240
v 0.397332 2.761205 -2.000240
v 0.397332 2.761205 -2.100240
v 1.198777 2.911051 -2.100240
v 1.198777 2.911051 -2.000240
v 0.397332 2.911052 -2.000240
v 0.397332 2.911052 -2.100240
v 1.198777 2.910287 -2.000240
v 1.198777 2.910287 -2.100240
v 0.397332 2.910287 -2.000240
v 0.397332 2.910287 -2.100240
v 1.198777 3.035287 -2.100240
v 1.198777 3.035287 -2.000240
v 0.397332 3.035287 -2.000240
v 0.397332 3.035287 -2.100240
v 1.198777 3.034523 -2.000240
v 1.198777 3.034523 -2.100240
v 0.397332 3.034523 -2.000240
v 0.397332 3.034523 -2.100240
v 1.198777 3.159523 -2.100240
v 1.198777 3.159523 -2.000240
v 0.397332 3.159523 -2.000240
v 0.397332 3.159523 -2.100240
v 0.397332 3.158760 -2.100240
v 0.397332 3.158760 -2.000240
v 1.198777 3.158760 -2.100240
v 1.198777 3.158760 -2.000240
v 1.198777 3.408606 -2.100240
v 1.198777 3.408606 -2.000240
v 0.397332 3.408606 -2.100240
v 0.397332 3.408606 -2.000240
v 1.198777 3.283606 -2.000240
v 1.198777 3.283606 -2.100240
v 0.397332 3.283606 -2.100240
v 0.397332 3.283606 -2.000240
v 1.198777 2.763770 -2.100240
v 1.198777 2.763770 -2.000240
v 0.397332 2.763770 -2.100240
v 0.397332 2.763770 -2.000240
v 1.198777 1.961204 -2.000240
v 1.198777 1.961204 -2.100240
v 0.397332 1.961205 -2.000240
v 0.397332 1.961205 -2.100240
v 1.198777 2.111051 -2.100240
v 1.198777 2.111051 -2.000240
v 0.397332 2.111052 -2.000240
v 0.397332 2.111052 -2.100240
v 1.198777 2.110287 -2.000240
v 1.198777 2.110287 -2.100240
v 0.397332 2.110287 -2.000240
v 0.397332 2.110287 -2.100240
v 1.198777 2.235287 -2.100240
v 1.198777 2.235287 -2.000240
v 0.397332 2.235287 -2.000240
v 0.397332 2.235287 -2.100240
v 1.198777 2.234523 -2.000240
v 1.198777 2.234523 -2.100240
v 0.397332 2.234523 -2.000240
v 0.397332 2.234523 -2.100240
v 1.198777 2.359523 -2.100240
v 1.198777 2.359523 -2.000240
v 0.397332 2.359523 -2.000240
v 0.397332 2.359523 -2.100240
v 0.397332 2.358760 -2.100240
v 0.397332 2.358760 -2.000240
v 1.198777 2.358760 -2.100240
v 1.198777 2.358760 -2.000240
v 1.198777 2.608606 -2.100240
v 1.198777 2.608606 -2.000240
v 0.397332 2.608606 -2.100240
v 0.397332 2.608606 -2.000240
v 1.198777 2.483606 -2.000240
v 1.198777 2.483606 -2.100240
v 0.397332 2.483606 -2.100240
v 0.397332 2.483606 -2.000240
v -2.001414 3.963232 1.625276
v -2.001414 5.963233 1.625276
v -1.901414 5.963233 1.625276
v -1.901414 3.963232 1.750276
v -2.001414 3.963232 1.750276
v -1.901414 5.963233 1.750276
v -2.001414 5.963233 1.750276
v -1.901414 3.963232 1.875284
v -1.901414 5.963233 1.875284
v -2.001414 5.963233 1.875284
v -2.001414 5.963233 1.874996
v -1.901414 5.963233 1.874996
v -1.901414 5.963233 1.999996
v -2.001414 5.963233 1.999996
v -1.901414 5.963233 1.250021
v -2.001414 5.963233 1.250021
v -1.901414 3.963232 1.250021
v -2.001414 3.963232 1.250021
v -1.901415 3.963232 1.499934
v -2.001415 3.963232 1.499934
v -1.901414 5.963233 1.499934
v -2.001414 5.963233 1.499934
v -2.001415 3.963232 1.374934
v -1.901415 3.963232 1.374934
v -1.901414 5.963233 1.374934
v -2.001414 5.963233 1.374934
v -2.001414 5.963233 1.624948
v -1.901414 5.963233 1.624948
v -2.001414 3.963232 1.624948
v -2.001414 5.963233 -2.000000
v -1.901414 5.963233 -2.000000
v -1.901414 3.963232 -1.875000
v -2.001414 3.963232 -1.875000
v -1.901414 5.963233 -1.875000
v -2.001414 5.963233 -1.875000
v -1.901414 3.963232 -1.749999
v -2.001414 3.963232 -1.749999
v -1.901414 5.963233 -1.749999
v -2.001414 5.963233 -1.749999
v -1.901414 3.963232 -1.374724
v -2.001414 5.963233 -1.374724
v -1.901414 5.963233 -1.374724
v -1.901414 5.963233 -1.249724
v -2.001414 5.963233 -1.249724
v -1.901415 3.963232 -1.500066
v -1.901414 5.963233 -1.500066
v -2.001414 5.963233 -1.500066
v -2.001415 3.963232 -1.625066
v -1.901415 3.963232 -1.625066
v -1.901414 5.963233 -1.625066
v -2.001414 5.963233 -1.625066
v -2.001414 5.963233 -1.375052
v -1.901414 5.963233 -1.375052
v -1.901414 3.963232 -1.375052
v -1.901414 1.963232 -2.000000
v -2.001414 1.963232 -2.000000
v -2.001414 3.963232 -2.000000
v -1.901414 1.963232 -1.875000
v -2.001414 1.963232 -1.875000
v -1.901414 1.963232 -1.749999
v -2.001414 1.963232 -1.749999
v -1.901414 1.963232 -1.374724
v -2.001414 1.963232 -1.374724
v -2.001414 3.963232 -1.374724
v -1.901414 1.963232 -1.249724
v -2.001414 1.963232 -1.249724
v -1.901414 3.963232 -1.249724
v -2.001414 3.963232 -1.249724
v -1.901415 1.963232 -1.500066
v -2.001415 1.963232 -1.500066
v -2.001414 3.963232 -1.500066
v -2.001415 1.963232 -1.625066
v -1.901415 1.963232 -1.625066
v -2.001414 3.963232 -1.375052
v -2.001414 1.963232 -1.375052
v -1.901414 1.963232 -1.375052
v -1.901414 1.963232 1.625276
v -2.001414 1.963232 1.625276
v -1.901414 3.963232 1.625276
v -1.901414 1.963232 1.750276
v -2.001414 1.963232 1.750276
v -2.001414 1.963232 1.875284
v -1.901414 1.963232 1.875284
v -2.001414 3.963232 1.875284
v -1.901414 1.963232 1.874996
v -2.001414 1.963232 1.874996
v -2.001414 3.963232 1.874996
v -1.901414 3.963232 1.874996
v -1.901414 1.963232 1.999996
v -2.001414 1.963232 1.999996
v -2.001414 3.963232 1.999996
v -1.901414 1.963232 1.250021
v -2.001414 1.963232 1.250021
v -1.901415 1.963232 1.499934
v -2.001415 1.963232 1.499934
v -2.001415 1.963232 1.374934
v -1.901415 1.963232 1.374934
v -1.901414 3.963232 1.624948
v -2.001414 1.963232 1.624948
v -1.901414 1.963232 1.624948
v -1.900934 2.483606 1.250338
v -2.000935 2.483606 1.250338
v -2.000935 2.483606 -1.249246
v -1.900935 2.483606 -1.249246
v -1.900934 2.608606 1.250338
v -2.000935 2.608606 1.250338
v -1.900935 2.608606 -1.249246
v -2.000935 2.608606 -1.249246
v -1.900935 2.358760 -1.249247
v -2.000935 2.358760 -1.249247
v -1.900934 2.358760 1.250338
v -2.000935 2.358760 1.250338
v -2.000934 2.359523 1.250338
v -1.900934 2.359523 1.250338
v -1.900934 2.359523 -1.249246
v -2.000934 2.359523 -1.249246
v -2.000934 2.234523 1.250338
v -1.900934 2.234523 1.250338
v -2.000935 2.234523 -1.249246
v -1.900934 2.234523 -1.249246
v -2.000934 2.235287 1.250338
v -1.900934 2.235287 1.250338
v -1.900934 2.235287 -1.249246
v -2.000935 2.235287 -1.249246
v -2.000934 2.110287 1.250338
v -1.900934 2.110287 1.250338
v -2.000935 2.110287 -1.249246
v -1.900934 2.110287 -1.249246
v -2.000934 2.111052 1.250338
v -1.900934 2.111052 1.250338
v -1.900934 2.111051 -1.249246
v -2.000935 2.111051 -1.249246
v -2.000934 1.961205 1.250338
v -1.900934 1.961205 1.250338
v -2.000935 1.961204 -1.249246
v -1.900934 1.961204 -1.249246
v -1.900934 2.763770 1.250338
v -2.000935 2.763770 1.250338
v -1.900935 2.763770 -1.249246
v -2.000935 2.763770 -1.249246
v -1.900934 4.083606 1.250338
v -2.000935 4.083606 1.250338
v -2.000935 4.083606 -1.249246
v -1.900935 4.083606 -1.249246
v -1.900934 4.208606 1.250338
v -2.000935 4.208606 1.250338
v -1.900935 4.208606 -1.249246
v -2.000935 4.208606 -1.249246
v -1.900935 3.958760 -1.249247
v -2.000935 3.958760 -1.249247
v -1.900934 3.958760 1.250338
v -2.000935 3.958760 1.250338
v -2.000934 3.959523 1.250338
v -1.900934 3.959523 1.250338
v -1.900934 3.959523 -1.249246
v -2.000934 3.959523 -1.249246
v -2.000934 3.834523 1.250338
v -1.900934 3.834523 1.250338
v -2.000935 3.834523 -1.249246
v -1.900934 3.834523 -1.249246
v -2.000934 3.835287 1.250338
v -1.900934 3.835287 1.250338
v -1.900934 3.835287 -1.249246
v -2.000935 3.835287 -1.249246
v -2.000934 3.710287 1.250338
v -1.900934 3.710287 1.250338
v -2.000935 3.710287 -1.249246
v -1.900934 3.710287 -1.249246
v -2.000934 3.711052 1.250338
v -1.900934 3.711052 1.250338
v -1.900934 3.711051 -1.249246
v -2.000935 3.711051 -1.249246
v -2.000934 3.561205 1.250338
v -1.900934 3.561205 1.250338
v -2.000935 3.561204 -1.249246
v -1.900934 3.561204 -1.249246
v -1.900934 4.363770 1.250338
v -2.000935 4.363770 1.250338
v -1.900935 4.363770 -1.249246
v -2.000935 4.363770 -1.249246
v -1.900934 4.883606 1.250338
v -2.000935 4.883606 1.250338
v -2.000935 4.883606 -1.249246
v -1.900935 4.883606 -1.249246
v -1.900934 5.008606 1.250338
v -2.000935 5.008606 1.250338
v -1.900935 5.008606 -1.249246
v -2.000935 5.008606 -1.249246
v -1.900935 4.758760 -1.249247
v -2.000935 4.758760 -1.249247
v -1.900934 4.758760 1.250338
v -2.000935 4.758760 1.250338
v -2.000934 4.759523 1.250338
v -1.900934 4.759523 1.250338
v -1.900934 4.759523 -1.249246
v -2.000934 4.759523 -1.249246
v -2.000934 4.634523 1.250338
v -1.900934 4.634523 1.250338
v -2.000935 4.634523 -1.249246
v -1.900934 4.634523 -1.249246
v -2.000934 4.635288 1.250338
v -1.900934 4.635288 1.250338
v -1.900934 4.635288 -1.249246
v -2.000935 4.635288 -1.249246
v -2.000934 4.510288 1.250338
v -1.900934 4.510288 1.250338
v -2.000935 4.510288 -1.249246
v -1.900934 4.510288 -1.249246
v -2.000934 4.511052 1.250338
v -1.900934 4.511052 1.250338
v -1.900934 4.511052 -1.249246
v -2.000935 4.511052 -1.249246
v -2.000934 4.361205 1.250338
v -1.900934 4.361205 1.250338
v -2.000935 4.361205 -1.249246
v -1.900934 4.361205 -1.249246
v -1.900934 5.163770 1.250338
v -2.000935 5.163770 1.250338
v -1.900935 5.163770 -1.249246
v -2.000935 5.163770 -1.249246
v -1.900934 5.683607 1.250338
v -2.000935 5.683607 1.250338
v -2.000935 5.683607 -1.249246
v -1.900935 5.683607 -1.249246
v -1.900934 5.808607 1.250338
v -2.000935 5.808607 1.250338
v -1.900935 5.808607 -1.249246
v -2.000935 5.808607 -1.249246
v -1.900935 5.558761 -1.249247
v -2.000935 5.558761 -1.249247
v -1.900934 5.558761 1.250338
v -2.000935 5.558761 1.250338
v -2.000934 5.559524 1.250338
v -1.900934 5.559524 1.250338
v -1.900934 5.559524 -1.249246
v -2.000934 5.559524 -1.249246
v -2.000934 5.434524 1.250338
v -1.900934 5.434524 1.250338
v -2.000935 5.434524 -1.249246
v -1.900934 5.434524 -1.249246
v -2.000934 5.435288 1.250338
v -1.900934 5.435288 1.250338
v -1.900934 5.435288 -1.249246
v -2.000935 5.435288 -1.249246
v -2.000934 5.310288 1.250338
v -1.900934 5.310288 1.250338
v -2.000935 5.310288 -1.249246
v -1.900934 5.310288 -1.249246
v -2.000934 5.311052 1.250338
v -1.900934 5.311052 1.250338
v -1.900934 5.311052 -1.249246
v -2.000935 5.311052 -1.249246
v -2.000934 5.161205 1.250338
v -1.900934 5.161205 1.250338
v -2.000935 5.161205 -1.249246
v -1.900934 5.161205 -1.249246
v -1.900934 5.963770 1.250338
v -2.000935 5.963770 1.250338
v -1.900935 5.963770 -1.249246
v -2.000935 5.963770 -1.249246
v -1.202826 4.361820 -2.100000
v 1.197174 4.361820 -2.200000
v -1.202826 4.361820 -2.200000
v -1.102826 4.461820 -2.100000
v -1.102826 4.461820 -2.200000
v -1.901414 -0.003434 -2.000000
v -1.901413 7.096565 -2.000000
v -1.701413 7.196565 -2.000000
v -1.701414 -0.003434 -1.875000
v -1.901413 7.096565 -1.875000
v -1.701413 7.196565 -1.875000
v -1.701414 -0.003434 1.874966
v -1.901414 -0.003434 1.874966
v -1.901414 7.096565 1.874966
v -1.701414 7.196565 1.874966
v 1.898586 7.096565 1.873952
v 1.898586 -0.003434 1.873952
v 1.698586 -0.003434 1.873952
v 1.898586 -0.003434 1.998952
v 1.698586 -0.003434 1.998952
v 1.898586 7.096565 -1.875801
v 1.698586 7.196565 -1.875801
v 1.898586 7.096565 -2.000802
v 1.698586 7.196565 -2.000802
v -1.201414 4.363233 -2.000000
v -1.201414 5.163233 -2.000000
v -1.101414 4.463233 -2.000000
v -1.101414 5.063233 -2.000000
v 1.198586 5.160408 -2.000000
v 1.198586 4.360407 -2.000000
v 1.198586 5.160408 -2.100000
v 1.198586 4.360407 -2.100000
v 1.098586 5.060408 -2.000000
v 1.098586 4.460408 -2.000000
v -1.200001 5.161820 -2.000000
v 1.199999 5.161820 -2.000000
v -1.100001 5.061821 -2.000000
v 1.099999 5.061821 -2.000000
v 1.197174 4.361820 -2.000000
v -1.202826 4.361820 -2.000000
v 1.097174 4.461820 -2.000000
v -1.102826 4.461820 -2.000000
v -1.216944 2.763232 -2.000000
v -1.216944 3.563232 -2.000000
v -1.216944 2.763232 -2.100000
v -1.216944 3.563232 -2.100000
v -1.116943 2.863232 -2.000000
v -1.116943 3.463232 -2.000000
v -1.116943 3.463232 -2.100000
v -0.416943 3.560407 -2.000000
v -0.416943 2.760407 -2.000000
v -0.416943 2.760407 -2.100000
v -0.516943 3.460407 -2.000000
v -0.516943 2.860407 -2.000000
v -0.418356 2.761820 -2.000000
v -1.218356 2.761820 -2.000000
v -1.218356 2.761820 -2.100000
v -0.518356 2.861820 -2.000000
v -1.118356 2.861820 -2.000000
v -0.518356 2.861820 -2.100000
v -1.118356 2.861820 -2.100000
v -1.215531 3.561820 -2.000000
v -0.415531 3.561820 -2.000000
v -1.215531 3.561820 -2.100000
v -1.115531 3.461820 -2.000000
v -0.515531 3.461820 -2.000000
v -1.115531 3.461820 -2.100000
v -1.701414 -0.003434 -2.000000
v -1.901414 -0.003434 -1.875000
v -1.701414 -0.003434 1.999966
v -1.901414 -0.003434 1.999966
v -1.701414 7.196565 1.999966
v -1.901414 7.096565 1.999966
v 1.698586 7.196565 1.873952
v 1.898586 7.096565 1.998952
v 1.698586 7.196565 1.998952
v 1.898585 -0.003434 -1.875801
v 1.698585 -0.003434 -1.875801
v 1.898585 -0.003434 -2.000802
v 1.698585 -0.003434 -2.000802
v -1.900935 7.008770 2.000339
v -2.000935 7.008770 2.000339
v -2.000935 7.008770 -1.999246
v -1.900934 7.008770 -1.999246
v -1.900935 7.163770 2.000339
v -2.000935 7.163770 2.000339
v -1.900934 7.163770 -1.999246
v -2.000935 7.163770 -1.999246
v 1.999065 7.008770 1.985269
v 1.899065 7.008770 1.985269
v 1.899065 7.008770 -2.014316
v 1.999066 7.008770 -2.014316
v 1.999065 7.163770 1.985269
v 1.899065 7.163770 1.985269
v 1.999066 7.163770 -2.014316
v 1.899065 7.163770 -2.014316
v 2.001651 7.020112 2.000089
v 2.001651 7.020112 2.100089
v -1.997933 7.020112 2.100089
v -1.997933 7.020112 2.000089
v 2.001651 7.175111 2.000089
v 2.001651 7.175111 2.100089
v -1.997933 7.175111 2.000089
v -1.997933 7.175111 2.100089
v 1.996720 7.020112 -2.099911
v 1.996720 7.020112 -1.999911
v -2.002864 7.020112 -1.999911
v -2.002864 7.020112 -2.099911
v 1.996720 7.175111 -2.099911
v 1.996720 7.175111 -1.999911
v -2.002864 7.175111 -2.099911
v -2.002864 7.175111 -1.999911
v -1.774788 2.757746 2.899760
v -1.774788 2.757746 2.999760
v -1.774788 1.956301 2.999760
v -1.774788 1.956301 2.899760
v -1.899788 2.757746 2.899760
v -1.899788 2.757746 2.999760
v -1.899788 1.956301 2.899760
v -1.899788 1.956301 2.999760
v 0.295212 2.757746 2.899760
v 0.295212 2.757746 2.999760
v 0.295212 1.956301 2.999760
v 0.295212 1.956301 2.899760
v 0.170212 2.757746 2.899760
v 0.170212 2.757746 2.999760
v 0.170212 1.956301 2.899760
v 0.170212 1.956301 2.999760
v -0.004788 2.757746 2.899760
v -0.004788 2.757746 2.999760
v -0.004788 1.956301 2.999760
v -0.004788 1.956301 2.899760
v -0.129788 2.757746 2.899760
v -0.129788 2.757746 2.999760
v -0.129788 1.956301 2.899760
v -0.129788 1.956301 2.999760
v -0.298971 2.757746 2.899760
v -0.298970 2.757746 2.999760
v -0.298971 1.956301 2.999760
v -0.298971 1.956301 2.899760
v -0.423971 2.757746 2.899760
v -0.423971 2.757746 2.999760
v -0.423971 1.956301 2.899760
v -0.423971 1.956301 2.999760
v -0.598971 2.757746 2.899760
v -0.598970 2.757746 2.999760
v -0.598971 1.956301 2.999760
v -0.598971 1.956301 2.899760
v -0.723971 2.757746 2.899760
v -0.723971 2.757746 2.999760
v -0.723971 1.956301 2.899760
v -0.723971 1.956301 2.999760
v -1.023971 2.757746 2.999760
v -1.023971 2.757746 2.899760
v -1.023971 1.956301 2.899760
v -1.023971 1.956301 2.999760
v -0.898971 2.757746 2.999760
v -0.898971 2.757746 2.899760
v -0.898971 1.956301 2.999760
v -0.898971 1.956301 2.899760
v -1.198971 2.757746 2.899760
v -1.198971 2.757746 2.999760
v -1.198971 1.956301 2.999760
v -1.198971 1.956301 2.899760
v -1.323971 2.757746 2.899760
v -1.323971 2.757746 2.999760
v -1.323971 1.956301 2.899760
v -1.323971 1.956301 2.999760
v 1.070212 2.757746 2.799760
v 1.070212 2.757746 2.699760
v 1.070212 1.956301 2.699760
v 1.070212 1.956301 2.799760
v 1.195212 2.757746 2.799760
v 1.195212 2.757746 2.699760
v 1.195212 1.956301 2.799760
v 1.195212 1.956301 2.699760
v 1.070212 2.757746 2.999760
v 1.070212 2.757746 3.099760
v 1.070212 1.956301 2.999760
v 1.070212 1.956301 3.099760
v 1.195212 2.757746 3.099760
v 1.195212 2.757746 2.999760
v 1.195212 1.956301 2.999760
v 1.195212 1.956301 3.099760
v -1.623971 1.956301 2.899760
v -1.623971 1.956301 2.999760
v -1.623971 2.757746 2.999760
v -1.623971 2.757746 2.899760
v -1.498971 1.956301 2.899760
v -1.498971 1.956301 2.999760
v -1.498971 2.757746 2.899760
v -1.498971 2.757746 2.999760
v 1.070212 1.956301 2.399760
v 1.070212 1.956301 2.499760
v 1.070212 2.757746 2.499760
v 1.070212 2.757746 2.399760
v 1.195212 1.956301 2.399760
v 1.195212 1.956301 2.499760
v 1.195212 2.757746 2.399760
v 1.195212 2.757746 2.499760
v 1.195212 2.757746 3.599760
v 1.195212 2.757746 3.699760
v 1.195212 1.956301 3.699760
v 1.195212 1.956301 3.599760
v 1.070212 2.757746 3.599760
v 1.070212 2.757746 3.699760
v 1.070212 1.956301 3.599760
v 1.070212 1.956301 3.699760
v 1.195212 1.956301 3.899760
v 1.195212 1.956301 3.999760
v 1.195212 2.757746 3.899760
v 1.195212 2.757746 3.999760
v 1.070212 1.956301 3.999760
v 1.070212 1.956301 3.899760
v 1.070212 2.757746 3.899760
v 1.070212 2.757746 3.999760
v 1.070212 2.757746 3.399760
v 1.070212 2.757746 3.299760
v 1.070212 1.956301 3.299760
v 1.070212 1.956301 3.399760
v 1.195212 2.757746 3.399760
v 1.195212 2.757746 3.299760
v 1.195212 1.956301 3.399760
v 1.195212 1.956301 3.299760
v -1.899788 2.757746 2.699760
v -1.899788 2.757746 2.599760
v -1.899788 1.956301 2.599760
v -1.899788 1.956301 2.699760
v -1.774788 2.757746 2.699760
v -1.774788 2.757746 2.599760
v -1.774788 1.956301 2.699760
v -1.774788 1.956301 2.599760
v -1.774788 2.757746 2.299760
v -1.774788 2.757746 2.399760
v -1.774788 1.956301 2.399760
v -1.774788 1.956301 2.299760
v -1.899788 2.757746 2.299760
v -1.899788 2.757746 2.399760
v -1.899788 1.956301 2.299760
v -1.899788 1.956301 2.399760
v 0.770212 1.956301 3.999760
v 0.770212 1.956301 3.899760
v 0.770212 2.757746 3.999760
v 0.770212 2.757746 3.899760
v 0.895212 1.956301 3.899760
v 0.895212 1.956301 3.999760
v 0.895212 2.757746 3.999760
v 0.895212 2.757746 3.899760
v 0.595212 1.956301 3.899760
v 0.595212 1.956301 3.999760
v 0.595212 2.757746 3.899760
v 0.595212 2.757746 3.999760
v 0.470212 1.956301 3.999760
v 0.470212 1.956301 3.899760
v 0.470212 2.757746 3.899760
v 0.470212 2.757746 3.999760
v -1.900016 2.857861 2.887260
v -1.900016 2.757860 2.887260
v 0.294758 2.857861 2.887260
v 0.294758 2.757861 2.887260
v -1.900016 2.757860 3.012260
v -1.900016 2.857861 3.012260
v 0.294758 2.857861 3.012260
v 0.294758 2.757860 3.012260
v 0.131990 2.857861 3.887260
v 0.131990 2.757860 3.887260
v 1.183639 2.857861 3.887260
v 1.183639 2.757861 3.887260
v 0.131990 2.757860 4.012260
v 0.131990 2.857861 4.012260
v 1.183639 2.857861 4.012260
v 1.183639 2.757860 4.012260
v 1.195190 2.857861 3.899738
v 1.195190 2.757861 2.200204
v 1.195190 2.857861 2.200204
v 1.070190 2.857861 3.899738
v 1.070190 2.757861 2.200204
v 1.070190 2.857861 2.200204
v -1.774832 2.857861 2.099709
v -1.774832 2.757860 2.099709
v -1.774833 2.857861 2.887232
v -1.774833 2.757861 2.887232
v -1.899833 2.757860 2.099709
v -1.899833 2.857861 2.099709
v -1.811721 1.117089 3.887260
v -1.812094 0.985311 3.887260
v 0.172780 3.042117 3.887260
v 0.172407 2.910339 3.887260
v -1.812094 0.985311 4.000667
v -1.811720 1.117088 4.000667
v 0.172780 3.042117 4.000667
v 0.172407 2.910339 4.000667
v 0.172407 2.910339 3.111230
v 0.172780 3.042117 3.111230
v -1.811720 1.117088 3.111230
v -1.812094 0.985311 3.111230
v 0.172407 2.910339 2.999819
v 0.172780 3.042117 2.999819
v -1.812094 0.985311 2.999819
v -1.811721 1.117089 2.999819
v 2.958555 3.863461 -1.999780
v 2.958555 3.963461 -1.999780
v 2.968555 3.863461 2.000726
v 2.968555 3.963461 2.000726
v 3.113555 3.963461 -1.999780
v 3.113555 3.863461 -1.999780
v 3.123555 3.863461 2.000726
v 3.123555 3.963461 2.000726
v 2.998586 3.963232 2.000000
v 2.674193 4.770006 2.000847
v 2.674193 4.770006 1.900847
v 2.674193 3.968560 1.900846
v 2.674193 3.968560 2.000847
v 2.799193 4.770006 2.000847
v 2.799193 4.770006 1.900847
v 2.799193 3.968560 2.000847
v 2.799193 3.968560 1.900846
v 2.374193 3.968561 1.900846
v 2.374193 3.968561 2.000846
v 2.374193 4.770007 2.000847
v 2.374193 4.770007 1.900846
v 2.499193 3.968561 1.900846
v 2.499193 3.968561 2.000846
v 2.499193 4.770007 1.900846
v 2.499193 4.770007 2.000847
v 2.974193 3.963753 -2.000087
v 2.974193 3.963753 -1.900087
v 2.974193 4.765198 -1.900087
v 2.974193 4.765198 -2.000087
v 3.099193 3.963753 -2.000087
v 3.099193 3.963753 -1.900087
v 3.099193 4.765198 -2.000087
v 3.099193 4.765198 -1.900087
v 2.674193 4.770006 -1.901205
v 2.674193 4.770006 -2.001205
v 2.674193 3.968560 -2.001205
v 2.674193 3.968560 -1.901205
v 2.799193 4.770006 -1.901205
v 2.799193 4.770006 -2.001205
v 2.799193 3.968560 -1.901205
v 2.799193 3.968560 -2.001205
v 2.374193 3.968561 -2.001205
v 2.374193 3.968561 -1.901205
v 2.374193 4.770007 -1.901205
v 2.374193 4.770007 -2.001205
v 2.499193 3.968561 -2.001205
v 2.499193 3.968561 -1.901205
v 2.499193 4.770007 -2.001205
v 2.499193 4.770007 -1.901205
v 2.958555 4.766270 2.000726
v 2.958555 4.866270 2.000726
v 2.968555 4.866270 -1.999779
v 2.968555 4.766270 -1.999779
v 3.113555 4.766270 2.000726
v 3.113555 4.866270 2.000726
v 3.123555 4.766270 -1.999779
v 3.123555 4.866270 -1.999779
v 2.001139 4.866270 1.901944
v 2.001139 4.766270 1.901944
v 2.958953 4.866270 1.899727
v 2.958953 4.766270 1.899727
v 2.002407 4.766270 2.001289
v 2.002407 4.866270 2.001289
v 2.960221 4.866270 1.999071
v 2.960221 4.766270 1.999071
v 2.001139 4.866270 -1.999360
v 2.001139 4.766270 -1.999360
v 2.966780 4.866270 -2.001578
v 2.966780 4.766270 -2.001578
v 2.002407 4.766270 -1.900016
v 2.002407 4.866270 -1.900016
v 2.968048 4.866270 -1.902234
v 2.968048 4.766270 -1.902234
v 3.099193 4.765198 -1.700087
v 3.099193 4.765198 -1.600087
v 3.099193 3.963753 -1.600087
v 3.099193 3.963753 -1.700087
v 2.974193 4.765198 -1.700087
v 2.974193 4.765198 -1.600087
v 2.974193 3.963753 -1.700087
v 2.974193 3.963753 -1.600087
v 2.974193 3.963753 -1.400087
v 2.974193 3.963753 -1.300087
v 2.974193 4.765198 -1.300087
v 2.974193 4.765198 -1.400087
v 3.099193 3.963753 -1.400087
v 3.099193 3.963753 -1.300087
v 3.099193 4.765198 -1.400087
v 3.099193 4.765198 -1.300087
v 2.974193 4.765198 -1.000087
v 2.974193 4.765198 -1.100087
v 2.974193 3.963753 -1.100087
v 2.974193 3.963753 -1.000087
v 3.099193 4.765198 -1.000087
v 3.099193 4.765198 -1.100087
v 3.099193 3.963753 -1.000087
v 3.099193 3.963753 -1.100087
v 2.974193 3.963753 -0.700087
v 2.974193 4.765198 -0.700087
v 2.974193 4.765198 -0.800087
v 3.099193 4.765198 -0.700087
v 2.974193 3.963753 -0.800087
v 3.099193 3.963753 -0.800087
v 3.099193 3.963753 -0.700087
v 3.099193 4.765198 -0.800087
v 3.099193 4.765198 -0.500087
v 3.099193 4.765198 -0.400087
v 3.099193 3.963753 -0.400087
v 3.099193 3.963753 -0.500087
v 2.974193 4.765198 -0.500087
v 2.974193 4.765198 -0.400087
v 2.974193 3.963753 -0.500087
v 2.974193 3.963753 -0.400087
v 2.974193 3.963753 -0.200087
v 2.974193 3.963753 -0.100087
v 2.974193 4.765198 -0.100087
v 2.974193 4.765198 -0.200087
v 3.099193 3.963753 -0.200087
v 3.099193 3.963753 -0.100087
v 3.099193 4.765198 -0.200087
v 3.099193 4.765198 -0.100087
v 3.099193 3.963753 0.199913
v 3.099193 3.963753 0.099913
v 3.099193 4.765198 0.099913
v 3.099193 4.765198 0.199913
v 2.974193 3.963753 0.199913
v 2.974193 3.963753 0.099913
v 2.974193 4.765198 0.199913
v 2.974193 4.765198 0.099913
v 2.974193 4.765198 0.499913
v 2.974193 4.765198 0.399913
v 2.974193 3.963753 0.399913
v 2.974193 3.963753 0.499913
v 3.099193 4.765198 0.499913
v 3.099193 4.765198 0.399913
v 3.099193 3.963753 0.499913
v 3.099193 3.963753 0.399913
v 2.974193 3.963753 0.699913
v 2.974193 3.963753 0.799913
v 2.974193 4.765198 0.799913
v 2.974193 4.765198 0.699913
v 3.099193 3.963753 0.699913
v 3.099193 3.963753 0.799913
v 3.099193 4.765198 0.699913
v 3.099193 4.765198 0.799913
v 2.974193 4.776736 1.099913
v 2.974193 4.776736 0.999913
v 2.974193 3.975291 0.999913
v 2.974193 3.975291 1.099913
v 3.099193 4.776736 1.099913
v 3.099193 4.776736 0.999913
v 3.099193 3.975291 1.099913
v 3.099193 3.975291 0.999913
v 2.974193 3.981061 1.299913
v 2.974193 3.981061 1.399913
v 2.974193 4.782506 1.399913
v 2.974193 4.782506 1.299913
v 3.099193 3.981061 1.299913
v 3.099193 3.981061 1.399913
v 3.099193 4.782506 1.299913
v 3.099193 4.782506 1.399913
v 3.099193 3.981061 1.699913
v 3.099193 3.981061 1.599913
v 3.099193 4.782506 1.599913
v 3.099193 4.782506 1.699913
v 2.974193 3.981061 1.699913
v 2.974193 3.981061 1.599913
v 2.974193 4.782506 1.699913
v 2.974193 4.782506 1.599913
v 2.001139 3.966270 1.901944
v 2.001139 3.866269 1.901944
v 2.958953 3.966270 1.899727
v 2.958953 3.866270 1.899727
v 2.002407 3.866269 2.001289
v 2.002407 3.966270 2.001289
v 2.960221 3.966270 1.999071
v 2.960221 3.866270 1.999071
v 2.001139 3.866269 -1.902234
v 2.001139 3.966270 -1.902234
v 2.966780 3.866269 -1.900016
v 2.966780 3.966269 -1.900016
v 2.002407 3.966270 -2.001578
v 2.002407 3.866269 -2.001578
v 2.968048 3.866269 -1.999360
v 2.968048 3.966269 -1.999360
v 1.999066 5.683607 0.998639
v 1.899065 5.683607 0.998639
v 1.899065 5.683607 -1.000733
v 1.999066 5.683607 -1.000733
v 1.999066 5.808607 0.998639
v 1.899065 5.808607 0.998639
v 1.999066 5.808607 -1.000733
v 1.899065 5.808607 -1.000733
v 1.999066 5.558761 -1.000733
v 1.899065 5.558761 -1.000733
v 1.999066 5.558761 0.998639
v 1.899065 5.558761 0.998639
v 1.999066 5.963770 0.998639
v 1.899065 5.963770 0.998639
v 1.999066 5.963770 -1.000733
v 1.899065 5.963770 -1.000733
v 1.999066 3.683606 0.998639
v 1.899065 3.683606 0.998639
v 1.899065 3.683606 -1.000733
v 1.999066 3.683606 -1.000733
v 1.999066 3.808606 0.998639
v 1.899065 3.808606 0.998639
v 1.999066 3.808606 -1.000733
v 1.899065 3.808606 -1.000733
v 1.999066 3.558760 -1.000733
v 1.899065 3.558760 -1.000733
v 1.999066 3.558760 0.998639
v 1.899065 3.558760 0.998639
v 1.999066 3.963770 0.998639
v 1.899065 3.963770 0.998639
v 1.999066 3.963770 -1.000733
v 1.899065 3.963770 -1.000733
v 1.999066 3.283606 0.990711
v 1.899065 3.283606 0.990711
v 1.899065 3.283606 -1.008661
v 1.999066 3.283606 -1.008661
v 1.999066 3.408606 0.990711
v 1.899065 3.408606 0.990711
v 1.999066 3.408606 -1.008661
v 1.899065 3.408606 -1.008661
v 1.999066 3.158760 -1.008661
v 1.899065 3.158760 -1.008661
v 1.999066 3.158760 0.990711
v 1.899065 3.158760 0.990711
v 1.999066 3.563770 0.990711
v 1.899065 3.563770 0.990711
v 1.999066 3.563770 -1.008661
v 1.899065 3.563770 -1.008661
v 1.999066 2.883606 0.990711
v 1.899065 2.883606 0.990711
v 1.899065 2.883606 -1.008661
v 1.999066 2.883606 -1.008661
v 1.999066 3.008606 0.990711
v 1.899065 3.008606 0.990711
v 1.999066 3.008606 -1.008661
v 1.899065 3.008606 -1.008661
v 1.999066 2.758760 -1.008661
v 1.899065 2.758760 -1.008661
v 1.999066 2.758760 0.990711
v 1.899065 2.758760 0.990711
v 1.999066 3.163770 0.990711
v 1.899065 3.163770 0.990711
v 1.999066 3.163770 -1.008661
v 1.899065 3.163770 -1.008661
v 1.999066 2.483606 0.990711
v 1.899065 2.483606 0.990711
v 1.899065 2.483606 -1.008661
v 1.999066 2.483606 -1.008661
v 1.999066 2.608606 0.990711
v 1.899065 2.608606 0.990711
v 1.999066 2.608606 -1.008661
v 1.899065 2.608606 -1.008661
v 1.999066 2.358760 -1.008661
v 1.899065 2.358760 -1.008661
v 1.999066 2.358760 0.990711
v 1.899065 2.358760 0.990711
v 1.999066 2.763770 0.990711
v 1.899065 2.763770 0.990711
v 1.999066 2.763770 -1.008661
v 1.899065 2.763770 -1.008661
v 1.999066 2.083606 0.990711
v 1.899065 2.083606 0.990711
v 1.899065 2.083606 -1.008661
v 1.999066 2.083606 -1.008661
v 1.999066 2.208606 0.990711
v 1.899065 2.208606 0.990711
v 1.999066 2.208606 -1.008661
v 1.899065 2.208606 -1.008661
v 1.999066 1.958760 -1.008661
v 1.899065 1.958760 -1.008661
v 1.999066 1.958760 0.990711
v 1.899065 1.958760 0.990711
v 1.999066 2.363770 0.990711
v 1.899065 2.363770 0.990711
v 1.999066 2.363770 -1.008661
v 1.899065 2.363770 -1.008661
v 0.391990 4.084894 2.099760
v 0.391990 4.084894 1.999760
v 1.193435 4.084894 1.999760
v 1.193435 4.084894 2.099760
v -1.901414 5.563232 2.000000
v -1.901414 5.563232 -2.000000
v 1.898586 5.563232 2.000000
v 1.898586 5.563232 -2.000000
v -1.901414 1.953232 2.000000
v -1.901414 1.953232 -2.000000
v 1.891032 1.953232 2.000000
v 1.891032 1.953232 -2.000000
v -1.201414 1.953232 -2.000000
v -0.601414 1.953232 -2.000000
v -0.001414 1.953232 -2.000000
v 0.598586 1.953232 -2.000000
v 1.198586 1.953232 -2.000000
v 1.198586 1.953232 2.000000
v 0.598586 1.953232 2.000000
v -0.001414 1.953232 2.000000
v -0.601414 1.953232 2.000000
v -1.201414 1.953232 2.000000
v -1.901414 1.953232 3.000000
v 1.198586 1.953232 3.000000
v 0.598586 1.953232 3.000000
v -0.001414 1.953232 3.000000
v -0.601414 1.953232 3.000000
v -1.201414 1.953232 3.000000
v 1.198586 1.963232 2.000000
v -1.901414 1.963232 3.000000
v 0.598586 1.963232 3.000000
v -0.001414 1.963232 3.000000
v -0.601414 1.963232 3.000000
v -1.201414 1.963232 3.000000
v 0.398586 1.963232 4.000000
v 1.198586 1.963232 4.000000
v 0.398586 1.963232 3.000000
v 1.198586 1.963232 3.000000
v 1.138586 5.563232 -2.000000
v 0.378586 5.563232 -2.000000
v -0.381414 5.563232 -2.000000
v -1.141414 5.563232 -2.000000
v -1.141414 5.563232 2.000000
v -0.381414 5.563232 2.000000
v 0.378586 5.563232 2.000000
v 1.138586 5.563232 2.000000
v -1.901414 5.563232 -1.200000
v -1.901414 5.563232 -0.400000
v -1.901414 5.563232 0.400000
v -1.901414 5.563232 1.200000
v 1.898586 5.563232 1.200000
v 1.898586 5.563232 0.400000
v 1.898586 5.563232 -0.400000
v 1.898586 5.563232 -1.200000
v -1.141414 5.563232 -1.200000
v -1.141414 5.563232 -0.400000
v -1.141414 5.563232 0.400000
v -1.141414 5.563232 1.200000
v -0.381414 5.563232 -1.200000
v -0.381414 5.563232 -0.400000
v -0.381414 5.563232 0.400000
v -0.381414 5.563232 1.200000
v 0.378586 5.563232 -1.200000
v 0.378586 5.563232 -0.400000
v 0.378586 5.563232 0.400000
v 0.378586 5.563232 1.200000
v 1.138586 5.563232 -1.200000
v 1.138586 5.563232 -0.400000
v 1.138586 5.563232 0.400000
v 1.138586 5.563232 1.200000
v 1.898586 3.963232 -2.000000
v -1.901414 3.963232 -0.000000
v -1.901414 3.963232 1.000000
v -1.901414 3.963232 1.999996
v -1.901414 3.963232 -1.000000
v 0.948586 3.963232 1.000000
v -0.001414 3.963232 1.000000
v -0.951414 3.963232 1.000000
v 0.948586 3.963232 -0.000000
v -0.001414 3.963232 -0.000000
v -0.951414 3.963232 -0.000000
v -0.951414 3.963232 1.999996
v -0.001414 3.963232 1.999996
v 0.948586 3.963232 1.999996
v 0.857565 3.963232 -2.000000
v 0.094650 3.963232 -2.000000
v -0.951414 3.963232 -2.000000
v 0.857565 3.963232 -1.000000
v 0.094650 3.963232 -1.000000
v -0.951414 3.963232 -1.000000
v -1.801414 0.063232 4.000000
v -1.801414 0.163232 4.000000
v -1.801414 0.063232 3.000000
v -1.801414 0.163232 3.000000
v -1.401414 0.063232 4.000000
v -1.401414 0.163232 4.000000
v -1.401414 0.063232 3.000000
v -1.401414 0.163232 3.000000
v -1.534748 0.063232 3.000000
v -1.668081 0.063232 3.000000
v -1.668081 0.163232 3.000000
v -1.534748 0.163232 3.000000
v -1.668081 0.063232 4.000000
v -1.534747 0.063232 4.000000
v -1.801414 0.063232 3.111111
v -1.801414 0.063232 3.222222
v -1.801414 0.063232 3.333333
v -1.801414 0.063232 3.444445
v -1.801414 0.063232 3.555556
v -1.801414 0.063232 3.666667
v -1.801414 0.063232 3.777778
v -1.801414 0.063232 3.888889
v -1.801414 0.163232 3.888889
v -1.801414 0.163232 3.777778
v -1.801414 0.163232 3.666667
v -1.801414 0.163232 3.555556
v -1.801414 0.163232 3.444445
v -1.801414 0.163232 3.333333
v -1.801414 0.163232 3.222222
v -1.801414 0.163232 3.111111
v -1.401414 0.063232 3.666667
v -1.401414 0.063232 3.555556
v -1.401414 0.063232 3.444445
v -1.401414 0.063232 3.333333
v -1.401414 0.063232 3.222222
v -1.401414 0.063232 3.111111
v -1.401414 0.163232 3.111111
v -1.401414 0.163232 3.222222
v -1.401414 0.163232 3.333333
v -1.401414 0.163232 3.444445
v -1.401414 0.163232 3.555556
v -1.401414 0.163232 3.666667
v -1.534748 0.163232 3.111111
v -1.534748 0.163232 3.222222
v -1.534748 0.163232 3.333333
v -1.534748 0.163232 3.444445
v -1.534748 0.163232 3.555556
v -1.534748 0.163232 3.666667
v -1.534748 0.163232 3.777778
v -1.668081 0.163232 3.111111
v -1.668081 0.163232 3.222222
v -1.668081 0.163232 3.333333
v -1.668081 0.163232 3.444445
v -1.668081 0.163232 3.555556
v -1.668081 0.163232 3.666667
v -1.668081 0.163232 3.777778
v -1.668081 0.063232 3.111111
v -1.668081 0.063232 3.222222
v -1.668081 0.063232 3.333333
v -1.668081 0.063232 3.444445
v -1.668081 0.063232 3.555556
v -1.668081 0.063232 3.666667
v -1.668081 0.063232 3.777778
v -1.668081 0.063232 3.888889
v -1.534748 0.063232 3.111111
v -1.534748 0.063232 3.222222
v -1.534748 0.063232 3.333333
v -1.534748 0.063232 3.444445
v -1.534748 0.063232 3.555556
v -1.534748 0.063232 3.666667
v -1.534748 0.063232 3.777778
v -1.534747 0.063232 3.888889
v -1.534747 0.163232 4.000000
v -1.668081 0.163232 4.000000
v -1.534747 0.163232 3.888889
v -1.668081 0.163232 3.888889
v -1.734748 0.063232 3.000000
v -1.734748 0.163232 4.000000
v -1.734748 0.163232 3.000000
v -1.734748 0.063232 4.000000
v -1.734748 0.063232 3.111111
v -1.734748 0.063232 3.222222
v -1.734748 0.063232 3.333333
v -1.734748 0.063232 3.444445
v -1.734748 0.063232 3.555556
v -1.734748 0.063232 3.666667
v -1.734748 0.063232 3.777778
v -1.734748 0.063232 3.888889
v -1.734748 0.163232 3.111111
v -1.734748 0.163232 3.222222
v -1.734748 0.163232 3.333333
v -1.734748 0.163232 3.444445
v -1.734748 0.163232 3.555556
v -1.734748 0.163232 3.666667
v -1.734748 0.163232 3.777778
v -1.734748 0.163232 3.888889
v -1.734748 1.163232 3.000000
v -1.668081 1.163232 3.000000
v -1.668081 1.163232 3.111111
v -1.734748 1.163232 3.111111
v -1.668081 1.163232 3.888889
v -1.668081 1.163232 4.000000
v -1.734748 1.163232 3.888889
v -1.734748 1.163232 4.000000
v -1.401414 0.063232 3.888889
v -1.401414 0.063232 3.777778
v -1.472236 0.081043 3.777778
v -1.472236 0.081043 3.888889
v -1.601414 0.261232 4.000000
v -1.601414 0.361232 4.000000
v -1.601414 0.261232 3.000000
v -1.601414 0.361232 3.000000
v -1.201414 0.261232 4.000000
v -1.201414 0.361232 4.000000
v -1.201414 0.261232 3.000000
v -1.201414 0.361232 3.000000
v -1.334748 0.261232 3.000000
v -1.468081 0.261232 3.000000
v -1.468081 0.361232 3.000000
v -1.334748 0.361232 3.000000
v -1.468081 0.261232 4.000000
v -1.334747 0.261232 4.000000
v -1.334747 0.361232 4.000000
v -1.601414 0.261232 3.111111
v -1.601414 0.261232 3.222222
v -1.601414 0.261232 3.333333
v -1.601414 0.261232 3.444445
v -1.601414 0.261232 3.555556
v -1.601414 0.261232 3.666667
v -1.601414 0.261232 3.777778
v -1.601414 0.261232 3.888889
v -1.601414 0.361232 3.888889
v -1.601414 0.361232 3.777778
v -1.601414 0.361232 3.666667
v -1.601414 0.361232 3.555556
v -1.601414 0.361232 3.444445
v -1.601414 0.361232 3.333333
v -1.601414 0.361232 3.222222
v -1.601414 0.361232 3.111111
v -1.201414 0.261232 3.666667
v -1.201414 0.261232 3.555556
v -1.201414 0.261232 3.444445
v -1.201414 0.261232 3.333333
v -1.201414 0.261232 3.222222
v -1.201414 0.261232 3.111111
v -1.201414 0.361232 3.111111
v -1.201414 0.361232 3.222222
v -1.201414 0.361232 3.333333
v -1.201414 0.361232 3.444445
v -1.201414 0.361232 3.555556
v -1.201414 0.361232 3.666667
v -1.201414 0.361232 3.888889
v -1.334748 0.361232 3.111111
v -1.334748 0.361232 3.222222
v -1.334748 0.361232 3.333333
v -1.334748 0.361232 3.444445
v -1.334748 0.361232 3.555556
v -1.334748 0.361232 3.666667
v -1.334748 0.361232 3.777778
v -1.468081 0.361232 3.111111
v -1.468081 0.361232 3.222222
v -1.468081 0.361232 3.333333
v -1.468081 0.361232 3.444445
v -1.468081 0.361232 3.555556
v -1.468081 0.361232 3.666667
v -1.468081 0.361232 3.777778
v -1.468081 0.261232 3.111111
v -1.468081 0.261232 3.222222
v -1.468081 0.261232 3.333333
v -1.468081 0.261232 3.444445
v -1.468081 0.261232 3.555556
v -1.468081 0.261232 3.666667
v -1.468081 0.261232 3.777778
v -1.468081 0.261232 3.888889
v -1.334748 0.261232 3.111111
v -1.334748 0.261232 3.222222
v -1.334748 0.261232 3.333333
v -1.334748 0.261232 3.444445
v -1.334748 0.261232 3.555556
v -1.334748 0.261232 3.666667
v -1.334748 0.261232 3.777778
v -1.334747 0.261232 3.888889
v -1.334747 0.361232 3.888889
v -1.534747 0.261232 3.000000
v -1.534747 0.361232 3.000000
v -1.534747 0.261232 4.000000
v -1.534747 0.261232 3.111111
v -1.534747 0.261232 3.222222
v -1.534747 0.261232 3.333333
v -1.534747 0.261232 3.444445
v -1.534747 0.261232 3.555556
v -1.534747 0.261232 3.666667
v -1.534747 0.261232 3.777778
v -1.534747 0.261232 3.888889
v -1.534747 0.361232 3.111111
v -1.534747 0.361232 3.222222
v -1.534747 0.361232 3.333333
v -1.534747 0.361232 3.444445
v -1.534747 0.361232 3.555556
v -1.534747 0.361232 3.666667
v -1.534747 0.361232 3.777778
v -1.468081 0.361232 3.888889
v -1.468081 0.361232 4.000000
v -1.534747 0.361232 3.888889
v -1.534747 0.361232 4.000000
v -1.534747 1.361232 3.000000
v -1.468081 1.361232 3.000000
v -1.468081 1.361232 3.111111
v -1.534747 1.361232 3.111111
v -1.468081 1.361232 3.888889
v -1.468081 1.361232 4.000000
v -1.534747 1.361232 3.888889
v -1.534747 1.361232 4.000000
v -1.201414 0.261232 3.888889
v -1.201414 0.261232 3.777778
v -1.201414 0.361232 3.777778
v -1.401414 0.459232 4.000000
v -1.401414 0.559232 4.000000
v -1.401414 0.459232 3.000000
v -1.401414 0.559232 3.000000
v -1.001414 0.459232 4.000000
v -1.001414 0.559232 4.000000
v -1.001414 0.459232 3.000000
v -1.001414 0.559232 3.000000
v -1.134748 0.459232 3.000000
v -1.268081 0.459232 3.000000
v -1.268081 0.559232 3.000000
v -1.134748 0.559232 3.000000
v -1.268081 0.459232 4.000000
v -1.134747 0.459232 4.000000
v -1.268081 0.559232 4.000000
v -1.401414 0.459232 3.111111
v -1.401414 0.459232 3.222222
v -1.401414 0.459232 3.333333
v -1.401414 0.459232 3.444445
v -1.401414 0.459232 3.555556
v -1.401414 0.459232 3.666667
v -1.401414 0.459232 3.777778
v -1.401414 0.459232 3.888889
v -1.401414 0.559232 3.888889
v -1.401414 0.559232 3.777778
v -1.401414 0.559232 3.666667
v -1.401414 0.559232 3.555556
v -1.401414 0.559232 3.444445
v -1.401414 0.559232 3.333333
v -1.401414 0.559232 3.222222
v -1.401414 0.559232 3.111111
v -1.001414 0.459232 3.888889
v -1.001414 0.459232 3.777778
v -1.001414 0.459232 3.666667
v -1.001414 0.459232 3.555556
v -1.001414 0.459232 3.444445
v -1.001414 0.459232 3.333333
v -1.001414 0.459232 3.222222
v -1.001414 0.459232 3.111111
v -1.001414 0.559232 3.111111
v -1.001414 0.559232 3.222222
v -1.001414 0.559232 3.333333
v -1.001414 0.559232 3.444445
v -1.001414 0.559232 3.555556
v -1.001414 0.559232 3.666667
v -1.001414 0.559232 3.777778
v -1.134748 0.559232 3.111111
v -1.134748 0.559232 3.222222
v -1.134748 0.559232 3.333333
v -1.134748 0.559232 3.444445
v -1.134748 0.559232 3.555556
v -1.134748 0.559232 3.666667
v -1.134748 0.559232 3.777778
v -1.268081 0.559232 3.111111
v -1.268081 0.559232 3.222222
v -1.268081 0.559232 3.333333
v -1.268081 0.559232 3.444445
v -1.268081 0.559232 3.555556
v -1.268081 0.559232 3.666667
v -1.268081 0.559232 3.777778
v -1.268081 0.559232 3.888889
v -1.268081 0.459232 3.111111
v -1.268081 0.459232 3.222222
v -1.268081 0.459232 3.333333
v -1.268081 0.459232 3.444445
v -1.268081 0.459232 3.555556
v -1.268081 0.459232 3.666667
v -1.268081 0.459232 3.777778
v -1.268081 0.459232 3.888889
v -1.134748 0.459232 3.111111
v -1.134748 0.459232 3.222222
v -1.134748 0.459232 3.333333
v -1.134748 0.459232 3.444445
v -1.134748 0.459232 3.555556
v -1.134748 0.459232 3.666667
v -1.134748 0.459232 3.777778
v -1.134747 0.459232 3.888889
v -1.134747 0.559232 4.000000
v -1.134747 0.559232 3.888889
v -1.334747 0.459232 3.000000
v -1.334747 0.559232 3.000000
v -1.334747 0.459232 4.000000
v -1.334747 0.459232 3.111111
v -1.334747 0.459232 3.222222
v -1.334747 0.459232 3.333333
v -1.334747 0.459232 3.444445
v -1.334747 0.459232 3.555556
v -1.334747 0.459232 3.666667
v -1.334747 0.459232 3.777778
v -1.334747 0.459232 3.888889
v -1.334747 0.559232 3.111111
v -1.334747 0.559232 3.222222
v -1.334747 0.559232 3.333333
v -1.334747 0.559232 3.444445
v -1.334747 0.559232 3.555556
v -1.334747 0.559232 3.666667
v -1.334747 0.559232 3.777778
v -1.334747 0.559232 3.888889
v -1.334747 0.559232 4.000000
v -1.334747 1.559232 3.000000
v -1.268081 1.559232 3.000000
v -1.268081 1.559232 3.111111
v -1.334747 1.559232 3.111111
v -1.268081 1.559232 3.888889
v -1.268081 1.559232 4.000000
v -1.334747 1.559232 3.888889
v -1.334747 1.559232 4.000000
v -1.001414 0.559232 3.888889
v -1.201414 0.657232 4.000000
v -1.201414 0.757232 4.000000
v -1.201414 0.657232 3.000000
v -1.201414 0.757232 3.000000
v -0.801414 0.657232 4.000000
v -0.801414 0.757232 4.000000
v -0.801414 0.657232 3.000000
v -0.801414 0.757232 3.000000
v -0.934748 0.657232 3.000000
v -1.068081 0.657232 3.000000
v -1.068081 0.757232 3.000000
v -0.934748 0.757232 3.000000
v -1.068081 0.657232 4.000000
v -0.934747 0.657232 4.000000
v -1.201414 0.657232 3.111111
v -1.201414 0.657232 3.222222
v -1.201414 0.657232 3.333333
v -1.201414 0.657232 3.444445
v -1.201414 0.657232 3.555556
v -1.201414 0.657232 3.666667
v -1.201414 0.657232 3.777778
v -1.201414 0.657232 3.888889
v -1.201414 0.757232 3.888889
v -1.201414 0.757232 3.777778
v -1.201414 0.757232 3.666667
v -1.201414 0.757232 3.555556
v -1.201414 0.757232 3.444445
v -1.201414 0.757232 3.333333
v -1.201414 0.757232 3.222222
v -1.201414 0.757232 3.111111
v -0.801414 0.657232 3.888889
v -0.801414 0.657232 3.777778
v -0.801414 0.657232 3.666667
v -0.801414 0.657232 3.555556
v -0.801414 0.657232 3.444445
v -0.801414 0.657232 3.333333
v -0.801414 0.657232 3.222222
v -0.801414 0.657232 3.111111
v -0.801414 0.757232 3.111111
v -0.801414 0.757232 3.222222
v -0.801414 0.757232 3.333333
v -0.801414 0.757232 3.444445
v -0.801414 0.757232 3.555556
v -0.801414 0.757232 3.666667
v -0.934748 0.757232 3.111111
v -0.934748 0.757232 3.222222
v -0.934748 0.757232 3.333333
v -0.934748 0.757232 3.444445
v -0.934748 0.757232 3.555556
v -0.934748 0.757232 3.666667
v -0.934748 0.757232 3.777778
v -1.068081 0.757232 3.111111
v -1.068081 0.757232 3.222222
v -1.068081 0.757232 3.333333
v -1.068081 0.757232 3.444445
v -1.068081 0.757232 3.555556
v -1.068081 0.757232 3.666667
v -1.068081 0.757232 3.777778
v -1.068081 0.757232 3.888889
v -1.068081 0.657232 3.111111
v -1.068081 0.657232 3.222222
v -1.068081 0.657232 3.333333
v -1.068081 0.657232 3.444445
v -1.068081 0.657232 3.555556
v -1.068081 0.657232 3.666667
v -1.068081 0.657232 3.777778
v -1.068081 0.657232 3.888889
v -0.934748 0.657232 3.111111
v -0.934748 0.657232 3.222222
v -0.934748 0.657232 3.333333
v -0.934748 0.657232 3.444445
v -0.934748 0.657232 3.555556
v -0.934748 0.657232 3.666667
v -0.934748 0.657232 3.777778
v -0.934747 0.657232 3.888889
v -0.934747 0.757232 4.000000
v -1.068081 0.757232 4.000000
v -0.934747 0.757232 3.888889
v -1.134748 0.657232 3.000000
v -1.134748 0.757232 4.000000
v -1.134748 0.757232 3.000000
v -1.134748 0.657232 4.000000
v -1.134748 0.657232 3.111111
v -1.134748 0.657232 3.222222
v -1.134748 0.657232 3.333333
v -1.134748 0.657232 3.444445
v -1.134748 0.657232 3.555556
v -1.134748 0.657232 3.666667
v -1.134748 0.657232 3.777778
v -1.134748 0.657232 3.888889
v -1.134748 0.757232 3.111111
v -1.134748 0.757232 3.222222
v -1.134748 0.757232 3.333333
v -1.134748 0.757232 3.444445
v -1.134748 0.757232 3.555556
v -1.134748 0.757232 3.666667
v -1.134748 0.757232 3.777778
v -1.134748 0.757232 3.888889
v -1.134748 1.757232 3.000000
v -1.068081 1.757232 3.000000
v -1.068081 1.757232 3.111111
v -1.134748 1.757232 3.111111
v -1.068081 1.757232 3.888889
v -1.068081 1.757232 4.000000
v -1.134748 1.757232 3.888889
v -1.134748 1.757232 4.000000
v -0.801414 0.757232 3.777778
v -0.801414 0.757232 3.888889
v -1.001414 0.855232 4.000000
v -1.001414 0.955232 4.000000
v -1.001414 0.855232 3.000000
v -1.001414 0.955232 3.000000
v -0.601414 0.855232 4.000000
v -0.601414 0.955232 4.000000
v -0.601414 0.855232 3.000000
v -0.601414 0.955232 3.000000
v -0.734747 0.855232 3.000000
v -0.868081 0.855232 3.000000
v -0.868081 0.955232 3.000000
v -0.734747 0.955232 3.000000
v -0.868081 0.855232 4.000000
v -0.734747 0.855232 4.000000
v -0.734747 0.955232 4.000000
v -0.868081 0.955232 4.000000
v -1.001414 0.855232 3.111111
v -1.001414 0.855232 3.222222
v -1.001414 0.855232 3.333333
v -1.001414 0.855232 3.444445
v -1.001414 0.855232 3.555556
v -1.001414 0.855232 3.666667
v -1.001414 0.855232 3.777778
v -1.001414 0.855232 3.888889
v -1.001414 0.955232 3.888889
v -1.001414 0.955232 3.777778
v -1.001414 0.955232 3.666667
v -1.001414 0.955232 3.555556
v -1.001414 0.955232 3.444445
v -1.001414 0.955232 3.333333
v -1.001414 0.955232 3.222222
v -1.001414 0.955232 3.111111
v -0.601414 0.855232 3.888889
v -0.601414 0.855232 3.777778
v -0.601414 0.855232 3.666667
v -0.601414 0.855232 3.555556
v -0.601414 0.855232 3.444445
v -0.601414 0.855232 3.333333
v -0.601414 0.855232 3.222222
v -0.601414 0.855232 3.111111
v -0.601414 0.955232 3.111111
v -0.601414 0.955232 3.222222
v -0.601414 0.955232 3.333333
v -0.601414 0.955232 3.444445
v -0.601414 0.955232 3.555556
v -0.601414 0.955232 3.666667
v -0.734747 0.955232 3.111111
v -0.734747 0.955232 3.222222
v -0.734747 0.955232 3.333333
v -0.734748 0.955232 3.444445
v -0.734748 0.955232 3.555556
v -0.734748 0.955232 3.666667
v -0.734748 0.955232 3.777778
v -0.868081 0.955232 3.111111
v -0.868081 0.955232 3.222222
v -0.868081 0.955232 3.333333
v -0.868081 0.955232 3.444445
v -0.868081 0.955232 3.555556
v -0.868081 0.955232 3.666667
v -0.868081 0.955232 3.777778
v -0.868081 0.855232 3.111111
v -0.868081 0.855232 3.222222
v -0.868081 0.855232 3.333333
v -0.868081 0.855232 3.444445
v -0.868081 0.855232 3.555556
v -0.868081 0.855232 3.666667
v -0.868081 0.855232 3.777778
v -0.868081 0.855232 3.888889
v -0.734747 0.855232 3.111111
v -0.734747 0.855232 3.222222
v -0.734747 0.855232 3.333333
v -0.734748 0.855232 3.444445
v -0.734748 0.855232 3.555556
v -0.734748 0.855232 3.666667
v -0.734748 0.855232 3.777778
v -0.734747 0.855232 3.888889
v -0.734747 0.955232 3.888889
v -0.868081 0.955232 3.888889
v -0.934747 0.855232 3.000000
v -0.934747 0.955232 3.000000
v -0.934747 0.855232 4.000000
v -0.934747 0.855232 3.111111
v -0.934747 0.855232 3.222222
v -0.934747 0.855232 3.333333
v -0.934747 0.855232 3.444445
v -0.934747 0.855232 3.555556
v -0.934747 0.855232 3.666667
v -0.934747 0.855232 3.777778
v -0.934747 0.855232 3.888889
v -0.934747 0.955232 3.111111
v -0.934747 0.955232 3.222222
v -0.934747 0.955232 3.333333
v -0.934747 0.955232 3.444445
v -0.934747 0.955232 3.555556
v -0.934747 0.955232 3.666667
v -0.934747 0.955232 3.777778
v -0.934747 0.955232 3.888889
v -0.934747 0.955232 4.000000
v -0.934747 1.955232 3.000000
v -0.868081 1.955232 3.000000
v -0.868081 1.955232 3.111111
v -0.934747 1.955232 3.111111
v -0.868081 1.955232 3.888889
v -0.868081 1.955232 4.000000
v -0.934747 1.955232 3.888889
v -0.934747 1.955232 4.000000
v -0.601414 0.955232 3.777778
v -0.601414 0.955232 3.888889
v -0.801414 1.053232 4.000000
v -0.801414 1.153232 4.000000
v -0.801414 1.053232 3.000000
v -0.801414 1.153232 3.000000
v -0.401414 1.053232 4.000000
v -0.401414 1.153232 4.000000
v -0.401414 1.053232 3.000000
v -0.401414 1.153232 3.000000
v -0.534747 1.053232 3.000000
v -0.668081 1.053232 3.000000
v -0.668081 1.153232 3.000000
v -0.534747 1.153232 3.000000
v -0.668081 1.053232 4.000000
v -0.534747 1.053232 4.000000
v -0.801414 1.053232 3.111111
v -0.801414 1.053232 3.222222
v -0.801414 1.053232 3.333333
v -0.801414 1.053232 3.444445
v -0.801414 1.053232 3.555556
v -0.801414 1.053232 3.666667
v -0.801414 1.053232 3.777778
v -0.801414 1.053232 3.888889
v -0.801414 1.153232 3.888889
v -0.801414 1.153232 3.777778
v -0.801414 1.153232 3.666667
v -0.801414 1.153232 3.555556
v -0.801414 1.153232 3.444445
v -0.801414 1.153232 3.333333
v -0.801414 1.153232 3.222222
v -0.801414 1.153232 3.111111
v -0.401414 1.053232 3.777778
v -0.401414 1.053232 3.666667
v -0.401414 1.053232 3.555556
v -0.401414 1.053232 3.444445
v -0.401414 1.053232 3.333333
v -0.401414 1.053232 3.222222
v -0.401414 1.053232 3.111111
v -0.401414 1.153232 3.111111
v -0.401414 1.153232 3.222222
v -0.401414 1.153232 3.333333
v -0.401414 1.153232 3.444445
v -0.401414 1.153232 3.555556
v -0.401414 1.153232 3.666667
v -0.534747 1.153232 3.111111
v -0.534747 1.153232 3.222222
v -0.534747 1.153232 3.333333
v -0.534747 1.153232 3.444445
v -0.534747 1.153232 3.555556
v -0.534747 1.153232 3.666667
v -0.534747 1.153232 3.777778
v -0.668081 1.153232 3.111111
v -0.668081 1.153232 3.222222
v -0.668081 1.153232 3.333333
v -0.668081 1.153232 3.444445
v -0.668081 1.153232 3.555556
v -0.668081 1.153232 3.666667
v -0.668081 1.153232 3.777778
v -0.668081 1.053232 3.111111
v -0.668081 1.053232 3.222222
v -0.668081 1.053232 3.333333
v -0.668081 1.053232 3.444445
v -0.668081 1.053232 3.555556
v -0.668081 1.053232 3.666667
v -0.668081 1.053232 3.777778
v -0.668081 1.053232 3.888889
v -0.534747 1.053232 3.111111
v -0.534747 1.053232 3.222222
v -0.534747 1.053232 3.333333
v -0.534747 1.053232 3.444445
v -0.534747 1.053232 3.555556
v -0.534747 1.053232 3.666667
v -0.534747 1.053232 3.777778
v -0.534747 1.053232 3.888889
v -0.534747 1.153232 4.000000
v -0.534747 1.153232 3.888889
v -0.734747 1.053232 3.000000
v -0.734747 1.153232 4.000000
v -0.734747 1.153232 3.000000
v -0.734747 1.053232 4.000000
v -0.734747 1.053232 3.111111
v -0.734747 1.053232 3.222222
v -0.734747 1.053232 3.333333
v -0.734747 1.053232 3.444445
v -0.734747 1.053232 3.555556
v -0.734747 1.053232 3.666667
v -0.734747 1.053232 3.777778
v -0.734747 1.053232 3.888889
v -0.734747 1.153232 3.111111
v -0.734747 1.153232 3.222222
v -0.734747 1.153232 3.333333
v -0.734747 1.153232 3.444445
v -0.734747 1.153232 3.555556
v -0.734747 1.153232 3.666667
v -0.734747 1.153232 3.777778
v -0.668081 1.153232 3.888889
v -0.668081 1.153232 4.000000
v -0.734747 1.153232 3.888889
v -0.734747 2.153232 3.000000
v -0.668081 2.153232 3.000000
v -0.668081 2.153232 3.111111
v -0.734747 2.153232 3.111111
v -0.668081 2.153232 3.888889
v -0.668081 2.153232 4.000000
v -0.734747 2.153232 3.888889
v -0.734747 2.153232 4.000000
v -0.401414 1.053232 3.888889
v -0.401414 1.153232 3.777778
v -0.401414 1.153232 3.888889
v -0.601414 1.251232 4.000000
v -0.601414 1.351232 4.000000
v -0.601414 1.251232 3.000000
v -0.601414 1.351232 3.000000
v -0.201414 1.251232 4.000000
v -0.201414 1.351232 4.000000
v -0.201414 1.251232 3.000000
v -0.201414 1.351232 3.000000
v -0.334747 1.251232 3.000000
v -0.468081 1.251232 3.000000
v -0.468081 1.351232 3.000000
v -0.334747 1.351232 3.000000
v -0.468081 1.251232 4.000000
v -0.334747 1.251232 4.000000
v -0.601414 1.251232 3.111111
v -0.601414 1.251232 3.222222
v -0.601414 1.251232 3.333333
v -0.601414 1.251232 3.444445
v -0.601414 1.251232 3.555556
v -0.601414 1.251232 3.666667
v -0.601414 1.251232 3.777778
v -0.601414 1.251232 3.888889
v -0.601414 1.351232 3.888889
v -0.601414 1.351232 3.777778
v -0.601414 1.351232 3.666667
v -0.601414 1.351232 3.555556
v -0.601414 1.351232 3.444445
v -0.601414 1.351232 3.333333
v -0.601414 1.351232 3.222222
v -0.601414 1.351232 3.111111
v -0.201414 1.251232 3.888889
v -0.201414 1.251232 3.777778
v -0.201414 1.251232 3.666667
v -0.201414 1.251232 3.555556
v -0.201414 1.251232 3.444445
v -0.201414 1.251232 3.333333
v -0.201414 1.251232 3.222222
v -0.201414 1.251232 3.111111
v -0.201414 1.351232 3.111111
v -0.201414 1.351232 3.222222
v -0.201414 1.351232 3.333333
v -0.201414 1.351232 3.444445
v -0.201414 1.351232 3.555556
v -0.201414 1.351232 3.666667
v -0.201414 1.351232 3.888889
v -0.334747 1.351232 3.111111
v -0.334747 1.351232 3.222222
v -0.334747 1.351232 3.333333
v -0.334747 1.351232 3.444445
v -0.334747 1.351232 3.555556
v -0.334747 1.351232 3.666667
v -0.334747 1.351232 3.777778
v -0.334747 1.351232 3.888889
v -0.468081 1.351232 3.111111
v -0.468081 1.351232 3.222222
v -0.468081 1.351232 3.333333
v -0.468081 1.351232 3.444445
v -0.468081 1.351232 3.555556
v -0.468081 1.351232 3.666667
v -0.468081 1.351232 3.777778
v -0.468081 1.351232 3.888889
v -0.468081 1.251232 3.111111
v -0.468081 1.251232 3.222222
v -0.468081 1.251232 3.333333
v -0.468081 1.251232 3.444445
v -0.468081 1.251232 3.555556
v -0.468081 1.251232 3.666667
v -0.468081 1.251232 3.777778
v -0.468081 1.251232 3.888889
v -0.334747 1.251232 3.111111
v -0.334747 1.251232 3.222222
v -0.334747 1.251232 3.333333
v -0.334747 1.251232 3.444445
v -0.334747 1.251232 3.555556
v -0.334747 1.251232 3.666667
v -0.334747 1.251232 3.777778
v -0.334747 1.251232 3.888889
v -0.334747 1.351232 4.000000
v -0.534747 1.251232 3.000000
v -0.534747 1.351232 3.000000
v -0.534747 1.251232 4.000000
v -0.534747 1.251232 3.111111
v -0.534747 1.251232 3.222222
v -0.534747 1.251232 3.333333
v -0.534747 1.251232 3.444445
v -0.534747 1.251232 3.555556
v -0.534747 1.251232 3.666667
v -0.534747 1.251232 3.777778
v -0.534747 1.251232 3.888889
v -0.534747 1.351232 3.111111
v -0.534747 1.351232 3.222222
v -0.534747 1.351232 3.333333
v -0.534747 1.351232 3.444445
v -0.534747 1.351232 3.555556
v -0.534747 1.351232 3.666667
v -0.534747 1.351232 3.777778
v -0.468081 1.351232 4.000000
v -0.534747 1.351232 3.888889
v -0.534747 1.351232 4.000000
v -0.534747 2.351232 3.000000
v -0.468081 2.351232 3.000000
v -0.468081 2.351232 3.111111
v -0.534747 2.351232 3.111111
v -0.468081 2.351232 3.888889
v -0.468081 2.351232 4.000000
v -0.534747 2.351232 3.888889
v -0.534747 2.351232 4.000000
v -0.201414 1.351232 3.777778
v -0.401414 1.449232 4.000000
v -0.401414 1.549232 4.000000
v -0.401414 1.449232 3.000000
v -0.401414 1.549232 3.000000
v -0.001414 1.449232 4.000000
v -0.001414 1.549232 4.000000
v -0.001414 1.449232 3.000000
v -0.001414 1.549232 3.000000
v -0.134747 1.449232 3.000000
v -0.268081 1.449232 3.000000
v -0.268081 1.549232 3.000000
v -0.134747 1.549232 3.000000
v -0.268081 1.449232 4.000000
v -0.134747 1.449232 4.000000
v -0.401414 1.449232 3.111111
v -0.401414 1.449232 3.222222
v -0.401414 1.449232 3.333333
v -0.401414 1.449232 3.444445
v -0.401414 1.449232 3.555556
v -0.401414 1.449232 3.666667
v -0.401414 1.449232 3.777778
v -0.401414 1.449232 3.888889
v -0.401414 1.549232 3.888889
v -0.401414 1.549232 3.777778
v -0.401414 1.549232 3.666667
v -0.401414 1.549232 3.555556
v -0.401414 1.549232 3.444445
v -0.401414 1.549232 3.333333
v -0.401414 1.549232 3.222222
v -0.401414 1.549232 3.111111
v -0.001414 1.449232 3.777778
v -0.001414 1.449232 3.666667
v -0.001414 1.449232 3.555556
v -0.001414 1.449232 3.444445
v -0.001414 1.449232 3.333333
v -0.001414 1.449232 3.222222
v -0.001414 1.449232 3.111111
v -0.001414 1.549232 3.111111
v -0.001414 1.549232 3.222222
v -0.001414 1.549232 3.333333
v -0.001414 1.549232 3.444445
v -0.001414 1.549232 3.555556
v -0.001414 1.549232 3.666667
v -0.134747 1.549232 3.111111
v -0.134747 1.549232 3.222222
v -0.134747 1.549232 3.333333
v -0.134747 1.549232 3.444445
v -0.134747 1.549232 3.555556
v -0.134747 1.549232 3.666667
v -0.134747 1.549232 3.777778
v -0.268081 1.549232 3.111111
v -0.268081 1.549232 3.222222
v -0.268081 1.549232 3.333333
v -0.268081 1.549232 3.444445
v -0.268081 1.549232 3.555556
v -0.268081 1.549232 3.666667
v -0.268081 1.549232 3.777778
v -0.268081 1.449232 3.111111
v -0.268081 1.449232 3.222222
v -0.268081 1.449232 3.333333
v -0.268081 1.449232 3.444445
v -0.268081 1.449232 3.555556
v -0.268081 1.449232 3.666667
v -0.268081 1.449232 3.777778
v -0.268081 1.449232 3.888889
v -0.134747 1.449232 3.111111
v -0.134747 1.449232 3.222222
v -0.134747 1.449232 3.333333
v -0.134747 1.449232 3.444445
v -0.134747 1.449232 3.555556
v -0.134747 1.449232 3.666667
v -0.134747 1.449232 3.777778
v -0.134747 1.449232 3.888889
v -0.134747 1.549232 4.000000
v -0.134747 1.549232 3.888889
v -0.268081 1.549232 3.888889
v -0.334747 1.449232 3.000000
v -0.334747 1.549232 3.000000
v -0.334747 1.449232 4.000000
v -0.334747 1.449232 3.111111
v -0.334747 1.449232 3.222222
v -0.334747 1.449232 3.333333
v -0.334747 1.449232 3.444445
v -0.334747 1.449232 3.555556
v -0.334747 1.449232 3.666667
v -0.334747 1.449232 3.777778
v -0.334747 1.449232 3.888889
v -0.334747 1.549232 3.111111
v -0.334747 1.549232 3.222222
v -0.334747 1.549232 3.333333
v -0.334747 1.549232 3.444445
v -0.334747 1.549232 3.555556
v -0.334747 1.549232 3.666667
v -0.334747 1.549232 3.777778
v -0.334747 1.549232 3.888889
v -0.268081 1.549232 4.000000
v -0.334747 1.549232 4.000000
v -0.334747 2.549232 3.000000
v -0.268081 2.549232 3.000000
v -0.268081 2.549232 3.111111
v -0.334747 2.549232 3.111111
v -0.268081 2.549232 3.888889
v -0.268081 2.549232 4.000000
v -0.334747 2.549232 3.888889
v -0.334747 2.549232 4.000000
v -0.001414 1.449232 3.888889
v -0.001414 1.549232 3.777778
v -0.001414 1.549232 3.888889
v -0.201414 1.647232 4.000000
v -0.201414 1.747232 4.000000
v -0.201414 1.647232 3.000000
v -0.201414 1.747232 3.000000
v 0.198586 1.647232 4.000000
v 0.198586 1.747232 4.000000
v 0.198586 1.647232 3.000000
v 0.198586 1.747232 3.000000
v 0.065253 1.647232 3.000000
v -0.068081 1.647232 3.000000
v -0.068081 1.747232 3.000000
v 0.065253 1.747232 3.000000
v -0.068081 1.647232 4.000000
v 0.065253 1.647232 4.000000
v -0.201414 1.647232 3.111111
v -0.201414 1.647232 3.222222
v -0.201414 1.647232 3.333333
v -0.201414 1.647232 3.444445
v -0.201414 1.647232 3.555556
v -0.201414 1.647232 3.666667
v -0.201414 1.647232 3.777778
v -0.201414 1.647232 3.888889
v -0.201414 1.747232 3.888889
v -0.201414 1.747232 3.777778
v -0.201414 1.747232 3.666667
v -0.201414 1.747232 3.555556
v -0.201414 1.747232 3.444445
v -0.201414 1.747232 3.333333
v -0.201414 1.747232 3.222222
v -0.201414 1.747232 3.111111
v 0.198586 1.647232 3.888889
v 0.198586 1.647232 3.666667
v 0.198586 1.647232 3.555556
v 0.198586 1.647232 3.444445
v 0.198586 1.647232 3.333333
v 0.198586 1.647232 3.222222
v 0.198586 1.647232 3.111111
v 0.198586 1.747232 3.111111
v 0.198586 1.747232 3.222222
v 0.198586 1.747232 3.333333
v 0.198586 1.747232 3.444445
v 0.198586 1.747232 3.555556
v 0.198586 1.747232 3.666667
v 0.198586 1.747232 3.777778
v 0.198586 1.747232 3.888889
v 0.065253 1.747232 3.111111
v 0.065253 1.747232 3.222222
v 0.065253 1.747232 3.333333
v 0.065253 1.747232 3.444445
v 0.065253 1.747232 3.555556
v 0.065253 1.747232 3.666667
v 0.065253 1.747232 3.777778
v -0.068081 1.747232 3.111111
v -0.068081 1.747232 3.222222
v -0.068081 1.747232 3.333333
v -0.068081 1.747232 3.444445
v -0.068081 1.747232 3.555556
v -0.068081 1.747232 3.666667
v -0.068081 1.747232 3.777778
v -0.068081 1.647232 3.111111
v -0.068081 1.647232 3.222222
v -0.068081 1.647232 3.333333
v -0.068081 1.647232 3.444445
v -0.068081 1.647232 3.555556
v -0.068081 1.647232 3.666667
v -0.068081 1.647232 3.777778
v -0.068081 1.647232 3.888889
v 0.065253 1.647232 3.111111
v 0.065253 1.647232 3.222222
v 0.065253 1.647232 3.333333
v 0.065253 1.647232 3.444445
v 0.065253 1.647232 3.555556
v 0.065253 1.647232 3.666667
v 0.065253 1.647232 3.777778
v 0.065253 1.647232 3.888889
v 0.065253 1.747232 4.000000
v 0.065253 1.747232 3.888889
v -0.134747 1.647232 3.000000
v -0.134747 1.747232 3.000000
v -0.134747 1.647232 4.000000
v -0.134747 1.647232 3.111111
v -0.134747 1.647232 3.222222
v -0.134747 1.647232 3.333333
v -0.134747 1.647232 3.444445
v -0.134747 1.647232 3.555556
v -0.134747 1.647232 3.666667
v -0.134747 1.647232 3.777778
v -0.134747 1.647232 3.888889
v -0.134747 1.747232 3.111111
v -0.134747 1.747232 3.222222
v -0.134747 1.747232 3.333333
v -0.134747 1.747232 3.444445
v -0.134747 1.747232 3.555556
v -0.134747 1.747232 3.666667
v -0.134747 1.747232 3.777778
v -0.134747 1.747232 3.888889
v -0.068081 1.747232 3.888889
v -0.068081 1.747232 4.000000
v -0.134747 1.747232 4.000000
v -0.134747 2.747232 3.000000
v -0.068081 2.747232 3.000000
v -0.068081 2.747232 3.111111
v -0.134747 2.747232 3.111111
v -0.068081 2.747232 3.888889
v -0.068081 2.747232 4.000000
v -0.134747 2.747232 3.888889
v -0.134747 2.747232 4.000000
v 0.198586 1.647232 3.777778
v -0.001414 1.845232 4.000000
v -0.001414 1.945232 4.000000
v -0.001414 1.845232 3.000000
v -0.001414 1.945232 3.000000
v 0.398586 1.845232 4.000000
v 0.398586 1.945232 4.000000
v 0.398586 1.845232 3.000000
v 0.398586 1.945232 3.000000
v 0.265253 1.845232 3.000000
v 0.131919 1.845232 3.000000
v 0.131919 1.945232 3.000000
v 0.265253 1.945232 3.000000
v 0.131920 1.845232 4.000000
v 0.265253 1.845232 4.000000
v 0.131920 1.945232 4.000000
v -0.001414 1.845232 3.111111
v -0.001414 1.845232 3.222222
v -0.001414 1.845232 3.333333
v -0.001414 1.845232 3.444445
v -0.001414 1.845232 3.555556
v -0.001414 1.845232 3.666667
v -0.001414 1.845232 3.777778
v -0.001414 1.845232 3.888889
v -0.001414 1.945232 3.888889
v -0.001414 1.945232 3.777778
v -0.001414 1.945232 3.666667
v -0.001414 1.945232 3.555556
v -0.001414 1.945232 3.444445
v -0.001414 1.945232 3.333333
v -0.001414 1.945232 3.222222
v -0.001414 1.945232 3.111111
v 0.398586 1.845232 3.888889
v 0.398586 1.845232 3.777778
v 0.398586 1.845232 3.666667
v 0.398586 1.845232 3.555556
v 0.398586 1.845232 3.444445
v 0.398586 1.845232 3.333333
v 0.398586 1.845232 3.222222
v 0.398586 1.845232 3.111111
v 0.398586 1.945232 3.111111
v 0.398586 1.945232 3.222222
v 0.398586 1.945232 3.333333
v 0.398586 1.945232 3.444445
v 0.398586 1.945232 3.555556
v 0.398586 1.945232 3.666667
v 0.398586 1.945232 3.777778
v 0.265253 1.945232 3.111111
v 0.265253 1.945232 3.222222
v 0.265253 1.945232 3.333333
v 0.265253 1.945232 3.444445
v 0.265253 1.945232 3.555556
v 0.265253 1.945232 3.666667
v 0.265253 1.945232 3.777778
v 0.131919 1.945232 3.111111
v 0.131919 1.945232 3.222222
v 0.131919 1.945232 3.333333
v 0.131919 1.945232 3.444445
v 0.131919 1.945232 3.555556
v 0.131919 1.945232 3.666667
v 0.131919 1.945232 3.777778
v 0.131919 1.845232 3.111111
v 0.131919 1.845232 3.222222
v 0.131919 1.845232 3.333333
v 0.131919 1.845232 3.444445
v 0.131919 1.845232 3.555556
v 0.131919 1.845232 3.666667
v 0.131919 1.845232 3.777778
v 0.131919 1.845232 3.888889
v 0.265253 1.845232 3.111111
v 0.265253 1.845232 3.222222
v 0.265253 1.845232 3.333333
v 0.265253 1.845232 3.444445
v 0.265253 1.845232 3.555556
v 0.265253 1.845232 3.666667
v 0.265253 1.845232 3.777778
v 0.265253 1.845232 3.888889
v 0.265253 1.945232 4.000000
v 0.265253 1.945232 3.888889
v 0.065253 1.845232 3.000000
v 0.065253 1.945232 4.000000
v 0.065253 1.945232 3.000000
v 0.065253 1.845232 4.000000
v 0.065253 1.845232 3.111111
v 0.065253 1.845232 3.222222
v 0.065253 1.845232 3.333333
v 0.065253 1.845232 3.444445
v 0.065253 1.845232 3.555556
v 0.065253 1.845232 3.666667
v 0.065253 1.845232 3.777778
v 0.065253 1.845232 3.888889
v 0.065253 1.945232 3.111111
v 0.065253 1.945232 3.222222
v 0.065253 1.945232 3.333333
v 0.065253 1.945232 3.444445
v 0.065253 1.945232 3.555556
v 0.065253 1.945232 3.666667
v 0.065253 1.945232 3.777778
v 0.131919 1.945232 3.888889
v 0.065253 1.945232 3.888889
v 0.065253 2.945232 3.000000
v 0.131919 2.945232 3.000000
v 0.131919 2.945232 3.111111
v 0.065253 2.945232 3.111111
v 0.131919 2.945232 3.888889
v 0.131920 2.945232 4.000000
v 0.065253 2.945232 3.888889
v 0.065253 2.945232 4.000000
v 1.198586 -0.003434 3.998952
v 0.998585 -0.003434 3.998952
v 0.398586 1.945232 3.888889
v -1.901414 7.083233 2.000000
v -1.901414 7.083233 -2.000000
v 1.898586 7.083233 2.000000
v 1.898586 7.083233 -2.000000
v -1.901414 7.183233 -2.000000
v -1.901414 7.183233 2.000000
v 1.898586 7.183233 -2.000000
v 1.898586 7.183233 2.000000
v -1.466899 -0.018814 3.777778
v -1.466899 -0.018814 3.888889
v 0.435392 1.868558 3.888889
v 1.198586 -0.003434 3.873952
v -1.472236 0.081043 3.077778
v -1.472236 0.081043 3.188889
v 1.198586 1.953770 3.998952
v 0.430055 1.968416 3.077778
v -1.466899 -0.018814 3.077778
v -1.466899 -0.018814 3.188889
v 0.998586 1.953770 3.998952
v 1.198586 1.953770 3.873952
v 0.430056 1.968416 3.888889
v 0.430055 1.968416 3.777778
v 0.998586 1.953770 3.873952
v 0.435392 1.868558 3.777778
v 0.435392 1.868558 3.188889
v 0.435392 1.868558 3.077778
v 0.430055 1.968416 3.188889
v 0.998585 -0.003434 3.873952
v 0.998586 1.953770 3.074203
v 1.198586 1.953770 3.074203
v 0.998586 1.953770 2.949203
v 0.998586 -0.003434 3.074203
v 1.198586 -0.003434 3.074203
v 0.998586 -0.003434 2.949203
v 1.198586 -0.003434 2.949203
v 1.198586 1.953770 2.949203
v 0.630973 1.953770 3.873951
v 0.430973 1.953770 3.873951
v 0.630973 1.953770 3.998951
v 0.630973 -0.003434 3.873951
v 0.430973 -0.003434 3.873951
v 0.630973 -0.003434 3.998951
v 0.430973 -0.003434 3.998951
v 0.430973 1.953770 3.998951
v 0.630973 1.953770 2.949203
v 0.430973 1.953770 2.949203
v 0.630973 1.953770 3.074203
v 0.630973 -0.003434 2.949203
v 0.430973 -0.003434 2.949203
v 0.630973 -0.003434 3.074203
v 0.430973 -0.003434 3.074203
v 0.430973 1.953770 3.074203
v -0.001414 8.083233 -2.000000
v -0.001414 8.083233 2.000000
v -0.001414 8.183232 -2.000000
v -0.001414 8.183232 2.000000
v 0.001859 8.020111 2.100089
v 0.001859 8.020111 2.000089
v 0.001859 8.175111 2.100089
v 0.001859 8.175111 2.000089
v -0.003072 8.020111 -1.999911
v -0.003072 8.020111 -2.099911
v -0.003072 8.175111 -1.999911
v -0.003072 8.175111 -2.099911
vt 0.6758 0.0000
vt 0.6562 0.0000
vt 0.6562 -0.0250
vt 0.6758 -0.0250
vt 0.6758 0.5000
vt 0.6562 0.5000
vt 0.6562 0.5000
vt 0.6758 0.5000
vt 0.6758 0.0000
vt 0.6562 0.0000
vt 0.1875 0.0000
vt 0.1719 0.0000
vt 0.1719 0.5000
vt 0.1875 0.5000
vt 0.7969 0.5000
vt 0.8125 0.5000
vt 0.8125 0.0000
vt 0.7969 0.0000
vt 0.6758 0.0000
vt 0.6758 -0.0250
vt 0.6562 -0.0250
vt 0.6562 0.0000
vt 0.6758 0.0000
vt 0.6562 0.0000
vt 0.6562 -0.0250
vt 0.6758 -0.0250
vt 0.6758 0.5000
vt 0.6562 0.5000
vt 0.6562 0.5000
vt 0.6758 0.5000
vt 0.6758 0.0000
vt 0.6562 0.0000
vt 0.1875 0.0000
vt 0.1719 0.0000
vt 0.1719 0.5000
vt 0.1875 0.5000
vt 0.7969 0.5000
vt 0.8125 0.5000
vt 0.8125 0.0000
vt 0.7969 0.0000
vt 0.6758 0.0000
vt 0.6758 -0.0250
vt 0.6562 -0.0250
vt 0.6562 0.0000
vt 0.6758 0.0000
vt 0.6758 -0.0250
vt 0.6562 -0.0250
vt 0.6562 0.0000
vt 0.7969 0.5000
vt 0.8125 0.5000
vt 0.8125 0.0000
vt 0.7969 0.0000
vt 0.1875 0.0000
vt 0.1719 0.0000
vt 0.1719 0.5000
vt 0.1875 0.5000
vt 0.6562 0.5000
vt 0.6758 0.5000
vt 0.6758 0.0000
vt 0.6562 0.0000
vt 0.6562 0.0000
vt 0.6758 0.0000
vt 0.6758 0.5000
vt 0.6562 0.5000
vt 0.6562 -0.0250
vt 0.6758 -0.0250
vt 0.6758 0.0000
vt 0.6758 -0.0250
vt 0.6562 -0.0250
vt 0.6562 0.0000
vt 0.7969 0.5000
vt 0.8125 0.5000
vt 0.8125 0.0000
vt 0.7969 0.0000
vt 0.1875 0.0000
vt 0.1719 0.0000
vt 0.1719 0.5000
vt 0.1875 0.5000
vt 0.6562 0.5000
vt 0.6758 0.5000
vt 0.6758 0.0000
vt 0.6562 0.0000
vt 0.6562 0.0000
vt 0.6758 0.0000
vt 0.6758 0.5000
vt 0.6562 0.5000
vt 0.6562 -0.0250
vt 0.6758 -0.0250
vt 0.6758 0.0000
vt 0.6562 0.0000
vt 0.6562 -0.0250
vt 0.6758 -0.0250
vt 0.6758 0.5000
vt 0.6562 0.5000
vt 0.6562 0.5000
vt 0.6758 0.5000
vt 0.6758 0.0000
vt 0.6562 0.0000
vt 0.1875 0.0000
vt 0.1719 0.0000
vt 0.1719 0.5000
vt 0.1875 0.5000
vt 0.7969 0.5000
vt 0.8125 0.5000
vt 0.8125 0.0000
vt 0.7969 0.0000
vt 0.6758 0.0000
vt 0.6758 -0.0250
vt 0.6562 -0.0250
vt 0.6562 0.0000
vt 0.6758 0.0000
vt 0.6562 0.0000
vt 0.6562 -0.0250
vt 0.6758 -0.0250
vt 0.6758 0.5000
vt 0.6562 0.5000
vt 0.6562 0.5000
vt 0.6758 0.5000
vt 0.6758 0.0000
vt 0.6562 0.0000
vt 0.1875 0.0000
vt 0.1719 0.0000
vt 0.1719 0.5000
vt 0.1875 0.5000
vt 0.7969 0.5000
vt 0.8125 0.5000
vt 0.8125 0.0000
vt 0.7969 0.0000
vt 0.6758 0.0000
vt 0.6758 -0.0250
vt 0.6562 -0.0250
vt 0.6562 0.0000
vt 0.6758 0.0000
vt 0.6562 0.0000
vt 0.6562 -0.0250
vt 0.6758 -0.0250
vt 0.6758 0.5000
vt 0.6562 0.5000
vt 0.6562 0.5000
vt 0.6758 0.5000
vt 0.6758 0.0000
vt 0.6562 0.0000
vt 0.1875 0.0000
vt 0.1719 0.0000
vt 0.1719 0.5000
vt 0.1875 0.5000
vt 0.7969 0.5000
vt 0.8125 0.5000
vt 0.8125 0.0000
vt 0.7969 0.0000
vt 0.6758 0.0000
vt 0.6758 -0.0250
vt 0.6562 -0.0250
vt 0.6562 0.0000
vt 0.6758 0.0000
vt 0.6758 -0.0250
vt 0.6562 -0.0250
vt 0.6562 0.0000
vt 0.7969 0.5000
vt 0.8125 0.5000
vt 0.8125 0.0000
vt 0.7969 0.0000
vt 0.1875 0.0000
vt 0.1719 0.0000
vt 0.1719 0.5000
vt 0.1875 0.5000
vt 0.6562 0.5000
vt 0.6758 0.5000
vt 0.6758 0.0000
vt 0.6562 0.0000
vt 0.6562 0.0000
vt 0.6758 0.0000
vt 0.6758 0.5000
vt 0.6562 0.5000
vt 0.6562 -0.0250
vt 0.6758 -0.0250
vt 0.6758 0.0000
vt 0.6758 -0.0250
vt 0.6562 -0.0250
vt 0.6562 0.0000
vt 0.7969 0.5000
vt 0.8125 0.5000
vt 0.8125 0.0000
vt 0.7969 0.0000
vt 0.1875 0.0000
vt 0.1719 0.0000
vt 0.1719 0.5000
vt 0.1875 0.5000
vt 0.6562 0.5000
vt 0.6758 0.5000
vt 0.6758 0.0000
vt 0.6562 0.0000
vt 0.6562 0.0000
vt 0.6758 0.0000
vt 0.6758 0.5000
vt 0.6562 0.5000
vt 0.6562 -0.0250
vt 0.6758 -0.0250
vt 0.6758 0.0000
vt 0.6562 0.0000
vt 0.6562 -0.0250
vt 0.6758 -0.0250
vt 0.6758 0.5000
vt 0.6562 0.5000
vt 0.6562 0.5000
vt 0.6758 0.5000
vt 0.6758 0.0000
vt 0.6562 0.0000
vt 0.1875 0.0000
vt 0.1719 0.0000
vt 0.1719 0.5000
vt 0.1875 0.5000
vt 0.7969 0.5000
vt 0.8125 0.5000
vt 0.8125 0.0000
vt 0.7969 0.0000
vt 0.6758 0.0000
vt 0.6758 -0.0250
vt 0.6562 -0.0250
vt 0.6562 0.0000
vt 0.6758 0.0000
vt 0.6562 0.0000
vt 0.6562 -0.0250
vt 0.6758 -0.0250
vt 0.6758 0.5000
vt 0.6562 0.5000
vt 0.6562 0.5000
vt 0.6758 0.5000
vt 0.6758 0.0000
vt 0.6562 0.0000
vt 0.1875 0.0000
vt 0.1719 0.0000
vt 0.1719 0.5000
vt 0.1875 0.5000
vt 0.7969 0.5000
vt 0.8125 0.5000
vt 0.8125 0.0000
vt 0.7969 0.0000
vt 0.6758 0.0000
vt 0.6758 -0.0250
vt 0.6562 -0.0250
vt 0.6562 0.0000
vt 0.6758 0.0000
vt 0.6562 0.0000
vt 0.6562 -0.0250
vt 0.6758 -0.0250
vt 0.6758 0.5000
vt 0.6562 0.5000
vt 0.6562 0.5000
vt 0.6758 0.5000
vt 0.6758 0.0000
vt 0.6562 0.0000
vt 0.1875 0.0000
vt 0.1719 0.0000
vt 0.1719 0.5000
vt 0.1875 0.5000
vt 0.7969 0.5000
vt 0.8125 0.5000
vt 0.8125 0.0000
vt 0.7969 0.0000
vt 0.6758 0.0000
vt 0.6758 -0.0250
vt 0.6562 -0.0250
vt 0.6562 0.0000
vt 0.6758 0.0000
vt 0.6562 0.0000
vt 0.6562 -0.0250
vt 0.6758 -0.0250
vt 0.6758 0.5000
vt 0.6562 0.5000
vt 0.6562 0.5000
vt 0.6758 0.5000
vt 0.6758 0.0000
vt 0.6562 0.0000
vt 0.1875 0.0000
vt 0.1719 0.0000
vt 0.1719 0.5000
vt 0.1875 0.5000
vt 0.7969 0.5000
vt 0.8125 0.5000
vt 0.8125 0.0000
vt 0.7969 0.0000
vt 0.6758 0.0000
vt 0.6758 -0.0250
vt 0.6562 -0.0250
vt 0.6562 0.0000
vt 0.6758 0.0000
vt 0.6562 0.0000
vt 0.6562 -0.0250
vt 0.6758 -0.0250
vt 0.6758 0.5000
vt 0.6562 0.5000
vt 0.6562 0.5000
vt 0.6758 0.5000
vt 0.6758 0.0000
vt 0.6562 0.0000
vt 0.1875 0.0000
vt 0.1719 0.0000
vt 0.1719 0.5000
vt 0.1875 0.5000
vt 0.7969 0.5000
vt 0.8125 0.5000
vt 0.8125 0.0000
vt 0.7969 0.0000
vt 0.6758 0.0000
vt 0.6758 -0.0250
vt 0.6562 -0.0250
vt 0.6562 0.0000
vt 0.6758 0.0000
vt 0.6758 -0.0250
vt 0.6562 -0.0250
vt 0.6562 0.0000
vt 0.7969 0.5000
vt 0.8125 0.5000
vt 0.8125 0.0000
vt 0.7969 0.0000
vt 0.1875 0.0000
vt 0.1719 0.0000
vt 0.1719 0.5000
vt 0.1875 0.5000
vt 0.6562 0.5000
vt 0.6758 0.5000
vt 0.6758 0.0000
vt 0.6562 0.0000
vt 0.6562 0.0000
vt 0.6758 0.0000
vt 0.6758 0.5000
vt 0.6562 0.5000
vt 0.6562 -0.0250
vt 0.6758 -0.0250
vt 0.6758 0.0000
vt 0.6758 -0.0250
vt 0.6562 -0.0250
vt 0.6562 0.0000
vt 0.7969 0.5000
vt 0.8125 0.5000
vt 0.8125 0.0000
vt 0.7969 0.0000
vt 0.1875 0.0000
vt 0.1719 0.0000
vt 0.1719 0.5000
vt 0.1875 0.5000
vt 0.6562 0.5000
vt 0.6758 0.5000
vt 0.6758 0.0000
vt 0.6562 0.0000
vt 0.6562 0.0000
vt 0.6758 0.0000
vt 0.6758 0.5000
vt 0.6562 0.5000
vt 0.6562 -0.0250
vt 0.6758 -0.0250
vt 0.6758 0.0000
vt 0.6562 0.0000
vt 0.6562 -0.0250
vt 0.6758 -0.0250
vt 0.6758 0.5000
vt 0.6562 0.5000
vt 0.6562 0.5000
vt 0.6758 0.5000
vt 0.6758 0.0000
vt 0.6562 0.0000
vt 0.1875 0.0000
vt 0.1719 0.0000
vt 0.1719 0.5000
vt 0.1875 0.5000
vt 0.7969 0.5000
vt 0.8125 0.5000
vt 0.8125 0.0000
vt 0.7969 0.0000
vt 0.6758 0.0000
vt 0.6758 -0.0250
vt 0.6562 -0.0250
vt 0.6562 0.0000
vt 0.6758 0.0000
vt 0.6562 0.0000
vt 0.6562 -0.0250
vt 0.6758 -0.0250
vt 0.6758 0.5000
vt 0.6562 0.5000
vt 0.6562 0.5000
vt 0.6758 0.5000
vt 0.6758 0.0000
vt 0.6562 0.0000
vt 0.1875 0.0000
vt 0.1719 0.0000
vt 0.1719 0.5000
vt 0.1875 0.5000
vt 0.7969 0.5000
vt 0.8125 0.5000
vt 0.8125 0.0000
vt 0.7969 0.0000
vt 0.6758 0.0000
vt 0.6758 -0.0250
vt 0.6562 -0.0250
vt 0.6562 0.0000
vt 0.6758 0.0000
vt 0.6562 0.0000
vt 0.6562 -0.0250
vt 0.6758 -0.0250
vt 0.6758 0.5000
vt 0.6562 0.5000
vt 0.6562 0.5000
vt 0.6758 0.5000
vt 0.6758 0.0000
vt 0.6562 0.0000
vt 0.1875 0.0000
vt 0.1719 0.0000
vt 0.1719 0.5000
vt 0.1875 0.5000
vt 0.7969 0.5000
vt 0.8125 0.5000
vt 0.8125 0.0000
vt 0.7969 0.0000
vt 0.6758 0.0000
vt 0.6758 -0.0250
vt 0.6562 -0.0250
vt 0.6562 0.0000
vt 0.6758 0.0000
vt 0.6758 -0.0250
vt 0.6562 -0.0250
vt 0.6562 0.0000
vt 0.7969 0.5000
vt 0.8125 0.5000
vt 0.8125 0.0000
vt 0.7969 0.0000
vt 0.1875 0.0000
vt 0.1719 0.0000
vt 0.1719 0.5000
vt 0.1875 0.5000
vt 0.6562 0.5000
vt 0.6758 0.5000
vt 0.6758 0.0000
vt 0.6562 0.0000
vt 0.6562 0.0000
vt 0.6758 0.0000
vt 0.6758 0.5000
vt 0.6562 0.5000
vt 0.6562 -0.0250
vt 0.6758 -0.0250
vt 0.6758 0.0000
vt 0.6758 -0.0250
vt 0.6562 -0.0250
vt 0.6562 0.0000
vt 0.7969 0.5000
vt 0.8125 0.5000
vt 0.8125 0.0000
vt 0.7969 0.0000
vt 0.1875 0.0000
vt 0.1719 0.0000
vt 0.1719 0.5000
vt 0.1875 0.5000
vt 0.6562 0.5000
vt 0.6758 0.5000
vt 0.6758 0.0000
vt 0.6562 0.0000
vt 0.6562 0.0000
vt 0.6758 0.0000
vt 0.6758 0.5000
vt 0.6562 0.5000
vt 0.6562 -0.0250
vt 0.6758 -0.0250
vt 0.6758 0.0000
vt 0.6562 0.0000
vt 0.6562 -0.0250
vt 0.6758 -0.0250
vt 0.6758 0.5000
vt 0.6562 0.5000
vt 0.6562 0.5000
vt 0.6758 0.5000
vt 0.6758 0.0000
vt 0.6562 0.0000
vt 0.1875 0.0000
vt 0.1719 0.0000
vt 0.1719 0.5000
vt 0.1875 0.5000
vt 0.7969 0.5000
vt 0.8125 0.5000
vt 0.8125 0.0000
vt 0.7969 0.0000
vt 0.6758 0.0000
vt 0.6758 -0.0250
vt 0.6562 -0.0250
vt 0.6562 0.0000
vt 0.2031 0.2000
vt 0.2031 0.4000
vt 0.1875 0.4000
vt 0.1875 0.2000
vt 0.2812 0.2000
vt 0.2812 0.4000
vt 0.2969 0.3750
vt 0.2969 0.2250
vt 0.1875 0.2250
vt 0.1875 0.3750
vt 0.2031 0.3750
vt 0.2031 0.2250
vt 0.2969 0.2250
vt 0.2969 0.3750
vt 0.2812 0.4000
vt 0.2812 0.2000
vt 0.1875 0.1750
vt 0.1875 0.1500
vt 0.2031 0.1500
vt 0.2031 0.1750
vt 0.2031 0.3993
vt 0.2031 0.1993
vt 0.1875 0.1993
vt 0.1875 0.3993
vt 0.4063 0.3993
vt 0.4063 0.1993
vt 0.3906 0.2243
vt 0.3906 0.3743
vt 0.1875 0.3743
vt 0.1875 0.2243
vt 0.2031 0.2243
vt 0.2031 0.3743
vt 0.3906 0.3743
vt 0.3906 0.2243
vt 0.4063 0.1993
vt 0.4063 0.3993
vt 0.1875 0.3500
vt 0.1875 0.3250
vt 0.2031 0.3250
vt 0.2031 0.3500
vt 0.1875 0.3250
vt 0.1875 0.3500
vt 0.2031 0.3500
vt 0.2031 0.3250
vt 0.2031 0.1504
vt 0.2031 0.3504
vt 0.1875 0.3504
vt 0.1875 0.1504
vt 0.3533 0.4706
vt 0.3533 0.3037
vt 0.3346 0.3246
vt 0.3346 0.4497
vt 0.1875 0.1754
vt 0.1875 0.3254
vt 0.2031 0.3254
vt 0.2031 0.1754
vt 0.3346 0.4497
vt 0.3346 0.3246
vt 0.3533 0.3037
vt 0.3533 0.4706
vt 0.2890 0.2851
vt 0.2890 0.4851
vt 0.3046 0.4851
vt 0.3046 0.2851
vt 0.2593 0.1038
vt 0.2593 0.2707
vt 0.2780 0.2498
vt 0.2780 0.1246
vt 0.3046 0.3101
vt 0.3046 0.4601
vt 0.2890 0.4601
vt 0.2890 0.3101
vt 0.2780 0.1246
vt 0.2780 0.2498
vt 0.2593 0.2707
vt 0.2593 0.1038
vt 0.2593 0.3955
vt 0.2780 0.3955
vt 0.2780 0.3747
vt 0.2593 0.3747
vt 0.2780 0.3955
vt 0.2593 0.3955
vt 0.2593 0.3747
vt 0.2780 0.3747
vt 0.2031 0.1504
vt 0.2031 0.3504
vt 0.1875 0.3504
vt 0.1875 0.1504
vt 0.3533 0.4706
vt 0.3533 0.3037
vt 0.3346 0.3246
vt 0.3346 0.4497
vt 0.1875 0.1754
vt 0.1875 0.3254
vt 0.2031 0.3254
vt 0.2031 0.1754
vt 0.3346 0.4497
vt 0.3346 0.3246
vt 0.3533 0.3037
vt 0.3533 0.4706
vt 0.2407 0.4663
vt 0.2407 0.0663
vt 0.2220 0.0663
vt 0.2220 0.4663
vt 0.7838 0.4663
vt 0.7838 0.0663
vt 0.7651 0.0663
vt 0.7651 0.4413
vt 0.2220 0.4413
vt 0.2220 0.0663
vt 0.2407 0.0663
vt 0.2407 0.4413
vt 0.7651 0.4413
vt 0.7651 0.0663
vt 0.7838 0.0663
vt 0.7838 0.4663
vt 0.2220 0.8170
vt 0.2220 0.7920
vt 0.2407 0.7920
vt 0.2407 0.8170
vt 0.9710 0.7920
vt 0.9710 0.8170
vt 0.9898 0.8170
vt 0.9898 0.7920
vt 0.2220 0.4663
vt 0.2220 0.0663
vt 0.2407 0.0663
vt 0.2407 0.4663
vt 0.6340 0.4663
vt 0.6340 0.0663
vt 0.6527 0.0663
vt 0.6527 0.4413
vt 0.2407 0.4413
vt 0.2407 0.0663
vt 0.2220 0.0663
vt 0.2220 0.4413
vt 0.6527 0.4413
vt 0.6527 0.0663
vt 0.6340 0.0663
vt 0.6340 0.4663
vt 0.2407 0.6170
vt 0.2407 0.6420
vt 0.2220 0.6420
vt 0.2220 0.6170
vt 0.2407 0.6420
vt 0.2407 0.6170
vt 0.2220 0.6170
vt 0.2220 0.6420
vt 0.2031 0.2000
vt 0.2031 0.4000
vt 0.1875 0.4000
vt 0.1875 0.2000
vt 0.2812 0.2000
vt 0.2812 0.4000
vt 0.2969 0.3750
vt 0.2969 0.2250
vt 0.1875 0.2250
vt 0.1875 0.3750
vt 0.2031 0.3750
vt 0.2031 0.2250
vt 0.2969 0.2250
vt 0.2969 0.3750
vt 0.2812 0.4000
vt 0.2812 0.2000
vt 0.1875 0.1750
vt 0.1875 0.1500
vt 0.2031 0.1500
vt 0.2031 0.1750
vt 0.2031 0.3993
vt 0.2031 0.1993
vt 0.1875 0.1993
vt 0.1875 0.3993
vt 0.4063 0.3993
vt 0.4063 0.1993
vt 0.3906 0.2243
vt 0.3906 0.3743
vt 0.1875 0.3743
vt 0.1875 0.2243
vt 0.2031 0.2243
vt 0.2031 0.3743
vt 0.3906 0.3743
vt 0.3906 0.2243
vt 0.4063 0.1993
vt 0.4063 0.3993
vt 0.1875 0.3500
vt 0.1875 0.3250
vt 0.2031 0.3250
vt 0.2031 0.3500
vt 0.1875 0.3250
vt 0.1875 0.3500
vt 0.2031 0.3500
vt 0.2031 0.3250
vt 0.2031 0.1504
vt 0.2031 0.3504
vt 0.1875 0.3504
vt 0.1875 0.1504
vt 0.3533 0.4706
vt 0.3533 0.3037
vt 0.3346 0.3246
vt 0.3346 0.4497
vt 0.1875 0.1754
vt 0.1875 0.3254
vt 0.2031 0.3254
vt 0.2031 0.1754
vt 0.3346 0.4497
vt 0.3346 0.3246
vt 0.3533 0.3037
vt 0.3533 0.4706
vt 0.2890 0.2851
vt 0.2890 0.4851
vt 0.3046 0.4851
vt 0.3046 0.2851
vt 0.2593 0.1038
vt 0.2593 0.2707
vt 0.2780 0.2498
vt 0.2780 0.1246
vt 0.3046 0.3101
vt 0.3046 0.4601
vt 0.2890 0.4601
vt 0.2890 0.3101
vt 0.2780 0.1246
vt 0.2780 0.2498
vt 0.2593 0.2707
vt 0.2593 0.1038
vt 0.2593 0.3955
vt 0.2780 0.3955
vt 0.2780 0.3747
vt 0.2593 0.3747
vt 0.2780 0.3955
vt 0.2593 0.3955
vt 0.2593 0.3747
vt 0.2780 0.3747
vt 0.2031 0.2000
vt 0.2031 0.4000
vt 0.1875 0.4000
vt 0.1875 0.2000
vt 0.2812 0.2000
vt 0.2812 0.4000
vt 0.2969 0.3750
vt 0.2969 0.2250
vt 0.1875 0.2250
vt 0.1875 0.3750
vt 0.2031 0.3750
vt 0.2031 0.2250
vt 0.2969 0.2250
vt 0.2969 0.3750
vt 0.2812 0.4000
vt 0.2812 0.2000
vt 0.1875 0.1750
vt 0.1875 0.1500
vt 0.2031 0.1500
vt 0.2031 0.1750
vt 0.2031 0.3993
vt 0.2031 0.1993
vt 0.1875 0.1993
vt 0.1875 0.3993
vt 0.4063 0.3993
vt 0.4063 0.1993
vt 0.3906 0.2243
vt 0.3906 0.3743
vt 0.1875 0.3743
vt 0.1875 0.2243
vt 0.2031 0.2243
vt 0.2031 0.3743
vt 0.3906 0.3743
vt 0.3906 0.2243
vt 0.4063 0.1993
vt 0.4063 0.3993
vt 0.1875 0.3500
vt 0.1875 0.3250
vt 0.2031 0.3250
vt 0.2031 0.3500
vt 0.1875 0.3250
vt 0.1875 0.3500
vt 0.2031 0.3500
vt 0.2031 0.3250
vt 0.2031 0.1504
vt 0.2031 0.3504
vt 0.1875 0.3504
vt 0.1875 0.1504
vt 0.3533 0.4706
vt 0.3533 0.3037
vt 0.3346 0.3246
vt 0.3346 0.4497
vt 0.1875 0.1754
vt 0.1875 0.3254
vt 0.2031 0.3254
vt 0.2031 0.1754
vt 0.3346 0.4497
vt 0.3346 0.3246
vt 0.3533 0.3037
vt 0.3533 0.4706
vt 0.2890 0.2851
vt 0.2890 0.4851
vt 0.3046 0.4851
vt 0.3046 0.2851
vt 0.2593 0.1038
vt 0.2593 0.2707
vt 0.2780 0.2498
vt 0.2780 0.1246
vt 0.3046 0.3101
vt 0.3046 0.4601
vt 0.2890 0.4601
vt 0.2890 0.3101
vt 0.2780 0.1246
vt 0.2780 0.2498
vt 0.2593 0.2707
vt 0.2593 0.1038
vt 0.2593 0.3955
vt 0.2780 0.3955
vt 0.2780 0.3747
vt 0.2593 0.3747
vt 0.2780 0.3955
vt 0.2593 0.3955
vt 0.2593 0.3747
vt 0.2780 0.3747
vt 0.6758 0.0000
vt 0.6562 0.0000
vt 0.6562 -0.0250
vt 0.6758 -0.0250
vt 0.6758 0.5000
vt 0.6562 0.5000
vt 0.6562 0.5000
vt 0.6758 0.5000
vt 0.6758 0.0000
vt 0.6562 0.0000
vt 0.1875 0.0000
vt 0.1719 0.0000
vt 0.1719 0.5000
vt 0.1875 0.5000
vt 0.7969 0.5000
vt 0.8125 0.5000
vt 0.8125 0.0000
vt 0.7969 0.0000
vt 0.6758 0.0000
vt 0.6758 -0.0250
vt 0.6562 -0.0250
vt 0.6562 0.0000
vt 0.6758 0.0000
vt 0.6562 0.0000
vt 0.6562 -0.0250
vt 0.6758 -0.0250
vt 0.6758 0.5000
vt 0.6562 0.5000
vt 0.6562 0.5000
vt 0.6758 0.5000
vt 0.6758 0.0000
vt 0.6562 0.0000
vt 0.7969 0.5000
vt 0.8125 0.5000
vt 0.8125 0.0000
vt 0.7969 0.0000
vt 0.6758 0.0000
vt 0.6758 -0.0250
vt 0.6562 -0.0250
vt 0.6562 0.0000
vt 0.6758 0.0000
vt 0.6562 0.0000
vt 0.6562 -0.0250
vt 0.6758 -0.0250
vt 0.6758 0.5000
vt 0.6562 0.5000
vt 0.6562 0.5000
vt 0.6758 0.5000
vt 0.6758 0.0000
vt 0.6562 0.0000
vt 0.1875 0.0000
vt 0.1719 0.0000
vt 0.1719 0.5000
vt 0.1875 0.5000
vt 0.7969 0.5000
vt 0.8125 0.5000
vt 0.8125 0.0000
vt 0.7969 0.0000
vt 0.6758 0.0000
vt 0.6758 -0.0250
vt 0.6562 -0.0250
vt 0.6562 0.0000
vt 0.6562 0.0000
vt 0.6562 -0.0250
vt 0.6758 -0.0250
vt 0.6562 0.5000
vt 0.6562 0.5000
vt 0.6562 0.0000
vt 0.1875 0.0000
vt 0.1719 0.0000
vt 0.1719 0.5000
vt 0.1875 0.5000
vt 0.6758 0.0000
vt 0.6758 -0.0250
vt 0.6562 -0.0250
vt 0.6562 0.0000
vt 0.6562 0.0000
vt 0.6758 0.0000
vt 0.6758 0.5000
vt 0.6562 0.5000
vt 0.6562 0.5000
vt 0.6758 0.5000
vt 0.6758 0.0000
vt 0.6562 0.0000
vt 0.1875 0.0000
vt 0.1719 0.0000
vt 0.1719 0.5000
vt 0.1875 0.5000
vt 0.7969 0.5000
vt 0.8125 0.5000
vt 0.8125 0.0000
vt 0.7969 0.0000
vt 0.6758 0.0000
vt 0.6758 -0.0250
vt 0.6562 -0.0250
vt 0.6562 0.0000
vt 0.6758 0.0000
vt 0.6758 -0.0250
vt 0.6562 -0.0250
vt 0.6562 0.0000
vt 0.1875 0.0000
vt 0.1719 0.0000
vt 0.1719 0.5000
vt 0.1875 0.5000
vt 0.6562 0.5000
vt 0.6562 0.0000
vt 0.6562 0.0000
vt 0.6562 0.5000
vt 0.6562 -0.0250
vt 0.6758 -0.0250
vt 0.6758 0.0000
vt 0.6758 -0.0250
vt 0.7969 0.5000
vt 0.8125 0.5000
vt 0.8125 0.0000
vt 0.7969 0.0000
vt 0.6562 0.5000
vt 0.6758 0.5000
vt 0.6758 0.0000
vt 0.6562 0.0000
vt 0.6758 0.0000
vt 0.6758 0.5000
vt 0.6562 0.5000
vt 0.6758 -0.0250
vt 0.6758 0.0000
vt 0.6758 -0.0250
vt 0.6562 -0.0250
vt 0.6562 0.0000
vt 0.7969 0.5000
vt 0.8125 0.5000
vt 0.8125 0.0000
vt 0.7969 0.0000
vt 0.6562 0.5000
vt 0.6758 0.5000
vt 0.6758 0.0000
vt 0.6562 0.0000
vt 0.6562 0.0000
vt 0.6758 0.0000
vt 0.6758 0.5000
vt 0.6562 0.5000
vt 0.6562 -0.0250
vt 0.6758 -0.0250
vt 0.6758 0.0000
vt 0.6562 0.0000
vt 0.6562 -0.0250
vt 0.6758 -0.0250
vt 0.6758 0.5000
vt 0.6562 0.5000
vt 0.6562 0.5000
vt 0.6758 0.5000
vt 0.6758 0.0000
vt 0.6562 0.0000
vt 0.1875 0.0000
vt 0.1719 0.0000
vt 0.1719 0.5000
vt 0.1875 0.5000
vt 0.6758 0.0000
vt 0.6758 -0.0250
vt 0.6562 -0.0250
vt 0.6562 0.0000
vt 0.6758 0.0000
vt 0.6562 0.0000
vt 0.6562 -0.0250
vt 0.6758 -0.0250
vt 0.6758 0.5000
vt 0.6562 0.5000
vt 0.6562 0.5000
vt 0.6758 0.5000
vt 0.6758 0.0000
vt 0.6562 0.0000
vt 0.1875 0.0000
vt 0.1719 0.0000
vt 0.1719 0.5000
vt 0.1875 0.5000
vt 0.7969 0.5000
vt 0.8125 0.5000
vt 0.8125 0.0000
vt 0.7969 0.0000
vt 0.6758 0.0000
vt 0.6758 -0.0250
vt 0.6562 -0.0250
vt 0.6562 0.0000
vt 0.6758 0.0000
vt 0.6562 0.0000
vt 0.6562 -0.0250
vt 0.6758 -0.0250
vt 0.6758 0.5000
vt 0.6562 0.5000
vt 0.6562 0.5000
vt 0.6758 0.5000
vt 0.6758 0.0000
vt 0.6562 0.0000
vt 0.1875 0.0000
vt 0.1719 0.0000
vt 0.1719 0.5000
vt 0.1875 0.5000
vt 0.7969 0.5000
vt 0.8125 0.5000
vt 0.8125 0.0000
vt 0.7969 0.0000
vt 0.6758 0.0000
vt 0.6758 -0.0250
vt 0.6562 -0.0250
vt 0.6562 0.0000
vt 0.6562 0.0000
vt 0.6562 -0.0250
vt 0.6758 -0.0250
vt 0.6562 0.5000
vt 0.6562 0.5000
vt 0.6562 0.0000
vt 0.1875 0.0000
vt 0.1719 0.0000
vt 0.1719 0.5000
vt 0.1875 0.5000
vt 0.6758 0.0000
vt 0.6758 -0.0250
vt 0.6562 -0.0250
vt 0.6562 0.0000
vt 0.6758 0.0000
vt 0.6562 0.0000
vt 0.6562 -0.0250
vt 0.6758 -0.0250
vt 0.6758 0.5000
vt 0.6562 0.5000
vt 0.6562 0.5000
vt 0.6758 0.5000
vt 0.6758 0.0000
vt 0.6562 0.0000
vt 0.1875 0.0000
vt 0.1719 0.0000
vt 0.1719 0.5000
vt 0.1875 0.5000
vt 0.7969 0.5000
vt 0.8125 0.5000
vt 0.8125 0.0000
vt 0.7969 0.0000
vt 0.6758 0.0000
vt 0.6758 -0.0250
vt 0.6562 -0.0250
vt 0.6562 0.0000
vt 0.6758 0.0000
vt 0.6758 -0.0250
vt 0.6562 -0.0250
vt 0.6562 0.0000
vt 0.1875 0.0000
vt 0.1719 0.0000
vt 0.1719 0.5000
vt 0.1875 0.5000
vt 0.6562 0.5000
vt 0.6562 0.0000
vt 0.6562 0.0000
vt 0.6562 0.5000
vt 0.6562 -0.0250
vt 0.6758 -0.0250
vt 0.6758 0.0000
vt 0.6758 -0.0250
vt 0.7969 0.5000
vt 0.8125 0.5000
vt 0.8125 0.0000
vt 0.7969 0.0000
vt 0.6562 0.5000
vt 0.6758 0.5000
vt 0.6758 0.0000
vt 0.6562 0.0000
vt 0.6758 0.0000
vt 0.6758 0.5000
vt 0.6562 0.5000
vt 0.6758 -0.0250
vt 0.6758 0.0000
vt 0.6758 -0.0250
vt 0.6562 -0.0250
vt 0.6562 0.0000
vt 0.7969 0.5000
vt 0.8125 0.5000
vt 0.8125 0.0000
vt 0.7969 0.0000
vt 0.6562 0.5000
vt 0.6758 0.5000
vt 0.6758 0.0000
vt 0.6562 0.0000
vt 0.6562 0.0000
vt 0.6758 0.0000
vt 0.6758 0.5000
vt 0.6562 0.5000
vt 0.6562 -0.0250
vt 0.6758 -0.0250
vt 0.6758 0.0000
vt 0.6562 0.0000
vt 0.6562 -0.0250
vt 0.6758 -0.0250
vt 0.6758 0.5000
vt 0.6562 0.5000
vt 0.6562 0.5000
vt 0.6758 0.5000
vt 0.6758 0.0000
vt 0.6562 0.0000
vt 0.1875 0.0000
vt 0.1719 0.0000
vt 0.1719 0.5000
vt 0.1875 0.5000
vt 0.7969 0.5000
vt 0.8125 0.5000
vt 0.8125 0.0000
vt 0.7969 0.0000
vt 0.6758 0.0000
vt 0.6562 0.0000
vt 0.6562 -0.0250
vt 0.6758 -0.0250
vt 0.6758 0.5000
vt 0.6562 0.5000
vt 0.6562 0.5000
vt 0.6758 0.5000
vt 0.6758 0.0000
vt 0.6562 0.0000
vt 0.7969 0.5000
vt 0.8125 0.5000
vt 0.8125 0.0000
vt 0.7969 0.0000
vt 0.6758 0.0000
vt 0.6562 0.0000
vt 0.6562 -0.0250
vt 0.6758 -0.0250
vt 0.6758 0.5000
vt 0.6562 0.5000
vt 0.6562 0.5000
vt 0.6758 0.5000
vt 0.6758 0.0000
vt 0.6562 0.0000
vt 0.1875 0.0000
vt 0.1719 0.0000
vt 0.1719 0.5000
vt 0.1875 0.5000
vt 0.7969 0.5000
vt 0.8125 0.5000
vt 0.8125 0.0000
vt 0.7969 0.0000
vt 0.6562 0.0000
vt 0.6562 -0.0250
vt 0.6758 -0.0250
vt 0.6562 0.5000
vt 0.6562 0.5000
vt 0.6562 0.0000
vt 0.1875 0.0000
vt 0.1719 0.0000
vt 0.1719 0.5000
vt 0.1875 0.5000
vt 0.6758 0.0000
vt 0.6562 0.0000
vt 0.6562 -0.0250
vt 0.6758 -0.0250
vt 0.6758 0.5000
vt 0.6562 0.5000
vt 0.6562 0.5000
vt 0.6758 0.5000
vt 0.6758 0.0000
vt 0.6562 0.0000
vt 0.1875 0.0000
vt 0.1719 0.0000
vt 0.1719 0.5000
vt 0.1875 0.5000
vt 0.7969 0.5000
vt 0.8125 0.5000
vt 0.8125 0.0000
vt 0.7969 0.0000
vt 0.1875 0.0000
vt 0.1719 0.0000
vt 0.1719 0.5000
vt 0.1875 0.5000
vt 0.6562 0.0000
vt 0.6562 0.0000
vt 0.6562 -0.0250
vt 0.6758 -0.0250
vt 0.6758 0.0000
vt 0.6758 -0.0250
vt 0.7969 0.5000
vt 0.8125 0.5000
vt 0.8125 0.0000
vt 0.7969 0.0000
vt 0.6562 0.5000
vt 0.6758 0.5000
vt 0.6758 0.0000
vt 0.6758 0.5000
vt 0.6562 0.5000
vt 0.7969 0.5000
vt 0.8125 0.5000
vt 0.8125 0.0000
vt 0.7969 0.0000
vt 0.6562 0.5000
vt 0.6758 0.5000
vt 0.6758 0.0000
vt 0.6562 0.0000
vt 0.6562 0.0000
vt 0.6758 0.0000
vt 0.6758 0.5000
vt 0.6562 0.5000
vt 0.6562 -0.0250
vt 0.6758 -0.0250
vt 0.6758 0.0000
vt 0.6562 0.0000
vt 0.6562 -0.0250
vt 0.6758 -0.0250
vt 0.6758 0.5000
vt 0.6562 0.5000
vt 0.6562 0.5000
vt 0.6758 0.5000
vt 0.6758 0.0000
vt 0.6562 0.0000
vt 0.1875 0.0000
vt 0.1719 0.0000
vt 0.1719 0.5000
vt 0.1875 0.5000
vt 0.7969 0.5000
vt 0.8125 0.5000
vt 0.8125 0.0000
vt 0.7969 0.0000
vt 0.6758 0.0000
vt 0.6758 -0.0250
vt 0.6562 -0.0250
vt 0.6562 0.0000
vt 0.6758 0.0000
vt 0.6562 0.0000
vt 0.6562 -0.0250
vt 0.6758 -0.0250
vt 0.6758 0.5000
vt 0.6562 0.5000
vt 0.6562 0.5000
vt 0.6758 0.5000
vt 0.6758 0.0000
vt 0.6562 0.0000
vt 0.6758 0.0000
vt 0.6758 -0.0250
vt 0.6562 -0.0250
vt 0.6562 0.0000
vt 0.6758 0.0000
vt 0.6562 0.0000
vt 0.6562 -0.0250
vt 0.6758 -0.0250
vt 0.6758 0.5000
vt 0.6562 0.5000
vt 0.6562 0.5000
vt 0.6758 0.5000
vt 0.6758 0.0000
vt 0.6562 0.0000
vt 0.1875 0.0000
vt 0.1719 0.0000
vt 0.1719 0.5000
vt 0.1875 0.5000
vt 0.6758 0.0000
vt 0.6758 -0.0250
vt 0.6562 -0.0250
vt 0.6562 0.0000
vt 0.6562 0.0000
vt 0.6562 -0.0250
vt 0.6758 -0.0250
vt 0.6562 0.5000
vt 0.6562 0.5000
vt 0.6562 0.0000
vt 0.1875 0.0000
vt 0.1719 0.0000
vt 0.1719 0.5000
vt 0.1875 0.5000
vt 0.7969 0.5000
vt 0.8125 0.5000
vt 0.8125 0.0000
vt 0.7969 0.0000
vt 0.6758 0.0000
vt 0.6758 -0.0250
vt 0.6562 -0.0250
vt 0.6562 0.0000
vt 0.6758 0.0000
vt 0.6562 0.0000
vt 0.6562 -0.0250
vt 0.6758 -0.0250
vt 0.6758 0.5000
vt 0.6562 0.5000
vt 0.6562 0.5000
vt 0.6758 0.5000
vt 0.6758 0.0000
vt 0.6562 0.0000
vt 0.1875 0.0000
vt 0.1719 0.0000
vt 0.1719 0.5000
vt 0.1875 0.5000
vt 0.7969 0.5000
vt 0.8125 0.5000
vt 0.8125 0.0000
vt 0.7969 0.0000
vt 0.6758 0.0000
vt 0.6758 -0.0250
vt 0.6562 -0.0250
vt 0.6562 0.0000
vt 0.6758 0.0000
vt 0.6758 -0.0250
vt 0.6562 -0.0250
vt 0.6562 0.0000
vt 0.7969 0.5000
vt 0.8125 0.5000
vt 0.8125 0.0000
vt 0.7969 0.0000
vt 0.1875 0.0000
vt 0.1719 0.0000
vt 0.1719 0.5000
vt 0.1875 0.5000
vt 0.6562 0.5000
vt 0.6562 0.0000
vt 0.6562 0.0000
vt 0.6562 0.5000
vt 0.6562 -0.0250
vt 0.6758 -0.0250
vt 0.6758 0.0000
vt 0.6758 -0.0250
vt 0.6562 0.5000
vt 0.6758 0.5000
vt 0.6758 0.0000
vt 0.6562 0.0000
vt 0.6758 0.0000
vt 0.6758 0.5000
vt 0.6562 0.5000
vt 0.6758 -0.0250
vt 0.6758 0.0000
vt 0.6758 -0.0250
vt 0.6562 -0.0250
vt 0.6562 0.0000
vt 0.7969 0.5000
vt 0.8125 0.5000
vt 0.8125 0.0000
vt 0.7969 0.0000
vt 0.1875 0.0000
vt 0.1719 0.0000
vt 0.1719 0.5000
vt 0.1875 0.5000
vt 0.6562 0.5000
vt 0.6758 0.5000
vt 0.6758 0.0000
vt 0.6562 0.0000
vt 0.6562 0.0000
vt 0.6758 0.0000
vt 0.6758 0.5000
vt 0.6562 0.5000
vt 0.6562 -0.0250
vt 0.6758 -0.0250
vt 0.6758 0.0000
vt 0.6562 0.0000
vt 0.6562 -0.0250
vt 0.6758 -0.0250
vt 0.6758 0.5000
vt 0.6562 0.5000
vt 0.6562 0.5000
vt 0.6758 0.5000
vt 0.6758 0.0000
vt 0.6562 0.0000
vt 0.1875 0.0000
vt 0.1719 0.0000
vt 0.1719 0.5000
vt 0.1875 0.5000
vt 0.7969 0.5000
vt 0.8125 0.5000
vt 0.8125 0.0000
vt 0.7969 0.0000
vt 0.6758 0.0000
vt 0.6562 0.0000
vt 0.6562 -0.0250
vt 0.6758 -0.0250
vt 0.6758 0.5000
vt 0.6562 0.5000
vt 0.6562 0.5000
vt 0.6758 0.5000
vt 0.6758 0.0000
vt 0.6562 0.0000
vt 0.7969 0.5000
vt 0.8125 0.5000
vt 0.8125 0.0000
vt 0.7969 0.0000
vt 0.6758 0.0000
vt 0.6562 0.0000
vt 0.6562 -0.0250
vt 0.6758 -0.0250
vt 0.6758 0.5000
vt 0.6562 0.5000
vt 0.6562 0.5000
vt 0.6758 0.5000
vt 0.6758 0.0000
vt 0.6562 0.0000
vt 0.1875 0.0000
vt 0.1719 0.0000
vt 0.1719 0.5000
vt 0.1875 0.5000
vt 0.7969 0.5000
vt 0.8125 0.5000
vt 0.8125 0.0000
vt 0.7969 0.0000
vt 0.6562 0.0000
vt 0.6562 -0.0250
vt 0.6758 -0.0250
vt 0.6562 0.5000
vt 0.6562 0.5000
vt 0.6562 0.0000
vt 0.1875 0.0000
vt 0.1719 0.0000
vt 0.1719 0.5000
vt 0.1875 0.5000
vt 0.6758 0.0000
vt 0.6562 0.0000
vt 0.6562 -0.0250
vt 0.6758 -0.0250
vt 0.6758 0.5000
vt 0.6562 0.5000
vt 0.6562 0.5000
vt 0.6758 0.5000
vt 0.6758 0.0000
vt 0.6562 0.0000
vt 0.1875 0.0000
vt 0.1719 0.0000
vt 0.1719 0.5000
vt 0.1875 0.5000
vt 0.7969 0.5000
vt 0.8125 0.5000
vt 0.8125 0.0000
vt 0.7969 0.0000
vt 0.1875 0.0000
vt 0.1719 0.0000
vt 0.1719 0.5000
vt 0.1875 0.5000
vt 0.6562 0.0000
vt 0.6562 0.0000
vt 0.6562 -0.0250
vt 0.6758 -0.0250
vt 0.6758 0.0000
vt 0.6758 -0.0250
vt 0.7969 0.5000
vt 0.8125 0.5000
vt 0.8125 0.0000
vt 0.7969 0.0000
vt 0.6562 0.5000
vt 0.6758 0.5000
vt 0.6758 0.0000
vt 0.6758 0.5000
vt 0.6562 0.5000
vt 0.7969 0.5000
vt 0.8125 0.5000
vt 0.8125 0.0000
vt 0.7969 0.0000
vt 0.6562 0.5000
vt 0.6758 0.5000
vt 0.6758 0.0000
vt 0.6562 0.0000
vt 0.6562 0.0000
vt 0.6758 0.0000
vt 0.6758 0.5000
vt 0.6562 0.5000
vt 0.6562 -0.0250
vt 0.6758 -0.0250
vt 0.6758 0.0000
vt 0.6562 0.0000
vt 0.6562 -0.0250
vt 0.6758 -0.0250
vt 0.6758 0.5000
vt 0.6562 0.5000
vt 0.6562 0.5000
vt 0.6758 0.5000
vt 0.6758 0.0000
vt 0.6562 0.0000
vt 0.1875 0.0000
vt 0.1719 0.0000
vt 0.1719 0.5000
vt 0.1875 0.5000
vt 0.7969 0.5000
vt 0.8125 0.5000
vt 0.8125 0.0000
vt 0.7969 0.0000
vt 0.6758 0.0000
vt 0.6758 -0.0250
vt 0.6562 -0.0250
vt 0.6562 0.0000
vt 0.6758 0.0000
vt 0.6562 0.0000
vt 0.6562 -0.0250
vt 0.6758 -0.0250
vt 0.6758 0.5000
vt 0.6562 0.5000
vt 0.6562 0.5000
vt 0.6758 0.5000
vt 0.6758 0.0000
vt 0.6562 0.0000
vt 0.6758 0.0000
vt 0.6758 -0.0250
vt 0.6562 -0.0250
vt 0.6562 0.0000
vt 0.6758 0.0000
vt 0.6562 0.0000
vt 0.6562 -0.0250
vt 0.6758 -0.0250
vt 0.6758 0.5000
vt 0.6562 0.5000
vt 0.6562 0.5000
vt 0.6758 0.5000
vt 0.6758 0.0000
vt 0.6562 0.0000
vt 0.1875 0.0000
vt 0.1719 0.0000
vt 0.1719 0.5000
vt 0.1875 0.5000
vt 0.7969 0.5000
vt 0.8125 0.5000
vt 0.8125 0.0000
vt 0.7969 0.0000
vt 0.6758 0.0000
vt 0.6758 -0.0250
vt 0.6562 -0.0250
vt 0.6562 0.0000
vt 0.6562 0.0000
vt 0.6562 -0.0250
vt 0.6758 -0.0250
vt 0.6562 0.5000
vt 0.6562 0.5000
vt 0.6562 0.0000
vt 0.1875 0.0000
vt 0.1719 0.0000
vt 0.1719 0.5000
vt 0.1875 0.5000
vt 0.6758 0.0000
vt 0.6758 -0.0250
vt 0.6562 -0.0250
vt 0.6562 0.0000
vt 0.6758 0.0000
vt 0.6562 0.0000
vt 0.6562 -0.0250
vt 0.6758 -0.0250
vt 0.6758 0.5000
vt 0.6562 0.5000
vt 0.6562 0.5000
vt 0.6758 0.5000
vt 0.6758 0.0000
vt 0.6562 0.0000
vt 0.1875 0.0000
vt 0.1719 0.0000
vt 0.1719 0.5000
vt 0.1875 0.5000
vt 0.7969 0.5000
vt 0.8125 0.5000
vt 0.8125 0.0000
vt 0.7969 0.0000
vt 0.6758 0.0000
vt 0.6758 -0.0250
vt 0.6562 -0.0250
vt 0.6562 0.0000
vt 0.6758 0.0000
vt 0.6758 -0.0250
vt 0.6562 -0.0250
vt 0.6562 0.0000
vt 0.7969 0.5000
vt 0.8125 0.5000
vt 0.8125 0.0000
vt 0.7969 0.0000
vt 0.1875 0.0000
vt 0.1719 0.0000
vt 0.1719 0.5000
vt 0.1875 0.5000
vt 0.6562 0.5000
vt 0.6562 0.0000
vt 0.6562 0.0000
vt 0.6562 0.5000
vt 0.6562 -0.0250
vt 0.6758 -0.0250
vt 0.6758 0.0000
vt 0.6758 -0.0250
vt 0.7969 0.5000
vt 0.8125 0.5000
vt 0.8125 0.0000
vt 0.7969 0.0000
vt 0.6562 0.5000
vt 0.6758 0.5000
vt 0.6758 0.0000
vt 0.6562 0.0000
vt 0.6758 0.0000
vt 0.6758 0.5000
vt 0.6562 0.5000
vt 0.6758 -0.0250
vt 0.6758 0.0000
vt 0.6758 -0.0250
vt 0.6562 -0.0250
vt 0.6562 0.0000
vt 0.7969 0.5000
vt 0.8125 0.5000
vt 0.8125 0.0000
vt 0.7969 0.0000
vt 0.6562 0.5000
vt 0.6758 0.5000
vt 0.6758 0.0000
vt 0.6562 0.0000
vt 0.6562 0.0000
vt 0.6758 0.0000
vt 0.6758 0.5000
vt 0.6562 0.5000
vt 0.6562 -0.0250
vt 0.6758 -0.0250
vt 0.6758 0.0000
vt 0.6562 0.0000
vt 0.6562 -0.0250
vt 0.6758 -0.0250
vt 0.6758 0.5000
vt 0.6562 0.5000
vt 0.6562 0.5000
vt 0.6758 0.5000
vt 0.6758 0.0000
vt 0.6562 0.0000
vt 0.1875 0.0000
vt 0.1719 0.0000
vt 0.1719 0.5000
vt 0.1875 0.5000
vt 0.6758 0.0000
vt 0.6562 0.0000
vt 0.6562 -0.0250
vt 0.6758 -0.0250
vt 0.6758 0.5000
vt 0.6562 0.5000
vt 0.6562 0.5000
vt 0.6758 0.5000
vt 0.6758 0.0000
vt 0.6562 0.0000
vt 0.1875 0.0000
vt 0.1719 0.0000
vt 0.1719 0.5000
vt 0.1875 0.5000
vt 0.7969 0.5000
vt 0.8125 0.5000
vt 0.8125 0.0000
vt 0.7969 0.0000
vt 0.6758 0.0000
vt 0.6562 0.0000
vt 0.6562 -0.0250
vt 0.6758 -0.0250
vt 0.6758 0.5000
vt 0.6562 0.5000
vt 0.6562 0.5000
vt 0.6758 0.5000
vt 0.6758 0.0000
vt 0.6562 0.0000
vt 0.1875 0.0000
vt 0.1719 0.0000
vt 0.1719 0.5000
vt 0.1875 0.5000
vt 0.7969 0.5000
vt 0.8125 0.5000
vt 0.8125 0.0000
vt 0.7969 0.0000
vt 0.6562 0.0000
vt 0.6562 -0.0250
vt 0.6758 -0.0250
vt 0.6562 0.5000
vt 0.6562 0.5000
vt 0.6562 0.0000
vt 0.1875 0.0000
vt 0.1719 0.0000
vt 0.1719 0.5000
vt 0.1875 0.5000
vt 0.6758 0.0000
vt 0.6562 0.0000
vt 0.6562 -0.0250
vt 0.6758 -0.0250
vt 0.6758 0.5000
vt 0.6562 0.5000
vt 0.6562 0.5000
vt 0.6758 0.5000
vt 0.6758 0.0000
vt 0.6562 0.0000
vt 0.1875 0.0000
vt 0.1719 0.0000
vt 0.1719 0.5000
vt 0.1875 0.5000
vt 0.7969 0.5000
vt 0.8125 0.5000
vt 0.8125 0.0000
vt 0.7969 0.0000
vt 0.1875 0.0000
vt 0.1719 0.0000
vt 0.1719 0.5000
vt 0.1875 0.5000
vt 0.6562 0.0000
vt 0.6562 0.0000
vt 0.6562 -0.0250
vt 0.6758 -0.0250
vt 0.6758 0.0000
vt 0.6758 -0.0250
vt 0.7969 0.5000
vt 0.8125 0.5000
vt 0.8125 0.0000
vt 0.7969 0.0000
vt 0.6562 0.5000
vt 0.6758 0.5000
vt 0.6758 0.0000
vt 0.6758 0.5000
vt 0.6562 0.5000
vt 0.7969 0.5000
vt 0.8125 0.5000
vt 0.8125 0.0000
vt 0.7969 0.0000
vt 0.6562 0.5000
vt 0.6758 0.5000
vt 0.6758 0.0000
vt 0.6562 0.0000
vt 0.6562 0.0000
vt 0.6758 0.0000
vt 0.6758 0.5000
vt 0.6562 0.5000
vt 0.6562 -0.0250
vt 0.6758 -0.0250
vt 0.6758 0.0000
vt 0.6562 0.0000
vt 0.6562 -0.0250
vt 0.6758 -0.0250
vt 0.6758 0.5000
vt 0.6562 0.5000
vt 0.6562 0.5000
vt 0.6758 0.5000
vt 0.6758 0.0000
vt 0.6562 0.0000
vt 0.1875 0.0000
vt 0.1719 0.0000
vt 0.1719 0.5000
vt 0.1875 0.5000
vt 0.7969 0.5000
vt 0.8125 0.5000
vt 0.8125 0.0000
vt 0.7969 0.0000
vt 0.6758 0.0000
vt 0.6758 -0.0250
vt 0.6562 -0.0250
vt 0.6562 0.0000
vt 0.6758 0.0000
vt 0.6562 0.0000
vt 0.6562 -0.0250
vt 0.6758 -0.0250
vt 0.6758 0.5000
vt 0.6562 0.5000
vt 0.6562 0.5000
vt 0.6758 0.5000
vt 0.6758 0.0000
vt 0.6562 0.0000
vt 0.7969 0.5000
vt 0.8125 0.5000
vt 0.8125 0.0000
vt 0.7969 0.0000
vt 0.6758 0.0000
vt 0.6758 -0.0250
vt 0.6562 -0.0250
vt 0.6562 0.0000
vt 0.6758 0.0000
vt 0.6562 0.0000
vt 0.6562 -0.0250
vt 0.6758 -0.0250
vt 0.6758 0.5000
vt 0.6562 0.5000
vt 0.6562 0.5000
vt 0.6758 0.5000
vt 0.6758 0.0000
vt 0.6562 0.0000
vt 0.1875 0.0000
vt 0.1719 0.0000
vt 0.1719 0.5000
vt 0.1875 0.5000
vt 0.7969 0.5000
vt 0.8125 0.5000
vt 0.8125 0.0000
vt 0.7969 0.0000
vt 0.6758 0.0000
vt 0.6758 -0.0250
vt 0.6562 -0.0250
vt 0.6562 0.0000
vt 0.6562 0.0000
vt 0.6562 -0.0250
vt 0.6758 -0.0250
vt 0.6562 0.5000
vt 0.6562 0.5000
vt 0.6562 0.0000
vt 0.1875 0.0000
vt 0.1719 0.0000
vt 0.1719 0.5000
vt 0.1875 0.5000
vt 0.6758 0.0000
vt 0.6758 -0.0250
vt 0.6562 -0.0250
vt 0.6562 0.0000
vt 0.6758 0.0000
vt 0.6562 0.0000
vt 0.6562 -0.0250
vt 0.6758 -0.0250
vt 0.6758 0.5000
vt 0.6562 0.5000
vt 0.6562 0.5000
vt 0.6758 0.5000
vt 0.6758 0.0000
vt 0.6562 0.0000
vt 0.1875 0.0000
vt 0.1719 0.0000
vt 0.1719 0.5000
vt 0.1875 0.5000
vt 0.7969 0.5000
vt 0.8125 0.5000
vt 0.8125 0.0000
vt 0.7969 0.0000
vt 0.6758 0.0000
vt 0.6758 -0.0250
vt 0.6562 -0.0250
vt 0.6562 0.0000
vt 0.6758 0.0000
vt 0.6758 -0.0250
vt 0.6562 -0.0250
vt 0.6562 0.0000
vt 0.1875 0.0000
vt 0.1719 0.0000
vt 0.1719 0.5000
vt 0.1875 0.5000
vt 0.6562 0.5000
vt 0.6562 0.0000
vt 0.6562 0.0000
vt 0.6562 0.5000
vt 0.6562 -0.0250
vt 0.6758 -0.0250
vt 0.6758 0.0000
vt 0.6758 -0.0250
vt 0.7969 0.5000
vt 0.8125 0.5000
vt 0.8125 0.0000
vt 0.7969 0.0000
vt 0.6562 0.5000
vt 0.6758 0.5000
vt 0.6758 0.0000
vt 0.6562 0.0000
vt 0.6758 0.0000
vt 0.6758 0.5000
vt 0.6562 0.5000
vt 0.6758 -0.0250
vt 0.6758 0.0000
vt 0.6758 -0.0250
vt 0.6562 -0.0250
vt 0.6562 0.0000
vt 0.7969 0.5000
vt 0.8125 0.5000
vt 0.8125 0.0000
vt 0.7969 0.0000
vt 0.6562 0.5000
vt 0.6758 0.5000
vt 0.6758 0.0000
vt 0.6562 0.0000
vt 0.6562 0.0000
vt 0.6758 0.0000
vt 0.6758 0.5000
vt 0.6562 0.5000
vt 0.6562 -0.0250
vt 0.6758 -0.0250
vt 0.6758 0.0000
vt 0.6562 0.0000
vt 0.6562 -0.0250
vt 0.6758 -0.0250
vt 0.6758 0.5000
vt 0.6562 0.5000
vt 0.6562 0.5000
vt 0.6758 0.5000
vt 0.6758 0.0000
vt 0.6562 0.0000
vt 0.1875 0.0000
vt 0.1719 0.0000
vt 0.1719 0.5000
vt 0.1875 0.5000
vt 0.6758 0.0000
vt 0.6562 0.0000
vt 0.6562 -0.0250
vt 0.6758 -0.0250
vt 0.6758 0.5000
vt 0.6562 0.5000
vt 0.6562 0.5000
vt 0.6758 0.5000
vt 0.6758 0.0000
vt 0.6562 0.0000
vt 0.1875 0.0000
vt 0.1719 0.0000
vt 0.1719 0.5000
vt 0.1875 0.5000
vt 0.7969 0.5000
vt 0.8125 0.5000
vt 0.8125 0.0000
vt 0.7969 0.0000
vt 0.6758 0.0000
vt 0.6562 0.0000
vt 0.6562 -0.0250
vt 0.6758 -0.0250
vt 0.6758 0.5000
vt 0.6562 0.5000
vt 0.6562 0.5000
vt 0.6758 0.5000
vt 0.6758 0.0000
vt 0.6562 0.0000
vt 0.1875 0.0000
vt 0.1719 0.0000
vt 0.1719 0.5000
vt 0.1875 0.5000
vt 0.6562 0.0000
vt 0.6562 -0.0250
vt 0.6758 -0.0250
vt 0.6562 0.5000
vt 0.6562 0.5000
vt 0.6562 0.0000
vt 0.1875 0.0000
vt 0.1719 0.0000
vt 0.1719 0.5000
vt 0.1875 0.5000
vt 0.7969 0.5000
vt 0.8125 0.5000
vt 0.8125 0.0000
vt 0.7969 0.0000
vt 0.6758 0.0000
vt 0.6562 0.0000
vt 0.6562 -0.0250
vt 0.6758 -0.0250
vt 0.6758 0.5000
vt 0.6562 0.5000
vt 0.6562 0.5000
vt 0.6758 0.5000
vt 0.6758 0.0000
vt 0.6562 0.0000
vt 0.1875 0.0000
vt 0.1719 0.0000
vt 0.1719 0.5000
vt 0.1875 0.5000
vt 0.7969 0.5000
vt 0.8125 0.5000
vt 0.8125 0.0000
vt 0.7969 0.0000
vt 0.1875 0.0000
vt 0.1719 0.0000
vt 0.1719 0.5000
vt 0.1875 0.5000
vt 0.6562 0.0000
vt 0.6562 0.0000
vt 0.6562 -0.0250
vt 0.6758 -0.0250
vt 0.6758 0.0000
vt 0.6758 -0.0250
vt 0.7969 0.5000
vt 0.8125 0.5000
vt 0.8125 0.0000
vt 0.7969 0.0000
vt 0.6562 0.5000
vt 0.6758 0.5000
vt 0.6758 0.0000
vt 0.6758 0.5000
vt 0.6562 0.5000
vt 0.7969 0.5000
vt 0.8125 0.5000
vt 0.8125 0.0000
vt 0.7969 0.0000
vt 0.6562 0.5000
vt 0.6758 0.5000
vt 0.6758 0.0000
vt 0.6562 0.0000
vt 0.6562 0.0000
vt 0.6758 0.0000
vt 0.6758 0.5000
vt 0.6562 0.5000
vt 0.6562 -0.0250
vt 0.6758 -0.0250
vt 0.6758 0.0000
vt 0.6562 0.0000
vt 0.6562 -0.0250
vt 0.6758 -0.0250
vt 0.6758 0.5000
vt 0.6562 0.5000
vt 0.6562 0.5000
vt 0.6758 0.5000
vt 0.6758 0.0000
vt 0.6562 0.0000
vt 0.1875 0.0000
vt 0.1719 0.0000
vt 0.1719 0.5000
vt 0.1875 0.5000
vt 0.6758 0.0000
vt 0.6758 -0.0250
vt 0.6562 -0.0250
vt 0.6562 0.0000
vt 0.6562 0.0000
vt 0.6562 -0.0250
vt 0.6758 -0.0250
vt 0.6562 0.5000
vt 0.6562 0.5000
vt 0.6562 0.0000
vt 0.1875 0.0000
vt 0.1719 0.0000
vt 0.1719 0.5000
vt 0.1875 0.5000
vt 0.7969 0.5000
vt 0.8125 0.5000
vt 0.8125 0.0000
vt 0.7969 0.0000
vt 0.6758 0.0000
vt 0.6758 -0.0250
vt 0.6562 -0.0250
vt 0.6562 0.0000
vt 0.6758 0.0000
vt 0.6562 0.0000
vt 0.6562 -0.0250
vt 0.6758 -0.0250
vt 0.6758 0.5000
vt 0.6562 0.5000
vt 0.6562 0.5000
vt 0.6758 0.5000
vt 0.6758 0.0000
vt 0.6562 0.0000
vt 0.1875 0.0000
vt 0.1719 0.0000
vt 0.1719 0.5000
vt 0.1875 0.5000
vt 0.7969 0.5000
vt 0.8125 0.5000
vt 0.8125 0.0000
vt 0.7969 0.0000
vt 0.6758 0.0000
vt 0.6758 -0.0250
vt 0.6562 -0.0250
vt 0.6562 0.0000
vt 0.6758 0.0000
vt 0.6758 -0.0250
vt 0.6562 -0.0250
vt 0.6562 0.0000
vt 0.7969 0.5000
vt 0.8125 0.5000
vt 0.8125 0.0000
vt 0.7969 0.0000
vt 0.1875 0.0000
vt 0.1719 0.0000
vt 0.1719 0.5000
vt 0.1875 0.5000
vt 0.6562 0.5000
vt 0.6758 0.5000
vt 0.6758 0.0000
vt 0.6562 0.0000
vt 0.6562 0.0000
vt 0.6758 0.0000
vt 0.6758 0.5000
vt 0.6562 0.5000
vt 0.6562 -0.0250
vt 0.6758 -0.0250
vt 0.6758 0.0000
vt 0.6758 -0.0250
vt 0.7969 0.5000
vt 0.8125 0.5000
vt 0.8125 0.0000
vt 0.7969 0.0000
vt 0.6562 0.5000
vt 0.6758 0.5000
vt 0.6758 0.0000
vt 0.6562 0.0000
vt 0.6758 0.0000
vt 0.6758 0.5000
vt 0.6562 0.5000
vt 0.6758 -0.0250
vt 0.6758 0.0000
vt 0.6758 -0.0250
vt 0.6562 -0.0250
vt 0.6562 0.0000
vt 0.7969 0.5000
vt 0.8125 0.5000
vt 0.8125 0.0000
vt 0.7969 0.0000
vt 0.6562 0.5000
vt 0.6758 0.5000
vt 0.6758 0.0000
vt 0.6562 0.0000
vt 0.6562 0.0000
vt 0.6758 0.0000
vt 0.6758 0.5000
vt 0.6562 0.5000
vt 0.6562 -0.0250
vt 0.6758 -0.0250
vt 0.6758 0.0000
vt 0.6562 0.0000
vt 0.6562 -0.0250
vt 0.6758 -0.0250
vt 0.6758 0.5000
vt 0.6562 0.5000
vt 0.6562 0.5000
vt 0.6758 0.5000
vt 0.6758 0.0000
vt 0.6562 0.0000
vt 0.1875 0.0000
vt 0.1719 0.0000
vt 0.1719 0.5000
vt 0.1875 0.5000
vt 0.7969 0.5000
vt 0.8125 0.5000
vt 0.8125 0.0000
vt 0.7969 0.0000
vt 0.6562 0.0000
vt 0.6562 -0.0250
vt 0.6758 -0.0250
vt 0.6562 0.5000
vt 0.6562 0.5000
vt 0.6562 0.0000
vt 0.1875 0.0000
vt 0.1719 0.0000
vt 0.1719 0.5000
vt 0.1875 0.5000
vt 0.6758 0.0000
vt 0.6562 0.0000
vt 0.6562 -0.0250
vt 0.6758 -0.0250
vt 0.6758 0.5000
vt 0.6562 0.5000
vt 0.6562 0.5000
vt 0.6758 0.5000
vt 0.6758 0.0000
vt 0.6562 0.0000
vt 0.1875 0.0000
vt 0.1719 0.0000
vt 0.1719 0.5000
vt 0.1875 0.5000
vt 0.7969 0.5000
vt 0.8125 0.5000
vt 0.8125 0.0000
vt 0.7969 0.0000
vt 0.1875 0.0000
vt 0.1719 0.0000
vt 0.1719 0.5000
vt 0.1875 0.5000
vt 0.6758 0.5000
vt 0.6758 0.0000
vt 0.6562 0.0000
vt 0.6562 0.0000
vt 0.6758 0.0000
vt 0.6758 0.5000
vt 0.6562 -0.0250
vt 0.6758 -0.0250
vt 0.6758 0.0000
vt 0.6758 -0.0250
vt 0.6562 0.5000
vt 0.6758 0.5000
vt 0.6758 0.0000
vt 0.6758 0.5000
vt 0.6562 0.5000
vt 0.7969 0.5000
vt 0.8125 0.5000
vt 0.8125 0.0000
vt 0.7969 0.0000
vt 0.1875 0.0000
vt 0.1719 0.0000
vt 0.1719 0.5000
vt 0.1875 0.5000
vt 0.6562 0.5000
vt 0.6758 0.5000
vt 0.6758 0.0000
vt 0.6562 0.0000
vt 0.6562 0.0000
vt 0.6758 0.0000
vt 0.6758 0.5000
vt 0.6562 0.5000
vt 0.6562 -0.0250
vt 0.6758 -0.0250
vt 0.6758 0.0000
vt 0.6562 0.0000
vt 0.6562 -0.0250
vt 0.6758 -0.0250
vt 0.6758 0.5000
vt 0.6562 0.5000
vt 0.6562 0.5000
vt 0.6758 0.5000
vt 0.6758 0.0000
vt 0.6562 0.0000
vt 0.1875 0.0000
vt 0.1719 0.0000
vt 0.1719 0.5000
vt 0.1875 0.5000
vt 0.7969 0.5000
vt 0.8125 0.5000
vt 0.8125 0.0000
vt 0.7969 0.0000
vt 0.6758 0.0000
vt 0.6758 -0.0250
vt 0.6562 -0.0250
vt 0.6562 0.0000
vt 0.6758 0.0000
vt 0.6562 0.0000
vt 0.6562 -0.0250
vt 0.6758 -0.0250
vt 0.6758 0.5000
vt 0.6562 0.5000
vt 0.6562 0.5000
vt 0.6758 0.5000
vt 0.6758 0.0000
vt 0.6562 0.0000
vt 0.7969 0.5000
vt 0.8125 0.5000
vt 0.8125 0.0000
vt 0.7969 0.0000
vt 0.6758 0.0000
vt 0.6758 -0.0250
vt 0.6562 -0.0250
vt 0.6562 0.0000
vt 0.6758 0.0000
vt 0.6562 0.0000
vt 0.6562 -0.0250
vt 0.6758 -0.0250
vt 0.6758 0.5000
vt 0.6562 0.5000
vt 0.6562 0.5000
vt 0.6758 0.5000
vt 0.6758 0.0000
vt 0.6562 0.0000
vt 0.1875 0.0000
vt 0.1719 0.0000
vt 0.1719 0.5000
vt 0.1875 0.5000
vt 0.7969 0.5000
vt 0.8125 0.5000
vt 0.8125 0.0000
vt 0.7969 0.0000
vt 0.6758 0.0000
vt 0.6758 -0.0250
vt 0.6562 -0.0250
vt 0.6562 0.0000
vt 0.6562 0.0000
vt 0.6562 -0.0250
vt 0.6758 -0.0250
vt 0.6562 0.5000
vt 0.6562 0.5000
vt 0.6562 0.0000
vt 0.1875 0.0000
vt 0.1719 0.0000
vt 0.1719 0.5000
vt 0.1875 0.5000
vt 0.6758 0.0000
vt 0.6758 -0.0250
vt 0.6562 -0.0250
vt 0.6562 0.0000
vt 0.6758 0.0000
vt 0.6562 0.0000
vt 0.6562 -0.0250
vt 0.6758 -0.0250
vt 0.6758 0.5000
vt 0.6562 0.5000
vt 0.6562 0.5000
vt 0.6758 0.5000
vt 0.6758 0.0000
vt 0.6562 0.0000
vt 0.1875 0.0000
vt 0.1719 0.0000
vt 0.1719 0.5000
vt 0.1875 0.5000
vt 0.7969 0.5000
vt 0.8125 0.5000
vt 0.8125 0.0000
vt 0.7969 0.0000
vt 0.6758 0.0000
vt 0.6758 -0.0250
vt 0.6562 -0.0250
vt 0.6562 0.0000
vt 0.6758 0.0000
vt 0.6758 -0.0250
vt 0.6562 -0.0250
vt 0.6562 0.0000
vt 0.1875 0.0000
vt 0.1719 0.0000
vt 0.1719 0.5000
vt 0.1875 0.5000
vt 0.6562 0.5000
vt 0.6562 0.0000
vt 0.6562 0.0000
vt 0.6562 0.5000
vt 0.6562 -0.0250
vt 0.6758 -0.0250
vt 0.6758 0.0000
vt 0.6758 -0.0250
vt 0.7969 0.5000
vt 0.8125 0.5000
vt 0.8125 0.0000
vt 0.7969 0.0000
vt 0.6562 0.5000
vt 0.6758 0.5000
vt 0.6758 0.0000
vt 0.6562 0.0000
vt 0.6758 0.0000
vt 0.6758 0.5000
vt 0.6562 0.5000
vt 0.6758 -0.0250
vt 0.6758 0.0000
vt 0.6758 -0.0250
vt 0.6562 -0.0250
vt 0.6562 0.0000
vt 0.7969 0.5000
vt 0.8125 0.5000
vt 0.8125 0.0000
vt 0.7969 0.0000
vt 0.6562 0.5000
vt 0.6758 0.5000
vt 0.6758 0.0000
vt 0.6562 0.0000
vt 0.6562 0.0000
vt 0.6758 0.0000
vt 0.6758 0.5000
vt 0.6562 0.5000
vt 0.6562 -0.0250
vt 0.6758 -0.0250
vt 0.6758 0.0000
vt 0.6562 0.0000
vt 0.6562 -0.0250
vt 0.6758 -0.0250
vt 0.6758 0.5000
vt 0.6562 0.5000
vt 0.6562 0.5000
vt 0.6758 0.5000
vt 0.6758 0.0000
vt 0.6562 0.0000
vt 0.1875 0.0000
vt 0.1719 0.0000
vt 0.1719 0.5000
vt 0.1875 0.5000
vt 0.7969 0.5000
vt 0.8125 0.5000
vt 0.8125 0.0000
vt 0.7969 0.0000
vt 0.6758 0.0000
vt 0.6562 0.0000
vt 0.6562 -0.0250
vt 0.6758 -0.0250
vt 0.6758 0.5000
vt 0.6562 0.5000
vt 0.6562 0.5000
vt 0.6758 0.5000
vt 0.6758 0.0000
vt 0.6562 0.0000
vt 0.7969 0.5000
vt 0.8125 0.5000
vt 0.8125 0.0000
vt 0.7969 0.0000
vt 0.6758 0.0000
vt 0.6562 0.0000
vt 0.6562 -0.0250
vt 0.6758 -0.0250
vt 0.6758 0.5000
vt 0.6562 0.5000
vt 0.6562 0.5000
vt 0.6758 0.5000
vt 0.6758 0.0000
vt 0.6562 0.0000
vt 0.1875 0.0000
vt 0.1719 0.0000
vt 0.1719 0.5000
vt 0.1875 0.5000
vt 0.7969 0.5000
vt 0.8125 0.5000
vt 0.8125 0.0000
vt 0.7969 0.0000
vt 0.6562 0.0000
vt 0.6562 -0.0250
vt 0.6758 -0.0250
vt 0.6562 0.5000
vt 0.6562 0.5000
vt 0.6562 0.0000
vt 0.1875 0.0000
vt 0.1719 0.0000
vt 0.1719 0.5000
vt 0.1875 0.5000
vt 0.6758 0.0000
vt 0.6562 0.0000
vt 0.6562 -0.0250
vt 0.6758 -0.0250
vt 0.6758 0.5000
vt 0.6562 0.5000
vt 0.6562 0.5000
vt 0.6758 0.5000
vt 0.6758 0.0000
vt 0.6562 0.0000
vt 0.1875 0.0000
vt 0.1719 0.0000
vt 0.1719 0.5000
vt 0.1875 0.5000
vt 0.7969 0.5000
vt 0.8125 0.5000
vt 0.8125 0.0000
vt 0.7969 0.0000
vt 0.6562 0.0000
vt 0.6562 0.0000
vt 0.6562 -0.0250
vt 0.6758 -0.0250
vt 0.6758 0.0000
vt 0.6758 -0.0250
vt 0.7969 0.5000
vt 0.8125 0.5000
vt 0.8125 0.0000
vt 0.7969 0.0000
vt 0.1719 0.5000
vt 0.1875 0.5000
vt 0.6562 0.5000
vt 0.6758 0.5000
vt 0.6758 0.0000
vt 0.6758 0.5000
vt 0.6562 0.5000
vt 0.7969 0.5000
vt 0.8125 0.5000
vt 0.8125 0.0000
vt 0.7969 0.0000
vt 0.6562 0.5000
vt 0.6758 0.5000
vt 0.6758 0.0000
vt 0.6562 0.0000
vt 0.6562 0.0000
vt 0.6758 0.0000
vt 0.6758 0.5000
vt 0.6562 0.5000
vt 0.6562 -0.0250
vt 0.6758 -0.0250
vt 0.6758 0.0000
vt 0.6562 0.0000
vt 0.6562 -0.0250
vt 0.6758 -0.0250
vt 0.6758 0.5000
vt 0.6562 0.5000
vt 0.6562 0.5000
vt 0.6758 0.5000
vt 0.6758 0.0000
vt 0.6562 0.0000
vt 0.1875 0.0000
vt 0.1719 0.0000
vt 0.1719 0.5000
vt 0.1875 0.5000
vt 0.7969 0.5000
vt 0.8125 0.5000
vt 0.8125 0.0000
vt 0.7969 0.0000
vt 0.6758 0.0000
vt 0.6562 0.0000
vt 0.6562 -0.0250
vt 0.6758 -0.0250
vt 0.6758 0.5000
vt 0.6562 0.5000
vt 0.6562 0.5000
vt 0.6758 0.5000
vt 0.6758 0.0000
vt 0.6562 0.0000
vt 0.7969 0.5000
vt 0.8125 0.5000
vt 0.8125 0.0000
vt 0.7969 0.0000
vt 0.6758 0.0000
vt 0.6562 0.0000
vt 0.6562 -0.0250
vt 0.6758 -0.0250
vt 0.6758 0.5000
vt 0.6562 0.5000
vt 0.6562 0.5000
vt 0.6758 0.5000
vt 0.6758 0.0000
vt 0.6562 0.0000
vt 0.1875 0.0000
vt 0.1719 0.0000
vt 0.1719 0.5000
vt 0.1875 0.5000
vt 0.7969 0.5000
vt 0.8125 0.5000
vt 0.8125 0.0000
vt 0.7969 0.0000
vt 0.6562 0.0000
vt 0.6562 -0.0250
vt 0.6758 -0.0250
vt 0.6562 0.5000
vt 0.6562 0.5000
vt 0.6562 0.0000
vt 0.1875 0.0000
vt 0.1719 0.0000
vt 0.1719 0.5000
vt 0.1875 0.5000
vt 0.6758 0.0000
vt 0.6562 0.0000
vt 0.6562 -0.0250
vt 0.6758 -0.0250
vt 0.6758 0.5000
vt 0.6562 0.5000
vt 0.6562 0.5000
vt 0.6758 0.5000
vt 0.6758 0.0000
vt 0.6562 0.0000
vt 0.1875 0.0000
vt 0.1719 0.0000
vt 0.1719 0.5000
vt 0.1875 0.5000
vt 0.7969 0.5000
vt 0.8125 0.5000
vt 0.8125 0.0000
vt 0.7969 0.0000
vt 0.6758 -0.0250
vt 0.6562 -0.0250
vt 0.1875 0.0000
vt 0.1719 0.0000
vt 0.1719 0.5000
vt 0.1875 0.5000
vt 0.6562 0.0000
vt 0.6562 0.0000
vt 0.6562 -0.0250
vt 0.6758 -0.0250
vt 0.6758 0.0000
vt 0.6758 -0.0250
vt 0.7969 0.5000
vt 0.8125 0.5000
vt 0.8125 0.0000
vt 0.7969 0.0000
vt 0.6562 0.5000
vt 0.6758 0.5000
vt 0.6758 0.0000
vt 0.6758 0.5000
vt 0.6562 0.5000
vt 0.7969 0.5000
vt 0.8125 0.5000
vt 0.8125 0.0000
vt 0.7969 0.0000
vt 0.6562 0.5000
vt 0.6758 0.5000
vt 0.6758 0.0000
vt 0.6562 0.0000
vt 0.6562 0.0000
vt 0.6758 0.0000
vt 0.6758 0.5000
vt 0.6562 0.5000
vt 0.6562 -0.0250
vt 0.6758 -0.0250
vt 0.5860 0.6775
vt 0.5860 0.4775
vt 0.5704 0.4775
vt 0.5704 0.6775
vt 0.4767 0.6775
vt 0.4767 0.4775
vt 0.4610 0.5025
vt 0.4610 0.6525
vt 0.5704 0.6525
vt 0.5704 0.5025
vt 0.5860 0.5025
vt 0.5860 0.6525
vt 0.4610 0.6525
vt 0.4610 0.5025
vt 0.4767 0.4775
vt 0.4767 0.6775
vt 0.4767 0.8025
vt 0.4610 0.8025
vt 0.4610 0.8275
vt 0.4767 0.8275
vt 0.4610 0.8025
vt 0.4767 0.8025
vt 0.4767 0.8275
vt 0.4610 0.8275
vt 0.7655 0.2380
vt 0.7655 0.4380
vt 0.7498 0.4380
vt 0.7498 0.2380
vt 0.2811 0.2380
vt 0.2811 0.4380
vt 0.2967 0.4130
vt 0.2967 0.2630
vt 0.7498 0.2630
vt 0.7498 0.4130
vt 0.7655 0.4130
vt 0.7655 0.2630
vt 0.2967 0.2630
vt 0.2967 0.4130
vt 0.2811 0.4380
vt 0.2811 0.2380
vt 0.2811 0.5623
vt 0.2967 0.5623
vt 0.2967 0.5873
vt 0.2811 0.5873
vt 0.3925 0.5897
vt 0.3925 0.0890
vt 0.4112 0.0890
vt 0.4112 0.5897
vt 0.6544 0.5897
vt 0.6544 0.0890
vt 0.6356 0.1099
vt 0.6356 0.5688
vt 0.4112 0.5688
vt 0.4112 0.1099
vt 0.3925 0.1099
vt 0.3925 0.5688
vt 0.6356 0.5688
vt 0.6356 0.1099
vt 0.6544 0.0890
vt 0.6544 0.5897
vt 0.3925 0.0896
vt 0.3925 0.5903
vt 0.4112 0.5903
vt 0.4112 0.0896
vt 0.5046 0.0896
vt 0.5046 0.5903
vt 0.5233 0.5694
vt 0.5233 0.1105
vt 0.4112 0.1105
vt 0.4112 0.5694
vt 0.3925 0.5694
vt 0.3925 0.1105
vt 0.5233 0.1105
vt 0.5233 0.5694
vt 0.5046 0.5903
vt 0.5046 0.0896
vt 0.2031 0.2000
vt 0.2031 0.4000
vt 0.1875 0.4000
vt 0.1875 0.2000
vt 0.2812 0.2000
vt 0.2812 0.4000
vt 0.2969 0.3750
vt 0.2969 0.2250
vt 0.1875 0.2250
vt 0.1875 0.3750
vt 0.2031 0.3750
vt 0.2031 0.2250
vt 0.2969 0.2250
vt 0.2969 0.3750
vt 0.2812 0.4000
vt 0.2812 0.2000
vt 0.1875 0.1750
vt 0.1875 0.1500
vt 0.2031 0.1500
vt 0.2031 0.1750
vt 0.2031 0.3993
vt 0.2031 0.1993
vt 0.1875 0.1993
vt 0.1875 0.3993
vt 0.4063 0.3993
vt 0.4063 0.1993
vt 0.3906 0.2243
vt 0.3906 0.3743
vt 0.1875 0.3743
vt 0.1875 0.2243
vt 0.2031 0.2243
vt 0.2031 0.3743
vt 0.3906 0.3743
vt 0.3906 0.2243
vt 0.4063 0.1993
vt 0.4063 0.3993
vt 0.1875 0.3500
vt 0.1875 0.3250
vt 0.2031 0.3250
vt 0.2031 0.3500
vt 0.1875 0.3250
vt 0.1875 0.3500
vt 0.2031 0.3500
vt 0.2031 0.3250
vt 0.2031 0.1504
vt 0.2031 0.3504
vt 0.1875 0.3504
vt 0.1875 0.1504
vt 0.3533 0.4706
vt 0.3533 0.3037
vt 0.3346 0.3246
vt 0.3346 0.4497
vt 0.1875 0.1754
vt 0.1875 0.3254
vt 0.2031 0.3254
vt 0.2031 0.1754
vt 0.3346 0.4497
vt 0.3346 0.3246
vt 0.3533 0.3037
vt 0.3533 0.4706
vt 0.2890 0.2851
vt 0.2890 0.4851
vt 0.3046 0.4851
vt 0.3046 0.2851
vt 0.2593 0.1038
vt 0.2593 0.2707
vt 0.2780 0.2498
vt 0.2780 0.1246
vt 0.3046 0.3101
vt 0.3046 0.4601
vt 0.2890 0.4601
vt 0.2890 0.3101
vt 0.2780 0.1246
vt 0.2780 0.2498
vt 0.2593 0.2707
vt 0.2593 0.1038
vt 0.2593 0.3955
vt 0.2780 0.3955
vt 0.2780 0.3747
vt 0.2593 0.3747
vt 0.2780 0.3955
vt 0.2593 0.3955
vt 0.2593 0.3747
vt 0.2780 0.3747
vt 0.2031 0.2000
vt 0.2031 0.4000
vt 0.1875 0.4000
vt 0.1875 0.2000
vt 0.1875 0.2250
vt 0.1875 0.3750
vt 0.2031 0.3750
vt 0.2031 0.2250
vt 0.2969 0.2250
vt 0.2969 0.3750
vt 0.2812 0.4000
vt 0.2812 0.2000
vt 0.1875 0.1750
vt 0.1875 0.1500
vt 0.2031 0.1500
vt 0.2031 0.1750
vt 0.2031 0.3993
vt 0.2031 0.1993
vt 0.1875 0.1993
vt 0.1875 0.3993
vt 0.1875 0.3743
vt 0.1875 0.2243
vt 0.2031 0.2243
vt 0.2031 0.3743
vt 0.3906 0.3743
vt 0.3906 0.2243
vt 0.4063 0.1993
vt 0.4063 0.3993
vt 0.1875 0.3500
vt 0.1875 0.3250
vt 0.2031 0.3250
vt 0.2031 0.3500
vt 0.1875 0.3250
vt 0.1875 0.3500
vt 0.2031 0.3500
vt 0.2031 0.3250
vt 0.2031 0.1504
vt 0.2031 0.3504
vt 0.1875 0.3504
vt 0.1875 0.1504
vt 0.1875 0.1754
vt 0.1875 0.3254
vt 0.2031 0.3254
vt 0.2031 0.1754
vt 0.2890 0.2851
vt 0.2890 0.4851
vt 0.3046 0.4851
vt 0.3046 0.2851
vt 0.3046 0.3101
vt 0.3046 0.4601
vt 0.2890 0.4601
vt 0.2890 0.3101
vt 0.2780 0.1246
vt 0.2780 0.2498
vt 0.2593 0.2707
vt 0.2593 0.1038
vt 0.2593 0.3955
vt 0.2780 0.3955
vt 0.2780 0.3747
vt 0.2593 0.3747
vt 0.2780 0.3955
vt 0.2593 0.3955
vt 0.2593 0.3747
vt 0.2780 0.3747
vt 0.3346 0.4497
vt 0.3346 0.3246
vt 0.3533 0.3037
vt 0.3533 0.4706
vt 0.2031 0.2000
vt 0.2031 0.4000
vt 0.1875 0.4000
vt 0.1875 0.2000
vt 0.1875 0.2250
vt 0.1875 0.3750
vt 0.2031 0.3750
vt 0.2031 0.2250
vt 0.2969 0.2250
vt 0.2969 0.3750
vt 0.2812 0.4000
vt 0.2812 0.2000
vt 0.1875 0.1750
vt 0.1875 0.1500
vt 0.2031 0.1500
vt 0.2031 0.1750
vt 0.2031 0.3993
vt 0.2031 0.1993
vt 0.1875 0.1993
vt 0.1875 0.3993
vt 0.1875 0.3743
vt 0.1875 0.2243
vt 0.2031 0.2243
vt 0.2031 0.3743
vt 0.3906 0.3743
vt 0.3906 0.2243
vt 0.4063 0.1993
vt 0.4063 0.3993
vt 0.1875 0.3500
vt 0.1875 0.3250
vt 0.2031 0.3250
vt 0.2031 0.3500
vt 0.1875 0.3250
vt 0.1875 0.3500
vt 0.2031 0.3500
vt 0.2031 0.3250
vt 0.2031 0.1504
vt 0.2031 0.3504
vt 0.1875 0.3504
vt 0.1875 0.1504
vt 0.1875 0.1754
vt 0.1875 0.3254
vt 0.2031 0.3254
vt 0.2031 0.1754
vt 0.2890 0.2851
vt 0.2890 0.4851
vt 0.3046 0.4851
vt 0.3046 0.2851
vt 0.2780 0.2498
vt 0.2780 0.1246
vt 0.3046 0.3101
vt 0.3046 0.4601
vt 0.2890 0.4601
vt 0.2890 0.3101
vt 0.2780 0.1246
vt 0.2780 0.2498
vt 0.2593 0.2707
vt 0.2593 0.1038
vt 0.2593 0.3955
vt 0.2780 0.3955
vt 0.2780 0.3747
vt 0.2593 0.3747
vt 0.2780 0.3955
vt 0.2593 0.3955
vt 0.2593 0.3747
vt 0.2780 0.3747
vt 0.3346 0.4497
vt 0.3346 0.3246
vt 0.3533 0.3037
vt 0.3533 0.4706
vt 0.2031 0.1504
vt 0.2031 0.3504
vt 0.1875 0.3504
vt 0.1875 0.1504
vt 0.1875 0.1754
vt 0.1875 0.3254
vt 0.2031 0.3254
vt 0.2031 0.1754
vt 0.3346 0.4497
vt 0.3346 0.3246
vt 0.3533 0.3037
vt 0.3533 0.4706
vt 0.2407 0.4663
vt 0.2407 0.0663
vt 0.2220 0.0663
vt 0.2220 0.4663
vt 0.2220 0.4413
vt 0.2220 0.0663
vt 0.2407 0.0663
vt 0.2407 0.4413
vt 0.7651 0.4413
vt 0.7651 0.0663
vt 0.7838 0.0663
vt 0.7838 0.4663
vt 0.2220 0.8170
vt 0.2220 0.7920
vt 0.2407 0.7920
vt 0.2407 0.8170
vt 0.9710 0.7920
vt 0.9710 0.8170
vt 0.9898 0.8170
vt 0.9898 0.7920
vt 0.2220 0.4663
vt 0.2220 0.0663
vt 0.2407 0.0663
vt 0.2407 0.4663
vt 0.6340 0.4663
vt 0.6340 0.0663
vt 0.6527 0.0663
vt 0.6527 0.4413
vt 0.2407 0.4413
vt 0.2407 0.0663
vt 0.2220 0.0663
vt 0.2220 0.4413
vt 0.2407 0.6170
vt 0.2407 0.6420
vt 0.2220 0.6420
vt 0.2220 0.6170
vt 0.2407 0.6420
vt 0.2407 0.6170
vt 0.2220 0.6170
vt 0.2220 0.6420
vt 0.7950 0.5606
vt 0.7950 0.1434
vt 0.8137 0.1434
vt 0.8137 0.5606
vt 0.3639 0.5606
vt 0.3639 0.1434
vt 0.3452 0.1642
vt 0.3452 0.5401
vt 0.0646 0.5401
vt 0.0646 0.1642
vt 0.0459 0.1642
vt 0.0459 0.5401
vt 0.3452 0.5401
vt 0.3452 0.1642
vt 0.3639 0.1434
vt 0.3639 0.5606
vt 0.3639 0.8110
vt 0.3452 0.8110
vt 0.3452 0.8319
vt 0.3639 0.8319
vt 0.0646 0.1434
vt 0.0459 0.1434
vt 0.7969 0.3993
vt 0.7969 -0.0007
vt 0.8126 -0.0007
vt 0.8126 0.3993
vt 0.6874 0.3993
vt 0.6874 -0.0007
vt 0.6718 -0.0007
vt 0.6718 0.3743
vt 0.1876 0.3743
vt 0.1876 -0.0007
vt 0.1719 -0.0007
vt 0.1719 0.3743
vt 0.6718 0.3743
vt 0.6718 -0.0007
vt 0.6874 -0.0007
vt 0.6874 0.3993
vt 0.6874 0.0001
vt 0.6718 0.0001
vt 0.6718 -0.0249
vt 0.6874 -0.0249
vt 0.6718 0.0001
vt 0.6874 0.0001
vt 0.6874 -0.0249
vt 0.6718 -0.0249
vt 0.3906 0.9751
vt 0.3749 0.9751
vt 0.3749 1.0001
vt 0.3906 1.0001
vt 0.3749 0.9751
vt 0.3906 0.9751
vt 0.3906 1.0001
vt 0.3749 1.0001
vt 0.3906 0.3743
vt 0.3906 -0.0007
vt 0.3749 -0.0007
vt 0.3749 0.3993
vt 0.7969 0.3743
vt 0.7969 -0.0007
vt 0.8126 -0.0007
vt 0.8126 0.3743
vt 0.3749 0.3993
vt 0.3749 -0.0007
vt 0.3906 -0.0007
vt 0.3906 0.3743
vt 0.1876 0.3993
vt 0.1876 -0.0007
vt 0.1719 -0.0007
vt 0.1719 0.3993
vt 0.7950 0.5606
vt 0.7950 0.1434
vt 0.8137 0.1434
vt 0.8137 0.5606
vt 0.0646 0.5401
vt 0.0646 0.1642
vt 0.0459 0.1642
vt 0.0459 0.5401
vt 0.3452 0.5401
vt 0.3452 0.1642
vt 0.3639 0.1434
vt 0.3639 0.5606
vt 0.3639 0.8110
vt 0.3452 0.8110
vt 0.3452 0.8319
vt 0.3639 0.8319
vt 0.0646 0.1434
vt 0.0459 0.1434
vt 0.7969 0.3993
vt 0.7969 -0.0007
vt 0.8126 -0.0007
vt 0.8126 0.3993
vt 0.1876 0.3743
vt 0.1876 -0.0007
vt 0.1719 -0.0007
vt 0.1719 0.3743
vt 0.6718 0.3743
vt 0.6718 -0.0007
vt 0.6874 -0.0007
vt 0.6874 0.3993
vt 0.6874 0.0001
vt 0.6718 0.0001
vt 0.6718 -0.0249
vt 0.6874 -0.0249
vt 0.6718 0.0001
vt 0.6874 0.0001
vt 0.6874 -0.0249
vt 0.6718 -0.0249
vt 0.3906 0.9751
vt 0.3749 0.9751
vt 0.3749 1.0001
vt 0.3906 1.0001
vt 0.3749 0.9751
vt 0.3906 0.9751
vt 0.3906 1.0001
vt 0.3749 1.0001
vt 0.7969 0.3743
vt 0.7969 -0.0007
vt 0.8126 -0.0007
vt 0.8126 0.3743
vt 0.3749 0.3993
vt 0.3749 -0.0007
vt 0.3906 -0.0007
vt 0.3906 0.3743
vt 0.1876 0.3993
vt 0.1876 -0.0007
vt 0.1719 -0.0007
vt 0.1719 0.3993
vt 0.1916 0.2500
vt 0.1916 0.5000
vt -0.0787 0.5000
vt -0.0787 0.2500
vt 0.1916 0.7500
vt -0.0787 0.7500
vt 0.5860 0.6775
vt 0.5860 0.4775
vt 0.5704 0.4775
vt 0.5704 0.6775
vt 0.4767 0.6775
vt 0.4767 0.4775
vt 0.4610 0.5025
vt 0.4610 0.6525
vt 0.5704 0.6525
vt 0.5704 0.5025
vt 0.5860 0.5025
vt 0.5860 0.6525
vt 0.4610 0.6525
vt 0.4610 0.5025
vt 0.4767 0.4775
vt 0.4767 0.6775
vt 0.4767 0.8025
vt 0.4610 0.8025
vt 0.4610 0.8275
vt 0.4767 0.8275
vt 0.4610 0.8025
vt 0.4767 0.8025
vt 0.4767 0.8275
vt 0.4610 0.8275
vt 0.7655 0.2380
vt 0.7655 0.4380
vt 0.7498 0.4380
vt 0.7498 0.2380
vt 0.2811 0.2380
vt 0.2811 0.4380
vt 0.2967 0.4130
vt 0.2967 0.2630
vt 0.7498 0.2630
vt 0.7498 0.4130
vt 0.7655 0.4130
vt 0.7655 0.2630
vt 0.2967 0.2630
vt 0.2967 0.4130
vt 0.2811 0.4380
vt 0.2811 0.2380
vt 0.2811 0.5623
vt 0.2967 0.5623
vt 0.2967 0.5873
vt 0.2811 0.5873
vt 0.3925 0.5897
vt 0.3925 0.0890
vt 0.4112 0.0890
vt 0.4112 0.5897
vt 0.6544 0.5897
vt 0.6544 0.0890
vt 0.6356 0.1099
vt 0.6356 0.5688
vt 0.4112 0.5688
vt 0.4112 0.1099
vt 0.3925 0.1099
vt 0.3925 0.5688
vt 0.6356 0.5688
vt 0.6356 0.1099
vt 0.6544 0.0890
vt 0.6544 0.5897
vt 0.3925 0.0896
vt 0.3925 0.5903
vt 0.4112 0.5903
vt 0.4112 0.0896
vt 0.5046 0.0896
vt 0.5046 0.5903
vt 0.5233 0.5694
vt 0.5233 0.1105
vt 0.4112 0.1105
vt 0.4112 0.5694
vt 0.3925 0.5694
vt 0.3925 0.1105
vt 0.5233 0.1105
vt 0.5233 0.5694
vt 0.5046 0.5903
vt 0.5046 0.0896
vt 0.2031 0.2000
vt 0.2031 0.4000
vt 0.1875 0.4000
vt 0.1875 0.2000
vt 0.1875 0.2250
vt 0.1875 0.3750
vt 0.2031 0.3750
vt 0.2031 0.2250
vt 0.2969 0.2250
vt 0.2969 0.3750
vt 0.2812 0.4000
vt 0.2812 0.2000
vt 0.1875 0.1750
vt 0.1875 0.1500
vt 0.2031 0.1500
vt 0.2031 0.1750
vt 0.2031 0.3993
vt 0.2031 0.1993
vt 0.1875 0.1993
vt 0.1875 0.3993
vt 0.1875 0.3743
vt 0.1875 0.2243
vt 0.2031 0.2243
vt 0.2031 0.3743
vt 0.3906 0.3743
vt 0.3906 0.2243
vt 0.4063 0.1993
vt 0.4063 0.3993
vt 0.1875 0.3500
vt 0.1875 0.3250
vt 0.2031 0.3250
vt 0.2031 0.3500
vt 0.1875 0.3250
vt 0.1875 0.3500
vt 0.2031 0.3500
vt 0.2031 0.3250
vt 0.2031 0.1504
vt 0.2031 0.3504
vt 0.1875 0.3504
vt 0.1875 0.1504
vt 0.1875 0.1754
vt 0.1875 0.3254
vt 0.2031 0.3254
vt 0.2031 0.1754
vt 0.2890 0.2851
vt 0.2890 0.4851
vt 0.3046 0.4851
vt 0.3046 0.2851
vt 0.3046 0.3101
vt 0.3046 0.4601
vt 0.2890 0.4601
vt 0.2890 0.3101
vt 0.2780 0.1246
vt 0.2780 0.2498
vt 0.2593 0.2707
vt 0.2593 0.1038
vt 0.2593 0.3955
vt 0.2780 0.3955
vt 0.2780 0.3747
vt 0.2593 0.3747
vt 0.2780 0.3955
vt 0.2593 0.3955
vt 0.2593 0.3747
vt 0.2780 0.3747
vt 0.3346 0.4497
vt 0.3346 0.3246
vt 0.3533 0.3037
vt 0.3533 0.4706
vt 0.6758 0.0000
vt 0.6562 0.0000
vt 0.6562 -0.0250
vt 0.6758 -0.0250
vt 0.6758 0.5000
vt 0.6562 0.5000
vt 0.6562 0.5000
vt 0.6758 0.5000
vt 0.6758 0.0000
vt 0.6562 0.0000
vt 0.1875 0.0000
vt 0.1719 0.0000
vt 0.1719 0.5000
vt 0.1875 0.5000
vt 0.7969 0.5000
vt 0.8125 0.5000
vt 0.8125 0.0000
vt 0.7969 0.0000
vt 0.6758 0.0000
vt 0.6758 -0.0250
vt 0.6562 -0.0250
vt 0.6562 0.0000
vt 0.6758 0.0000
vt 0.6758 -0.0250
vt 0.6758 0.5000
vt 0.6562 0.5000
vt 0.6562 0.5000
vt 0.6758 0.5000
vt 0.6758 0.0000
vt 0.6562 0.0000
vt 0.7969 0.5000
vt 0.8125 0.5000
vt 0.8125 0.0000
vt 0.7969 0.0000
vt 0.6758 0.0000
vt 0.6758 -0.0250
vt 0.6758 0.0000
vt 0.6562 0.0000
vt 0.6562 -0.0250
vt 0.6758 -0.0250
vt 0.6758 0.5000
vt 0.6562 0.5000
vt 0.6562 0.5000
vt 0.6758 0.5000
vt 0.6758 0.0000
vt 0.6562 0.0000
vt 0.1875 0.0000
vt 0.1719 0.0000
vt 0.1719 0.5000
vt 0.1875 0.5000
vt 0.7969 0.5000
vt 0.8125 0.5000
vt 0.8125 0.0000
vt 0.7969 0.0000
vt 0.6758 0.0000
vt 0.6758 -0.0250
vt 0.6562 -0.0250
vt 0.6562 0.0000
vt 0.6758 0.0000
vt 0.6562 0.0000
vt 0.6562 -0.0250
vt 0.6758 -0.0250
vt 0.6758 0.5000
vt 0.6562 0.5000
vt 0.6562 0.5000
vt 0.6758 0.5000
vt 0.6758 0.0000
vt 0.6562 0.0000
vt 0.1875 0.0000
vt 0.1719 0.0000
vt 0.1719 0.5000
vt 0.1875 0.5000
vt 0.7969 0.5000
vt 0.8125 0.5000
vt 0.8125 0.0000
vt 0.7969 0.0000
vt 0.6758 0.0000
vt 0.6758 -0.0250
vt 0.6562 -0.0250
vt 0.6562 0.0000
vt 0.6758 0.0000
vt 0.6562 0.0000
vt 0.6562 -0.0250
vt 0.6758 -0.0250
vt 0.6758 0.5000
vt 0.6562 0.5000
vt 0.6562 0.5000
vt 0.6758 0.5000
vt 0.6758 0.0000
vt 0.6562 0.0000
vt 0.1875 0.0000
vt 0.1719 0.0000
vt 0.1719 0.5000
vt 0.1875 0.5000
vt 0.7969 0.5000
vt 0.8125 0.5000
vt 0.8125 0.0000
vt 0.7969 0.0000
vt 0.6758 0.0000
vt 0.6758 -0.0250
vt 0.6562 -0.0250
vt 0.6562 0.0000
vt 0.6758 0.0000
vt 0.6562 0.0000
vt 0.6562 -0.0250
vt 0.6758 -0.0250
vt 0.6758 0.5000
vt 0.6562 0.5000
vt 0.6562 0.5000
vt 0.6758 0.5000
vt 0.6758 0.0000
vt 0.6562 0.0000
vt 0.7969 0.5000
vt 0.8125 0.5000
vt 0.8125 0.0000
vt 0.7969 0.0000
vt 0.6758 0.0000
vt 0.6758 -0.0250
vt 0.6562 -0.0250
vt 0.6562 0.0000
vt 0.6758 0.0000
vt 0.6562 0.0000
vt 0.6562 -0.0250
vt 0.6758 -0.0250
vt 0.6758 0.5000
vt 0.6562 0.5000
vt 0.6562 0.5000
vt 0.6758 0.5000
vt 0.6758 0.0000
vt 0.6562 0.0000
vt 0.1875 0.0000
vt 0.1719 0.0000
vt 0.1719 0.5000
vt 0.1875 0.5000
vt 0.7969 0.5000
vt 0.8125 0.5000
vt 0.8125 0.0000
vt 0.7969 0.0000
vt 0.6758 0.0000
vt 0.6758 -0.0250
vt 0.6562 -0.0250
vt 0.6562 0.0000
vt 0.6758 0.0000
vt 0.6562 0.0000
vt 0.6562 -0.0250
vt 0.6758 -0.0250
vt 0.6758 0.5000
vt 0.6562 0.5000
vt 0.6562 0.5000
vt 0.6758 0.5000
vt 0.6758 0.0000
vt 0.6562 0.0000
vt 0.1875 0.0000
vt 0.1719 0.0000
vt 0.1719 0.5000
vt 0.1875 0.5000
vt 0.6758 0.0000
vt 0.6758 -0.0250
vt 0.6562 -0.0250
vt 0.6562 0.0000
vt 0.6758 0.0000
vt 0.6562 0.0000
vt 0.6562 -0.0250
vt 0.6758 -0.0250
vt 0.6758 0.5000
vt 0.6562 0.5000
vt 0.6562 0.5000
vt 0.6758 0.5000
vt 0.6758 0.0000
vt 0.6562 0.0000
vt 0.1875 0.0000
vt 0.1719 0.0000
vt 0.1719 0.5000
vt 0.1875 0.5000
vt 0.7969 0.5000
vt 0.8125 0.5000
vt 0.8125 0.0000
vt 0.7969 0.0000
vt 0.6758 0.0000
vt 0.6758 -0.0250
vt 0.6562 -0.0250
vt 0.6562 0.0000
vt 0.6758 0.0000
vt 0.6562 0.0000
vt 0.6562 -0.0250
vt 0.6758 -0.0250
vt 0.6758 0.5000
vt 0.6562 0.5000
vt 0.6562 0.5000
vt 0.6758 0.5000
vt 0.6758 0.0000
vt 0.6562 0.0000
vt 0.1875 0.0000
vt 0.1719 0.0000
vt 0.1719 0.5000
vt 0.1875 0.5000
vt 0.7969 0.5000
vt 0.8125 0.5000
vt 0.8125 0.0000
vt 0.7969 0.0000
vt 0.6758 0.0000
vt 0.6758 -0.0250
vt 0.6562 -0.0250
vt 0.6562 0.0000
vt 0.6758 0.0000
vt 0.6562 0.0000
vt 0.6562 -0.0250
vt 0.6758 -0.0250
vt 0.6758 0.5000
vt 0.6562 0.5000
vt 0.6562 0.5000
vt 0.6758 0.5000
vt 0.6758 0.0000
vt 0.6562 0.0000
vt 0.1875 0.0000
vt 0.1719 0.0000
vt 0.1719 0.5000
vt 0.1875 0.5000
vt 0.7969 0.5000
vt 0.8125 0.5000
vt 0.8125 0.0000
vt 0.7969 0.0000
vt 0.6758 0.0000
vt 0.6758 -0.0250
vt 0.6562 -0.0250
vt 0.6562 0.0000
vt 0.6758 0.0000
vt 0.6562 0.0000
vt 0.6562 -0.0250
vt 0.6758 -0.0250
vt 0.6758 0.5000
vt 0.6562 0.5000
vt 0.6562 0.5000
vt 0.6758 0.5000
vt 0.6758 0.0000
vt 0.6562 0.0000
vt 0.7969 0.5000
vt 0.8125 0.5000
vt 0.8125 0.0000
vt 0.7969 0.0000
vt 0.6758 0.0000
vt 0.6758 -0.0250
vt 0.6562 -0.0250
vt 0.6562 0.0000
vt 0.6758 0.0000
vt 0.6562 0.0000
vt 0.6562 -0.0250
vt 0.6758 -0.0250
vt 0.6758 0.5000
vt 0.6562 0.5000
vt 0.6562 0.5000
vt 0.6758 0.5000
vt 0.6758 0.0000
vt 0.6562 0.0000
vt 0.1875 0.0000
vt 0.1719 0.0000
vt 0.1719 0.5000
vt 0.1875 0.5000
vt 0.7969 0.5000
vt 0.8125 0.5000
vt 0.8125 0.0000
vt 0.7969 0.0000
vt 0.6758 0.0000
vt 0.6758 -0.0250
vt 0.6562 -0.0250
vt 0.6562 0.0000
vt 0.6758 0.0000
vt 0.6758 -0.0250
vt 0.6758 0.5000
vt 0.6562 0.5000
vt 0.6562 0.5000
vt 0.6758 0.5000
vt 0.6758 0.0000
vt 0.6562 0.0000
vt 0.7969 0.5000
vt 0.8125 0.5000
vt 0.8125 0.0000
vt 0.7969 0.0000
vt 0.6758 0.0000
vt 0.6758 -0.0250
vt 0.6758 0.0000
vt 0.6562 0.0000
vt 0.6562 -0.0250
vt 0.6758 -0.0250
vt 0.6758 0.5000
vt 0.6562 0.5000
vt 0.6562 0.5000
vt 0.6758 0.5000
vt 0.6758 0.0000
vt 0.6562 0.0000
vt 0.1875 0.0000
vt 0.1719 0.0000
vt 0.1719 0.5000
vt 0.1875 0.5000
vt 0.7969 0.5000
vt 0.8125 0.5000
vt 0.8125 0.0000
vt 0.7969 0.0000
vt 0.6758 0.0000
vt 0.6758 -0.0250
vt 0.6562 -0.0250
vt 0.6562 0.0000
vt 0.6758 0.0000
vt 0.6562 0.0000
vt 0.6562 -0.0250
vt 0.6758 -0.0250
vt 0.6758 0.5000
vt 0.6562 0.5000
vt 0.6562 0.5000
vt 0.6758 0.5000
vt 0.6758 0.0000
vt 0.6562 0.0000
vt 0.1875 0.0000
vt 0.1719 0.0000
vt 0.1719 0.5000
vt 0.1875 0.5000
vt 0.7969 0.5000
vt 0.8125 0.5000
vt 0.8125 0.0000
vt 0.7969 0.0000
vt 0.6758 0.0000
vt 0.6758 -0.0250
vt 0.6562 -0.0250
vt 0.6562 0.0000
vt 0.6758 0.0000
vt 0.6562 0.0000
vt 0.6562 -0.0250
vt 0.6758 -0.0250
vt 0.6758 0.5000
vt 0.6562 0.5000
vt 0.6562 0.5000
vt 0.6758 0.5000
vt 0.6758 0.0000
vt 0.6562 0.0000
vt 0.1875 0.0000
vt 0.1719 0.0000
vt 0.1719 0.5000
vt 0.1875 0.5000
vt 0.7969 0.5000
vt 0.8125 0.5000
vt 0.8125 0.0000
vt 0.7969 0.0000
vt 0.6758 0.0000
vt 0.6758 -0.0250
vt 0.6562 -0.0250
vt 0.6562 0.0000
vt 0.6758 0.0000
vt 0.6562 0.0000
vt 0.6562 -0.0250
vt 0.6758 -0.0250
vt 0.6758 0.5000
vt 0.6562 0.5000
vt 0.6562 0.5000
vt 0.6758 0.5000
vt 0.6758 0.0000
vt 0.6562 0.0000
vt 0.7969 0.5000
vt 0.8125 0.5000
vt 0.8125 0.0000
vt 0.7969 0.0000
vt 0.6758 0.0000
vt 0.6758 -0.0250
vt 0.6562 -0.0250
vt 0.6562 0.0000
vt 0.6758 0.0000
vt 0.6562 0.0000
vt 0.6562 -0.0250
vt 0.6758 -0.0250
vt 0.6758 0.5000
vt 0.6562 0.5000
vt 0.6562 0.5000
vt 0.6758 0.5000
vt 0.6758 0.0000
vt 0.6562 0.0000
vt 0.1875 0.0000
vt 0.1719 0.0000
vt 0.1719 0.5000
vt 0.1875 0.5000
vt 0.7969 0.5000
vt 0.8125 0.5000
vt 0.8125 0.0000
vt 0.7969 0.0000
vt 0.6758 0.0000
vt 0.6758 -0.0250
vt 0.6562 -0.0250
vt 0.6562 0.0000
vt 0.6758 0.0000
vt 0.6562 0.0000
vt 0.6562 -0.0250
vt 0.6758 -0.0250
vt 0.6758 0.5000
vt 0.6562 0.5000
vt 0.6562 0.5000
vt 0.6758 0.5000
vt 0.6758 0.0000
vt 0.6562 0.0000
vt 0.1875 0.0000
vt 0.1719 0.0000
vt 0.1719 0.5000
vt 0.1875 0.5000
vt 0.7969 0.5000
vt 0.8125 0.5000
vt 0.8125 0.0000
vt 0.7969 0.0000
vt 0.6758 0.0000
vt 0.6758 -0.0250
vt 0.6562 -0.0250
vt 0.6562 0.0000
vt 0.6758 0.0000
vt 0.6562 0.0000
vt 0.6562 -0.0250
vt 0.6758 -0.0250
vt 0.6758 0.5000
vt 0.6562 0.5000
vt 0.6562 0.5000
vt 0.6758 0.5000
vt 0.6758 0.0000
vt 0.6562 0.0000
vt 0.1875 0.0000
vt 0.1719 0.0000
vt 0.1719 0.5000
vt 0.1875 0.5000
vt 0.7969 0.5000
vt 0.8125 0.5000
vt 0.8125 0.0000
vt 0.7969 0.0000
vt 0.6758 0.0000
vt 0.6758 -0.0250
vt 0.6562 -0.0250
vt 0.6562 0.0000
vt 0.6758 0.0000
vt 0.6562 0.0000
vt 0.6562 -0.0250
vt 0.6758 -0.0250
vt 0.6758 0.5000
vt 0.6562 0.5000
vt 0.6562 0.5000
vt 0.6758 0.5000
vt 0.6758 0.0000
vt 0.6562 0.0000
vt 0.1875 0.0000
vt 0.1719 0.0000
vt 0.1719 0.5000
vt 0.1875 0.5000
vt 0.7969 0.5000
vt 0.8125 0.5000
vt 0.8125 0.0000
vt 0.7969 0.0000
vt 0.6758 0.0000
vt 0.6758 -0.0250
vt 0.6562 -0.0250
vt 0.6562 0.0000
vt 0.6758 0.0000
vt 0.6562 0.0000
vt 0.6562 -0.0250
vt 0.6758 -0.0250
vt 0.6758 0.5000
vt 0.6562 0.5000
vt 0.6562 0.5000
vt 0.6758 0.5000
vt 0.6758 0.0000
vt 0.6562 0.0000
vt 0.1875 0.0000
vt 0.1719 0.0000
vt 0.1719 0.5000
vt 0.1875 0.5000
vt 0.7969 0.5000
vt 0.8125 0.5000
vt 0.8125 0.0000
vt 0.7969 0.0000
vt 0.6758 0.0000
vt 0.6758 -0.0250
vt 0.6562 -0.0250
vt 0.6562 0.0000
vt 0.6758 0.0000
vt 0.6758 -0.0250
vt 0.6562 -0.0250
vt 0.6562 0.0000
vt 0.7969 0.5000
vt 0.8125 0.5000
vt 0.8125 0.0000
vt 0.7969 0.0000
vt 0.1875 0.0000
vt 0.1719 0.0000
vt 0.1719 0.5000
vt 0.1875 0.5000
vt 0.6562 0.5000
vt 0.6758 0.5000
vt 0.6758 0.0000
vt 0.6562 0.0000
vt 0.6562 0.0000
vt 0.6758 0.0000
vt 0.6758 0.5000
vt 0.6562 0.5000
vt 0.6562 -0.0250
vt 0.6758 -0.0250
vt 0.6758 0.0000
vt 0.6562 0.0000
vt 0.6562 -0.0250
vt 0.6758 -0.0250
vt 0.6758 0.5000
vt 0.6562 0.5000
vt 0.6562 0.5000
vt 0.6758 0.5000
vt 0.6758 0.0000
vt 0.6562 0.0000
vt 0.1875 0.0000
vt 0.1719 0.0000
vt 0.1719 0.5000
vt 0.1875 0.5000
vt 0.7969 0.5000
vt 0.8125 0.5000
vt 0.8125 0.0000
vt 0.7969 0.0000
vt 0.6758 0.0000
vt 0.6758 -0.0250
vt 0.6562 -0.0250
vt 0.6562 0.0000
vt 0.6758 0.0000
vt 0.6758 -0.0250
vt 0.6758 0.5000
vt 0.6562 0.5000
vt 0.6562 0.5000
vt 0.6758 0.5000
vt 0.6758 0.0000
vt 0.6562 0.0000
vt 0.7969 0.5000
vt 0.8125 0.5000
vt 0.8125 0.0000
vt 0.7969 0.0000
vt 0.6758 0.0000
vt 0.6758 -0.0250
vt 0.6758 0.0000
vt 0.6562 0.0000
vt 0.6562 -0.0250
vt 0.6758 -0.0250
vt 0.6758 0.5000
vt 0.6562 0.5000
vt 0.6562 0.5000
vt 0.6758 0.5000
vt 0.6758 0.0000
vt 0.6562 0.0000
vt 0.1875 0.0000
vt 0.1719 0.0000
vt 0.1719 0.5000
vt 0.1875 0.5000
vt 0.7969 0.5000
vt 0.8125 0.5000
vt 0.8125 0.0000
vt 0.7969 0.0000
vt 0.6758 0.0000
vt 0.6758 -0.0250
vt 0.6562 -0.0250
vt 0.6562 0.0000
vt 0.6758 0.0000
vt 0.6562 0.0000
vt 0.6562 -0.0250
vt 0.6758 -0.0250
vt 0.6758 0.5000
vt 0.6562 0.5000
vt 0.6562 0.5000
vt 0.6758 0.5000
vt 0.6758 0.0000
vt 0.6562 0.0000
vt 0.1875 0.0000
vt 0.1719 0.0000
vt 0.1719 0.5000
vt 0.1875 0.5000
vt 0.7969 0.5000
vt 0.8125 0.5000
vt 0.8125 0.0000
vt 0.7969 0.0000
vt 0.6758 0.0000
vt 0.6758 -0.0250
vt 0.6562 -0.0250
vt 0.6562 0.0000
vt 0.6758 0.0000
vt 0.6562 0.0000
vt 0.6562 -0.0250
vt 0.6758 -0.0250
vt 0.6758 0.5000
vt 0.6562 0.5000
vt 0.6562 0.5000
vt 0.6758 0.5000
vt 0.6758 0.0000
vt 0.6562 0.0000
vt 0.1875 0.0000
vt 0.1719 0.0000
vt 0.1719 0.5000
vt 0.1875 0.5000
vt 0.7969 0.5000
vt 0.8125 0.5000
vt 0.8125 0.0000
vt 0.7969 0.0000
vt 0.6758 0.0000
vt 0.6758 -0.0250
vt 0.6562 -0.0250
vt 0.6562 0.0000
vt 0.6758 0.0000
vt 0.6562 0.0000
vt 0.6562 -0.0250
vt 0.6758 -0.0250
vt 0.6758 0.5000
vt 0.6562 0.5000
vt 0.6562 0.5000
vt 0.6758 0.5000
vt 0.6758 0.0000
vt 0.6562 0.0000
vt 0.7969 0.5000
vt 0.8125 0.5000
vt 0.8125 0.0000
vt 0.7969 0.0000
vt 0.6758 0.0000
vt 0.6758 -0.0250
vt 0.6562 -0.0250
vt 0.6562 0.0000
vt 0.6758 0.0000
vt 0.6562 0.0000
vt 0.6562 -0.0250
vt 0.6758 -0.0250
vt 0.6758 0.5000
vt 0.6562 0.5000
vt 0.6562 0.5000
vt 0.6758 0.5000
vt 0.6758 0.0000
vt 0.6562 0.0000
vt 0.1875 0.0000
vt 0.1719 0.0000
vt 0.1719 0.5000
vt 0.1875 0.5000
vt 0.7969 0.5000
vt 0.8125 0.5000
vt 0.8125 0.0000
vt 0.7969 0.0000
vt 0.6758 0.0000
vt 0.6758 -0.0250
vt 0.6562 -0.0250
vt 0.6562 0.0000
vt 0.6758 0.0000
vt 0.6758 -0.0250
vt 0.6758 0.5000
vt 0.6562 0.5000
vt 0.6562 0.5000
vt 0.6758 0.5000
vt 0.6758 0.0000
vt 0.6562 0.0000
vt 0.7969 0.5000
vt 0.8125 0.5000
vt 0.8125 0.0000
vt 0.7969 0.0000
vt 0.6758 0.0000
vt 0.6758 -0.0250
vt 0.6758 0.0000
vt 0.6562 0.0000
vt 0.6562 -0.0250
vt 0.6758 -0.0250
vt 0.6758 0.5000
vt 0.6562 0.5000
vt 0.6562 0.5000
vt 0.6758 0.5000
vt 0.6758 0.0000
vt 0.6562 0.0000
vt 0.1875 0.0000
vt 0.1719 0.0000
vt 0.1719 0.5000
vt 0.1875 0.5000
vt 0.7969 0.5000
vt 0.8125 0.5000
vt 0.8125 0.0000
vt 0.7969 0.0000
vt 0.6758 0.0000
vt 0.6758 -0.0250
vt 0.6562 -0.0250
vt 0.6562 0.0000
vt 0.6758 0.0000
vt 0.6562 0.0000
vt 0.6562 -0.0250
vt 0.6758 -0.0250
vt 0.6758 0.5000
vt 0.6562 0.5000
vt 0.6562 0.5000
vt 0.6758 0.5000
vt 0.6758 0.0000
vt 0.6562 0.0000
vt 0.1875 0.0000
vt 0.1719 0.0000
vt 0.1719 0.5000
vt 0.1875 0.5000
vt 0.7969 0.5000
vt 0.8125 0.5000
vt 0.8125 0.0000
vt 0.7969 0.0000
vt 0.6758 0.0000
vt 0.6758 -0.0250
vt 0.6562 -0.0250
vt 0.6562 0.0000
vt 0.6758 0.0000
vt 0.6562 0.0000
vt 0.6562 -0.0250
vt 0.6758 -0.0250
vt 0.6758 0.5000
vt 0.6562 0.5000
vt 0.6562 0.5000
vt 0.6758 0.5000
vt 0.6758 0.0000
vt 0.6562 0.0000
vt 0.1875 0.0000
vt 0.1719 0.0000
vt 0.1719 0.5000
vt 0.1875 0.5000
vt 0.7969 0.5000
vt 0.8125 0.5000
vt 0.8125 0.0000
vt 0.7969 0.0000
vt 0.6758 0.0000
vt 0.6758 -0.0250
vt 0.6562 -0.0250
vt 0.6562 0.0000
vt 0.6758 0.0000
vt 0.6562 0.0000
vt 0.6562 -0.0250
vt 0.6758 -0.0250
vt 0.6758 0.5000
vt 0.6562 0.5000
vt 0.6562 0.5000
vt 0.6758 0.5000
vt 0.6758 0.0000
vt 0.6562 0.0000
vt 0.7969 0.5000
vt 0.8125 0.5000
vt 0.8125 0.0000
vt 0.7969 0.0000
vt 0.6758 0.0000
vt 0.6758 -0.0250
vt 0.6562 -0.0250
vt 0.6562 0.0000
vt 0.6758 0.0000
vt 0.6758 -0.0250
vt 0.6562 -0.0250
vt 0.6562 0.0000
vt 0.7969 0.5000
vt 0.8125 0.5000
vt 0.8125 0.0000
vt 0.7969 0.0000
vt 0.6562 0.5000
vt 0.6758 0.5000
vt 0.6758 0.0000
vt 0.6562 0.0000
vt 0.6562 0.0000
vt 0.6758 0.0000
vt 0.6758 0.5000
vt 0.6562 0.5000
vt 0.6562 -0.0250
vt 0.6758 -0.0250
vt 0.6758 0.0000
vt 0.6758 -0.0250
vt 0.6562 -0.0250
vt 0.6562 0.0000
vt 0.7969 0.5000
vt 0.8125 0.5000
vt 0.8125 0.0000
vt 0.7969 0.0000
vt 0.1875 0.0000
vt 0.1719 0.0000
vt 0.1719 0.5000
vt 0.1875 0.5000
vt 0.6562 0.5000
vt 0.6758 0.5000
vt 0.6758 0.0000
vt 0.6562 0.0000
vt 0.6562 0.0000
vt 0.6758 0.0000
vt 0.6758 0.5000
vt 0.6562 0.5000
vt 0.6562 -0.0250
vt 0.6758 -0.0250
vt 0.6758 0.0000
vt 0.6758 -0.0250
vt 0.6562 -0.0250
vt 0.6562 0.0000
vt 0.7969 0.5000
vt 0.8125 0.5000
vt 0.8125 0.0000
vt 0.7969 0.0000
vt 0.1875 0.0000
vt 0.1719 0.0000
vt 0.1719 0.5000
vt 0.1875 0.5000
vt 0.6562 0.5000
vt 0.6758 0.5000
vt 0.6758 0.0000
vt 0.6562 0.0000
vt 0.6562 0.0000
vt 0.6758 0.0000
vt 0.6758 0.5000
vt 0.6562 0.5000
vt 0.6562 -0.0250
vt 0.6758 -0.0250
vt 0.6758 0.0000
vt 0.6758 -0.0250
vt 0.6562 -0.0250
vt 0.6562 0.0000
vt 0.7969 0.5000
vt 0.8125 0.5000
vt 0.8125 0.0000
vt 0.7969 0.0000
vt 0.1875 0.0000
vt 0.1719 0.0000
vt 0.1719 0.5000
vt 0.1875 0.5000
vt 0.6562 0.5000
vt 0.6758 0.5000
vt 0.6758 0.0000
vt 0.6562 0.0000
vt 0.6562 0.0000
vt 0.6758 0.0000
vt 0.6758 0.5000
vt 0.6562 0.5000
vt 0.6562 -0.0250
vt 0.6758 -0.0250
vt 0.6758 0.0000
vt 0.6758 -0.0250
vt 0.6562 -0.0250
vt 0.6562 0.0000
vt 0.7969 0.5000
vt 0.8125 0.5000
vt 0.8125 0.0000
vt 0.7969 0.0000
vt 0.6562 0.5000
vt 0.6758 0.5000
vt 0.6758 0.0000
vt 0.6562 0.0000
vt 0.6562 0.0000
vt 0.6758 0.0000
vt 0.6758 0.5000
vt 0.6562 0.5000
vt 0.6562 -0.0250
vt 0.6758 -0.0250
vt 0.6758 0.0000
vt 0.6758 -0.0250
vt 0.7969 0.5000
vt 0.8125 0.5000
vt 0.8125 0.0000
vt 0.7969 0.0000
vt 0.1875 0.0000
vt 0.1719 0.0000
vt 0.1719 0.5000
vt 0.1875 0.5000
vt 0.6562 0.5000
vt 0.6758 0.5000
vt 0.6758 0.0000
vt 0.6562 0.0000
vt 0.6758 0.0000
vt 0.6758 0.5000
vt 0.6562 0.5000
vt 0.6758 -0.0250
vt 0.6758 0.0000
vt 0.6758 -0.0250
vt 0.6562 -0.0250
vt 0.6562 0.0000
vt 0.7969 0.5000
vt 0.8125 0.5000
vt 0.8125 0.0000
vt 0.7969 0.0000
vt 0.6562 0.5000
vt 0.6758 0.5000
vt 0.6758 0.0000
vt 0.6562 0.0000
vt 0.6562 0.0000
vt 0.6758 0.0000
vt 0.6758 0.5000
vt 0.6562 0.5000
vt 0.6562 -0.0250
vt 0.6758 -0.0250
vt 0.6758 0.0000
vt 0.6758 -0.0250
vt 0.6562 -0.0250
vt 0.6562 0.0000
vt 0.7969 0.5000
vt 0.8125 0.5000
vt 0.8125 0.0000
vt 0.7969 0.0000
vt 0.1875 0.0000
vt 0.1719 0.0000
vt 0.1719 0.5000
vt 0.1875 0.5000
vt 0.6562 0.5000
vt 0.6758 0.5000
vt 0.6758 0.0000
vt 0.6562 0.0000
vt 0.6562 0.0000
vt 0.6758 0.0000
vt 0.6758 0.5000
vt 0.6562 0.5000
vt 0.6562 -0.0250
vt 0.6758 -0.0250
vt 0.6758 0.0000
vt 0.6758 -0.0250
vt 0.6562 -0.0250
vt 0.6562 0.0000
vt 0.7969 0.5000
vt 0.8125 0.5000
vt 0.8125 0.0000
vt 0.7969 0.0000
vt 0.1875 0.0000
vt 0.1719 0.0000
vt 0.1719 0.5000
vt 0.1875 0.5000
vt 0.6562 0.5000
vt 0.6758 0.5000
vt 0.6758 0.0000
vt 0.6562 0.0000
vt 0.6562 0.0000
vt 0.6758 0.0000
vt 0.6758 0.5000
vt 0.6562 0.5000
vt 0.6562 -0.0250
vt 0.6758 -0.0250
vt 0.6758 0.0000
vt 0.6758 -0.0250
vt 0.6562 -0.0250
vt 0.6562 0.0000
vt 0.7969 0.5000
vt 0.8125 0.5000
vt 0.8125 0.0000
vt 0.7969 0.0000
vt 0.1875 0.0000
vt 0.1719 0.0000
vt 0.1719 0.5000
vt 0.1875 0.5000
vt 0.6562 0.5000
vt 0.6758 0.5000
vt 0.6758 0.0000
vt 0.6562 0.0000
vt 0.6562 0.0000
vt 0.6758 0.0000
vt 0.6758 0.5000
vt 0.6562 0.5000
vt 0.6562 -0.0250
vt 0.6758 -0.0250
vt 0.6758 0.0000
vt 0.6758 -0.0250
vt 0.6562 -0.0250
vt 0.6562 0.0000
vt 0.7969 0.5000
vt 0.8125 0.5000
vt 0.8125 0.0000
vt 0.7969 0.0000
vt 0.6562 0.5000
vt 0.6758 0.5000
vt 0.6758 0.0000
vt 0.6562 0.0000
vt 0.6562 0.0000
vt 0.6758 0.0000
vt 0.6758 0.5000
vt 0.6562 0.5000
vt 0.6562 -0.0250
vt 0.6758 -0.0250
vt 0.6758 0.0000
vt 0.6758 -0.0250
vt 0.7969 0.5000
vt 0.8125 0.5000
vt 0.8125 0.0000
vt 0.7969 0.0000
vt 0.1875 0.0000
vt 0.1719 0.0000
vt 0.1719 0.5000
vt 0.1875 0.5000
vt 0.6562 0.5000
vt 0.6758 0.5000
vt 0.6758 0.0000
vt 0.6562 0.0000
vt 0.6758 0.0000
vt 0.6758 0.5000
vt 0.6562 0.5000
vt 0.6758 -0.0250
vt 0.6758 0.0000
vt 0.6562 0.0000
vt 0.6562 -0.0250
vt 0.6758 -0.0250
vt 0.6758 0.5000
vt 0.6562 0.5000
vt 0.6562 0.5000
vt 0.6758 0.5000
vt 0.6758 0.0000
vt 0.6562 0.0000
vt 0.1875 0.0000
vt 0.1719 0.0000
vt 0.1719 0.5000
vt 0.1875 0.5000
vt 0.6758 0.0000
vt 0.6758 -0.0250
vt 0.6562 -0.0250
vt 0.6562 0.0000
vt 0.6562 0.0000
vt 0.6562 -0.0250
vt 0.6758 -0.0250
vt 0.6562 0.5000
vt 0.6562 0.5000
vt 0.6562 0.0000
vt 0.1875 0.0000
vt 0.1719 0.0000
vt 0.1719 0.5000
vt 0.1875 0.5000
vt 0.7969 0.5000
vt 0.8125 0.5000
vt 0.8125 0.0000
vt 0.7969 0.0000
vt 0.6758 0.0000
vt 0.6758 -0.0250
vt 0.6562 -0.0250
vt 0.6562 0.0000
vt 0.6758 0.0000
vt 0.6562 0.0000
vt 0.6562 -0.0250
vt 0.6758 -0.0250
vt 0.6758 0.5000
vt 0.6562 0.5000
vt 0.6562 0.5000
vt 0.6758 0.5000
vt 0.6758 0.0000
vt 0.6562 0.0000
vt 0.1875 0.0000
vt 0.1719 0.0000
vt 0.1719 0.5000
vt 0.1875 0.5000
vt 0.7969 0.5000
vt 0.8125 0.5000
vt 0.8125 0.0000
vt 0.7969 0.0000
vt 0.6758 0.0000
vt 0.6758 -0.0250
vt 0.6562 -0.0250
vt 0.6562 0.0000
vt 0.6758 0.0000
vt 0.6758 -0.0250
vt 0.6562 -0.0250
vt 0.6562 0.0000
vt 0.7969 0.5000
vt 0.8125 0.5000
vt 0.8125 0.0000
vt 0.7969 0.0000
vt 0.1875 0.0000
vt 0.1719 0.0000
vt 0.1719 0.5000
vt 0.1875 0.5000
vt 0.6562 0.5000
vt 0.6758 0.5000
vt 0.6758 0.0000
vt 0.6562 0.0000
vt 0.6562 0.0000
vt 0.6758 0.0000
vt 0.6758 0.5000
vt 0.6562 0.5000
vt 0.6562 -0.0250
vt 0.6758 -0.0250
vt 0.6758 0.0000
vt 0.6758 -0.0250
vt 0.6562 0.5000
vt 0.6758 0.5000
vt 0.6758 0.0000
vt 0.6562 0.0000
vt 0.6758 0.0000
vt 0.6758 0.5000
vt 0.6562 0.5000
vt 0.6758 -0.0250
vt 0.6758 0.0000
vt 0.6758 -0.0250
vt 0.6562 -0.0250
vt 0.6562 0.0000
vt 0.7969 0.5000
vt 0.8125 0.5000
vt 0.8125 0.0000
vt 0.7969 0.0000
vt 0.1875 0.0000
vt 0.1719 0.0000
vt 0.1719 0.5000
vt 0.1875 0.5000
vt 0.6562 0.5000
vt 0.6758 0.5000
vt 0.6758 0.0000
vt 0.6562 0.0000
vt 0.6562 0.0000
vt 0.6758 0.0000
vt 0.6758 0.5000
vt 0.6562 0.5000
vt 0.6562 -0.0250
vt 0.6758 -0.0250
vt 0.6758 0.0000
vt 0.6562 0.0000
vt 0.6562 -0.0250
vt 0.6758 -0.0250
vt 0.6758 0.5000
vt 0.6562 0.5000
vt 0.6562 0.5000
vt 0.6758 0.5000
vt 0.6758 0.0000
vt 0.6562 0.0000
vt 0.1875 0.0000
vt 0.1719 0.0000
vt 0.1719 0.5000
vt 0.1875 0.5000
vt 0.6758 0.0000
vt 0.6758 -0.0250
vt 0.6562 -0.0250
vt 0.6562 0.0000
vt 0.6562 0.0000
vt 0.6562 -0.0250
vt 0.6758 -0.0250
vt 0.6562 0.5000
vt 0.6562 0.5000
vt 0.6562 0.0000
vt 0.1875 0.0000
vt 0.1719 0.0000
vt 0.1719 0.5000
vt 0.1875 0.5000
vt 0.7969 0.5000
vt 0.8125 0.5000
vt 0.8125 0.0000
vt 0.7969 0.0000
vt 0.6758 0.0000
vt 0.6758 -0.0250
vt 0.6562 -0.0250
vt 0.6562 0.0000
vt 0.6758 0.0000
vt 0.6562 0.0000
vt 0.6562 -0.0250
vt 0.6758 -0.0250
vt 0.6758 0.5000
vt 0.6562 0.5000
vt 0.6562 0.5000
vt 0.6758 0.5000
vt 0.6758 0.0000
vt 0.6562 0.0000
vt 0.1875 0.0000
vt 0.1719 0.0000
vt 0.1719 0.5000
vt 0.1875 0.5000
vt 0.7969 0.5000
vt 0.8125 0.5000
vt 0.8125 0.0000
vt 0.7969 0.0000
vt 0.6758 0.0000
vt 0.6758 -0.0250
vt 0.6562 -0.0250
vt 0.6562 0.0000
vt 0.6758 0.0000
vt 0.6758 -0.0250
vt 0.6562 -0.0250
vt 0.6562 0.0000
vt 0.1875 0.0000
vt 0.1719 0.0000
vt 0.1719 0.5000
vt 0.1875 0.5000
vt 0.6562 0.5000
vt 0.6758 0.5000
vt 0.6758 0.0000
vt 0.6562 0.0000
vt 0.6562 0.0000
vt 0.6758 0.0000
vt 0.6758 0.5000
vt 0.6562 0.5000
vt 0.6562 -0.0250
vt 0.6758 -0.0250
vt 0.6758 0.0000
vt 0.6758 -0.0250
vt 0.6562 0.5000
vt 0.6758 0.5000
vt 0.6758 0.0000
vt 0.6562 0.0000
vt 0.6758 0.0000
vt 0.6758 0.5000
vt 0.6562 0.5000
vt 0.6758 -0.0250
vt 0.6758 0.0000
vt 0.6758 -0.0250
vt 0.6562 -0.0250
vt 0.6562 0.0000
vt 0.7969 0.5000
vt 0.8125 0.5000
vt 0.8125 0.0000
vt 0.7969 0.0000
vt 0.1875 0.0000
vt 0.1719 0.0000
vt 0.1719 0.5000
vt 0.1875 0.5000
vt 0.6562 0.5000
vt 0.6758 0.5000
vt 0.6758 0.0000
vt 0.6562 0.0000
vt 0.6562 0.0000
vt 0.6758 0.0000
vt 0.6758 0.5000
vt 0.6562 0.5000
vt 0.6562 -0.0250
vt 0.6758 -0.0250
vt 0.6758 0.0000
vt 0.6758 -0.0250
vt 0.6562 -0.0250
vt 0.6562 0.0000
vt 0.7969 0.5000
vt 0.8125 0.5000
vt 0.8125 0.0000
vt 0.7969 0.0000
vt 0.6562 0.5000
vt 0.6758 0.5000
vt 0.6758 0.0000
vt 0.6562 0.0000
vt 0.6562 0.0000
vt 0.6758 0.0000
vt 0.6758 0.5000
vt 0.6562 0.5000
vt 0.6562 -0.0250
vt 0.6758 -0.0250
vt 0.6758 0.0000
vt 0.6758 -0.0250
vt 0.6562 -0.0250
vt 0.6562 0.0000
vt 0.7969 0.5000
vt 0.8125 0.5000
vt 0.8125 0.0000
vt 0.7969 0.0000
vt 0.1875 0.0000
vt 0.1719 0.0000
vt 0.1719 0.5000
vt 0.1875 0.5000
vt 0.6562 0.5000
vt 0.6758 0.5000
vt 0.6758 0.0000
vt 0.6562 0.0000
vt 0.6562 0.0000
vt 0.6758 0.0000
vt 0.6758 0.5000
vt 0.6562 0.5000
vt 0.6562 -0.0250
vt 0.6758 -0.0250
vt 0.6758 0.0000
vt 0.6758 -0.0250
vt 0.6562 -0.0250
vt 0.6562 0.0000
vt 0.7969 0.5000
vt 0.8125 0.5000
vt 0.8125 0.0000
vt 0.7969 0.0000
vt 0.1875 0.0000
vt 0.1719 0.0000
vt 0.1719 0.5000
vt 0.1875 0.5000
vt 0.6562 0.5000
vt 0.6758 0.5000
vt 0.6758 0.0000
vt 0.6562 0.0000
vt 0.6562 0.0000
vt 0.6758 0.0000
vt 0.6758 0.5000
vt 0.6562 0.5000
vt 0.6562 -0.0250
vt 0.6758 -0.0250
vt 0.6758 0.0000
vt 0.6758 -0.0250
vt 0.6562 -0.0250
vt 0.6562 0.0000
vt 0.7969 0.5000
vt 0.8125 0.5000
vt 0.8125 0.0000
vt 0.7969 0.0000
vt 0.1875 0.0000
vt 0.1719 0.0000
vt 0.1719 0.5000
vt 0.1875 0.5000
vt 0.6562 0.5000
vt 0.6758 0.5000
vt 0.6758 0.0000
vt 0.6562 0.0000
vt 0.6562 0.0000
vt 0.6758 0.0000
vt 0.6758 0.5000
vt 0.6562 0.5000
vt 0.6562 -0.0250
vt 0.6758 -0.0250
vt 0.6758 0.0000
vt 0.6758 -0.0250
vt 0.6562 -0.0250
vt 0.6562 0.0000
vt 0.7969 0.5000
vt 0.8125 0.5000
vt 0.8125 0.0000
vt 0.7969 0.0000
vt 0.6562 0.5000
vt 0.6758 0.5000
vt 0.6758 0.0000
vt 0.6562 0.0000
vt 0.6562 0.0000
vt 0.6758 0.0000
vt 0.6758 0.5000
vt 0.6562 0.5000
vt 0.6562 -0.0250
vt 0.6758 -0.0250
vt 0.6758 0.0000
vt 0.6758 -0.0250
vt 0.7969 0.5000
vt 0.8125 0.5000
vt 0.8125 0.0000
vt 0.7969 0.0000
vt 0.1875 0.0000
vt 0.1719 0.0000
vt 0.1719 0.5000
vt 0.1875 0.5000
vt 0.6562 0.5000
vt 0.6758 0.5000
vt 0.6758 0.0000
vt 0.6562 0.0000
vt 0.6758 0.0000
vt 0.6758 0.5000
vt 0.6562 0.5000
vt 0.6758 -0.0250
vt 0.6758 0.0000
vt 0.6758 -0.0250
vt 0.6562 -0.0250
vt 0.6562 0.0000
vt 0.7969 0.5000
vt 0.8125 0.5000
vt 0.8125 0.0000
vt 0.7969 0.0000
vt 0.6562 0.5000
vt 0.6758 0.5000
vt 0.6758 0.0000
vt 0.6562 0.0000
vt 0.6562 0.0000
vt 0.6758 0.0000
vt 0.6758 0.5000
vt 0.6562 0.5000
vt 0.6562 -0.0250
vt 0.6758 -0.0250
vt 0.6758 0.0000
vt 0.6758 -0.0250
vt 0.6562 -0.0250
vt 0.6562 0.0000
vt 0.7969 0.5000
vt 0.8125 0.5000
vt 0.8125 0.0000
vt 0.7969 0.0000
vt 0.1875 0.0000
vt 0.1719 0.0000
vt 0.1719 0.5000
vt 0.1875 0.5000
vt 0.6562 0.5000
vt 0.6758 0.5000
vt 0.6758 0.0000
vt 0.6562 0.0000
vt 0.6562 0.0000
vt 0.6758 0.0000
vt 0.6758 0.5000
vt 0.6562 0.5000
vt 0.6562 -0.0250
vt 0.6758 -0.0250
vt 0.6758 0.0000
vt 0.6758 -0.0250
vt 0.6562 -0.0250
vt 0.6562 0.0000
vt 0.7969 0.5000
vt 0.8125 0.5000
vt 0.8125 0.0000
vt 0.7969 0.0000
vt 0.1875 0.0000
vt 0.1719 0.0000
vt 0.1719 0.5000
vt 0.1875 0.5000
vt 0.6562 0.5000
vt 0.6758 0.5000
vt 0.6758 0.0000
vt 0.6562 0.0000
vt 0.6562 0.0000
vt 0.6758 0.0000
vt 0.6758 0.5000
vt 0.6562 0.5000
vt 0.6562 -0.0250
vt 0.6758 -0.0250
vt 0.6758 0.0000
vt 0.6758 -0.0250
vt 0.6562 -0.0250
vt 0.6562 0.0000
vt 0.7969 0.5000
vt 0.8125 0.5000
vt 0.8125 0.0000
vt 0.7969 0.0000
vt 0.1875 0.0000
vt 0.1719 0.0000
vt 0.1719 0.5000
vt 0.1875 0.5000
vt 0.6562 0.5000
vt 0.6758 0.5000
vt 0.6758 0.0000
vt 0.6562 0.0000
vt 0.6562 0.0000
vt 0.6758 0.0000
vt 0.6758 0.5000
vt 0.6562 0.5000
vt 0.6562 -0.0250
vt 0.6758 -0.0250
vt 0.6758 0.0000
vt 0.6758 -0.0250
vt 0.6562 -0.0250
vt 0.6562 0.0000
vt 0.7969 0.5000
vt 0.8125 0.5000
vt 0.8125 0.0000
vt 0.7969 0.0000
vt 0.6562 0.5000
vt 0.6758 0.5000
vt 0.6758 0.0000
vt 0.6562 0.0000
vt 0.6562 0.0000
vt 0.6758 0.0000
vt 0.6758 0.5000
vt 0.6562 0.5000
vt 0.6562 -0.0250
vt 0.6758 -0.0250
vt 0.6758 0.0000
vt 0.6758 -0.0250
vt 0.7969 0.5000
vt 0.8125 0.5000
vt 0.8125 0.0000
vt 0.7969 0.0000
vt 0.1875 0.0000
vt 0.1719 0.0000
vt 0.1719 0.5000
vt 0.1875 0.5000
vt 0.6562 0.5000
vt 0.6758 0.5000
vt 0.6758 0.0000
vt 0.6562 0.0000
vt 0.6758 0.0000
vt 0.6758 0.5000
vt 0.6562 0.5000
vt 0.6758 -0.0250
vt 0.6758 0.0000
vt 0.6758 -0.0250
vt 0.6562 -0.0250
vt 0.6562 0.0000
vt 0.7969 0.5000
vt 0.8125 0.5000
vt 0.8125 0.0000
vt 0.7969 0.0000
vt 0.6562 0.5000
vt 0.6758 0.5000
vt 0.6758 0.0000
vt 0.6562 0.0000
vt 0.6562 0.0000
vt 0.6758 0.0000
vt 0.6758 0.5000
vt 0.6562 0.5000
vt 0.6562 -0.0250
vt 0.6758 -0.0250
vt 0.6758 0.0000
vt 0.6758 -0.0250
vt 0.6562 -0.0250
vt 0.6562 0.0000
vt 0.7969 0.5000
vt 0.8125 0.5000
vt 0.8125 0.0000
vt 0.7969 0.0000
vt 0.1875 0.0000
vt 0.1719 0.0000
vt 0.1719 0.5000
vt 0.1875 0.5000
vt 0.6562 0.5000
vt 0.6758 0.5000
vt 0.6758 0.0000
vt 0.6562 0.0000
vt 0.6562 0.0000
vt 0.6758 0.0000
vt 0.6758 0.5000
vt 0.6562 0.5000
vt 0.6562 -0.0250
vt 0.6758 -0.0250
vt 0.6758 0.0000
vt 0.6758 -0.0250
vt 0.6562 -0.0250
vt 0.6562 0.0000
vt 0.7969 0.5000
vt 0.8125 0.5000
vt 0.8125 0.0000
vt 0.7969 0.0000
vt 0.1875 0.0000
vt 0.1719 0.0000
vt 0.1719 0.5000
vt 0.1875 0.5000
vt 0.6562 0.5000
vt 0.6758 0.5000
vt 0.6758 0.0000
vt 0.6562 0.0000
vt 0.6562 0.0000
vt 0.6758 0.0000
vt 0.6758 0.5000
vt 0.6562 0.5000
vt 0.6562 -0.0250
vt 0.6758 -0.0250
vt 0.6758 0.0000
vt 0.6758 -0.0250
vt 0.6562 -0.0250
vt 0.6562 0.0000
vt 0.7969 0.5000
vt 0.8125 0.5000
vt 0.8125 0.0000
vt 0.7969 0.0000
vt 0.1875 0.0000
vt 0.1719 0.0000
vt 0.1719 0.5000
vt 0.1875 0.5000
vt 0.6562 0.5000
vt 0.6758 0.5000
vt 0.6758 0.0000
vt 0.6562 0.0000
vt 0.6562 0.0000
vt 0.6758 0.0000
vt 0.6758 0.5000
vt 0.6562 0.5000
vt 0.6562 -0.0250
vt 0.6758 -0.0250
vt 0.6758 0.0000
vt 0.6758 -0.0250
vt 0.6562 -0.0250
vt 0.6562 0.0000
vt 0.7969 0.5000
vt 0.8125 0.5000
vt 0.8125 0.0000
vt 0.7969 0.0000
vt 0.6562 0.5000
vt 0.6758 0.5000
vt 0.6758 0.0000
vt 0.6562 0.0000
vt 0.6562 0.0000
vt 0.6758 0.0000
vt 0.6758 0.5000
vt 0.6562 0.5000
vt 0.6562 -0.0250
vt 0.6758 -0.0250
vt 0.6758 0.0000
vt 0.6758 -0.0250
vt 0.7969 0.5000
vt 0.8125 0.5000
vt 0.8125 0.0000
vt 0.7969 0.0000
vt 0.1875 0.0000
vt 0.1719 0.0000
vt 0.1719 0.5000
vt 0.1875 0.5000
vt 0.6562 0.5000
vt 0.6758 0.5000
vt 0.6758 0.0000
vt 0.6562 0.0000
vt 0.6758 0.0000
vt 0.6758 0.5000
vt 0.6562 0.5000
vt 0.6758 -0.0250
vt 0.6758 0.0000
vt 0.6758 -0.0250
vt 0.6562 -0.0250
vt 0.6562 0.0000
vt 0.7969 0.5000
vt 0.8125 0.5000
vt 0.8125 0.0000
vt 0.7969 0.0000
vt 0.6562 0.5000
vt 0.6758 0.5000
vt 0.6758 0.0000
vt 0.6562 0.0000
vt 0.6562 0.0000
vt 0.6758 0.0000
vt 0.6758 0.5000
vt 0.6562 0.5000
vt 0.6562 -0.0250
vt 0.6758 -0.0250
vt 0.6758 0.0000
vt 0.6758 -0.0250
vt 0.6562 -0.0250
vt 0.6562 0.0000
vt 0.7969 0.5000
vt 0.8125 0.5000
vt 0.8125 0.0000
vt 0.7969 0.0000
vt 0.1875 0.0000
vt 0.1719 0.0000
vt 0.1719 0.5000
vt 0.1875 0.5000
vt 0.6562 0.5000
vt 0.6758 0.5000
vt 0.6758 0.0000
vt 0.6562 0.0000
vt 0.6562 0.0000
vt 0.6758 0.0000
vt 0.6758 0.5000
vt 0.6562 0.5000
vt 0.6562 -0.0250
vt 0.6758 -0.0250
vt 0.6758 0.0000
vt 0.6758 -0.0250
vt 0.6562 -0.0250
vt 0.6562 0.0000
vt 0.7969 0.5000
vt 0.8125 0.5000
vt 0.8125 0.0000
vt 0.7969 0.0000
vt 0.1875 0.0000
vt 0.1719 0.0000
vt 0.1719 0.5000
vt 0.1875 0.5000
vt 0.6562 0.5000
vt 0.6758 0.5000
vt 0.6758 0.0000
vt 0.6562 0.0000
vt 0.6562 0.0000
vt 0.6758 0.0000
vt 0.6758 0.5000
vt 0.6562 0.5000
vt 0.6562 -0.0250
vt 0.6758 -0.0250
vt 0.6758 0.0000
vt 0.6758 -0.0250
vt 0.6562 -0.0250
vt 0.6562 0.0000
vt 0.7969 0.5000
vt 0.8125 0.5000
vt 0.8125 0.0000
vt 0.7969 0.0000
vt 0.1875 0.0000
vt 0.1719 0.0000
vt 0.1719 0.5000
vt 0.1875 0.5000
vt 0.6562 0.5000
vt 0.6758 0.5000
vt 0.6758 0.0000
vt 0.6562 0.0000
vt 0.6562 0.0000
vt 0.6758 0.0000
vt 0.6758 0.5000
vt 0.6562 0.5000
vt 0.6562 -0.0250
vt 0.6758 -0.0250
vt 0.6758 0.0000
vt 0.6758 -0.0250
vt 0.6562 -0.0250
vt 0.6562 0.0000
vt 0.7969 0.5000
vt 0.8125 0.5000
vt 0.8125 0.0000
vt 0.7969 0.0000
vt 0.6562 0.5000
vt 0.6758 0.5000
vt 0.6758 0.0000
vt 0.6562 0.0000
vt 0.6562 0.0000
vt 0.6758 0.0000
vt 0.6758 0.5000
vt 0.6562 0.5000
vt 0.6562 -0.0250
vt 0.6758 -0.0250
vt 0.6758 0.0000
vt 0.6758 -0.0250
vt 0.7969 0.5000
vt 0.8125 0.5000
vt 0.8125 0.0000
vt 0.7969 0.0000
vt 0.1875 0.0000
vt 0.1719 0.0000
vt 0.1719 0.5000
vt 0.1875 0.5000
vt 0.6562 0.5000
vt 0.6758 0.5000
vt 0.6758 0.0000
vt 0.6562 0.0000
vt 0.6758 0.0000
vt 0.6758 0.5000
vt 0.6562 0.5000
vt 0.6758 -0.0250
vt 0.6758 0.0000
vt 0.6562 0.0000
vt 0.6562 -0.0250
vt 0.6758 -0.0250
vt 0.6758 0.5000
vt 0.6562 0.5000
vt 0.6562 0.5000
vt 0.6758 0.5000
vt 0.6758 0.0000
vt 0.6562 0.0000
vt 0.1875 0.0000
vt 0.1719 0.0000
vt 0.1719 0.5000
vt 0.1875 0.5000
vt 0.7969 0.5000
vt 0.8125 0.5000
vt 0.8125 0.0000
vt 0.7969 0.0000
vt 0.6758 0.0000
vt 0.6758 -0.0250
vt 0.6562 -0.0250
vt 0.6562 0.0000
vt 0.6562 0.0000
vt 0.6562 -0.0250
vt 0.6758 -0.0250
vt 0.6562 0.5000
vt 0.6562 0.5000
vt 0.6562 0.0000
vt 0.1875 0.0000
vt 0.1719 0.0000
vt 0.1719 0.5000
vt 0.1875 0.5000
vt 0.6758 0.0000
vt 0.6758 -0.0250
vt 0.6562 -0.0250
vt 0.6562 0.0000
vt 0.6758 0.0000
vt 0.6562 0.0000
vt 0.6562 -0.0250
vt 0.6758 -0.0250
vt 0.6758 0.5000
vt 0.6562 0.5000
vt 0.6562 0.5000
vt 0.6758 0.5000
vt 0.6758 0.0000
vt 0.6562 0.0000
vt 0.1875 0.0000
vt 0.1719 0.0000
vt 0.1719 0.5000
vt 0.1875 0.5000
vt 0.7969 0.5000
vt 0.8125 0.5000
vt 0.8125 0.0000
vt 0.7969 0.0000
vt 0.6758 0.0000
vt 0.6758 -0.0250
vt 0.6562 -0.0250
vt 0.6562 0.0000
vt 0.6758 0.0000
vt 0.6758 -0.0250
vt 0.6562 -0.0250
vt 0.6562 0.0000
vt 0.7969 0.5000
vt 0.8125 0.5000
vt 0.8125 0.0000
vt 0.7969 0.0000
vt 0.6562 0.5000
vt 0.6758 0.5000
vt 0.6758 0.0000
vt 0.6562 0.0000
vt 0.6562 0.0000
vt 0.6758 0.0000
vt 0.6758 0.5000
vt 0.6562 0.5000
vt 0.6562 -0.0250
vt 0.6758 -0.0250
vt 0.6758 0.0000
vt 0.6758 -0.0250
vt 0.7969 0.5000
vt 0.8125 0.5000
vt 0.8125 0.0000
vt 0.7969 0.0000
vt 0.1875 0.0000
vt 0.1719 0.0000
vt 0.1719 0.5000
vt 0.1875 0.5000
vt 0.6562 0.5000
vt 0.6758 0.5000
vt 0.6758 0.0000
vt 0.6562 0.0000
vt 0.6758 0.0000
vt 0.6758 0.5000
vt 0.6562 0.5000
vt 0.6758 -0.0250
vt 0.6758 0.0000
vt 0.6758 -0.0250
vt 0.6562 -0.0250
vt 0.6562 0.0000
vt 0.7969 0.5000
vt 0.8125 0.5000
vt 0.8125 0.0000
vt 0.7969 0.0000
vt 0.6562 0.5000
vt 0.6758 0.5000
vt 0.6758 0.0000
vt 0.6562 0.0000
vt 0.6562 0.0000
vt 0.6758 0.0000
vt 0.6758 0.5000
vt 0.6562 0.5000
vt 0.6562 -0.0250
vt 0.6758 -0.0250
vt 0.6758 0.0000
vt 0.6562 0.0000
vt 0.6562 -0.0250
vt 0.6758 -0.0250
vt 0.6758 0.5000
vt 0.6562 0.5000
vt 0.6562 0.5000
vt 0.6758 0.5000
vt 0.6758 0.0000
vt 0.6562 0.0000
vt 0.1875 0.0000
vt 0.1719 0.0000
vt 0.1719 0.5000
vt 0.1875 0.5000
vt 0.7969 0.5000
vt 0.8125 0.5000
vt 0.8125 0.0000
vt 0.7969 0.0000
vt 0.6758 0.0000
vt 0.6758 -0.0250
vt 0.6562 -0.0250
vt 0.6562 0.0000
vt 0.6758 0.0000
vt 0.6562 0.0000
vt 0.6562 -0.0250
vt 0.6758 -0.0250
vt 0.6758 0.5000
vt 0.6562 0.5000
vt 0.6562 0.5000
vt 0.6758 0.5000
vt 0.6758 0.0000
vt 0.6562 0.0000
vt 0.7969 0.5000
vt 0.8125 0.5000
vt 0.8125 0.0000
vt 0.7969 0.0000
vt 0.6758 0.0000
vt 0.6758 -0.0250
vt 0.6562 -0.0250
vt 0.6562 0.0000
vt 0.6758 0.0000
vt 0.6562 0.0000
vt 0.6562 -0.0250
vt 0.6758 -0.0250
vt 0.6758 0.5000
vt 0.6562 0.5000
vt 0.6562 0.5000
vt 0.6758 0.5000
vt 0.6758 0.0000
vt 0.6562 0.0000
vt 0.1875 0.0000
vt 0.1719 0.0000
vt 0.1719 0.5000
vt 0.1875 0.5000
vt 0.7969 0.5000
vt 0.8125 0.5000
vt 0.8125 0.0000
vt 0.7969 0.0000
vt 0.6758 0.0000
vt 0.6758 -0.0250
vt 0.6562 -0.0250
vt 0.6562 0.0000
vt 0.6758 0.0000
vt 0.6758 -0.0250
vt 0.6562 -0.0250
vt 0.6562 0.0000
vt 0.6562 0.5000
vt 0.6562 0.0000
vt 0.6562 0.0000
vt 0.6562 0.5000
vt 0.6562 -0.0250
vt 0.6758 -0.0250
vt 0.6758 0.0000
vt 0.6758 -0.0250
vt 0.7969 0.5000
vt 0.8125 0.5000
vt 0.8125 0.0000
vt 0.7969 0.0000
vt 0.1875 0.0000
vt 0.1719 0.0000
vt 0.1719 0.5000
vt 0.1875 0.5000
vt 0.6562 0.5000
vt 0.6758 0.5000
vt 0.6758 0.0000
vt 0.6562 0.0000
vt 0.6758 0.0000
vt 0.6758 0.5000
vt 0.6562 0.5000
vt 0.6758 -0.0250
vt 0.6758 0.0000
vt 0.6758 -0.0250
vt 0.6562 -0.0250
vt 0.6562 0.0000
vt 0.7969 0.5000
vt 0.8125 0.5000
vt 0.8125 0.0000
vt 0.7969 0.0000
vt 0.6562 0.5000
vt 0.6758 0.5000
vt 0.6758 0.0000
vt 0.6562 0.0000
vt 0.6562 0.0000
vt 0.6758 0.0000
vt 0.6758 0.5000
vt 0.6562 0.5000
vt 0.6562 -0.0250
vt 0.6758 -0.0250
vt 0.6758 0.0000
vt 0.6562 0.0000
vt 0.6562 -0.0250
vt 0.6758 -0.0250
vt 0.6758 0.5000
vt 0.6562 0.5000
vt 0.6562 0.5000
vt 0.6758 0.5000
vt 0.6758 0.0000
vt 0.6562 0.0000
vt 0.1875 0.0000
vt 0.1719 0.0000
vt 0.1719 0.5000
vt 0.1875 0.5000
vt 0.7969 0.5000
vt 0.8125 0.5000
vt 0.8125 0.0000
vt 0.7969 0.0000
vt 0.6758 0.0000
vt 0.6562 0.0000
vt 0.6562 -0.0250
vt 0.6758 -0.0250
vt 0.6758 0.5000
vt 0.6562 0.5000
vt 0.6562 0.5000
vt 0.6758 0.5000
vt 0.6758 0.0000
vt 0.6562 0.0000
vt 0.7969 0.5000
vt 0.8125 0.5000
vt 0.8125 0.0000
vt 0.7969 0.0000
vt 0.6758 0.0000
vt 0.6562 0.0000
vt 0.6562 -0.0250
vt 0.6758 -0.0250
vt 0.6758 0.5000
vt 0.6562 0.5000
vt 0.6562 0.5000
vt 0.6758 0.5000
vt 0.6758 0.0000
vt 0.6562 0.0000
vt 0.1875 0.0000
vt 0.1719 0.0000
vt 0.1719 0.5000
vt 0.1875 0.5000
vt 0.7969 0.5000
vt 0.8125 0.5000
vt 0.8125 0.0000
vt 0.7969 0.0000
vt 0.1875 0.0000
vt 0.1719 0.0000
vt 0.6562 0.0000
vt 0.6562 0.0000
vt 0.6562 -0.0250
vt 0.6758 -0.0250
vt 0.6758 0.0000
vt 0.6758 -0.0250
vt 0.7969 0.5000
vt 0.8125 0.5000
vt 0.8125 0.0000
vt 0.7969 0.0000
vt 0.6562 0.5000
vt 0.6758 0.5000
vt 0.6758 0.0000
vt 0.6758 0.5000
vt 0.6562 0.5000
vt 0.7969 0.5000
vt 0.8125 0.5000
vt 0.8125 0.0000
vt 0.7969 0.0000
vt 0.6562 0.5000
vt 0.6758 0.5000
vt 0.6758 0.0000
vt 0.6562 0.0000
vt 0.6562 0.0000
vt 0.6758 0.0000
vt 0.6758 0.5000
vt 0.6562 0.5000
vt 0.6562 -0.0250
vt 0.6758 -0.0250
vt 0.6758 0.0000
vt 0.6562 0.0000
vt 0.6562 -0.0250
vt 0.6758 -0.0250
vt 0.6758 0.5000
vt 0.6562 0.5000
vt 0.6562 0.5000
vt 0.6758 0.5000
vt 0.6758 0.0000
vt 0.6562 0.0000
vt 0.1875 0.0000
vt 0.1719 0.0000
vt 0.1719 0.5000
vt 0.1875 0.5000
vt 0.7969 0.5000
vt 0.8125 0.5000
vt 0.8125 0.0000
vt 0.7969 0.0000
vt 0.6562 0.0000
vt 0.6562 -0.0250
vt 0.6758 -0.0250
vt 0.6562 0.5000
vt 0.6562 0.5000
vt 0.6562 0.0000
vt 0.1875 0.0000
vt 0.1719 0.0000
vt 0.1719 0.5000
vt 0.1875 0.5000
vt 0.6758 0.0000
vt 0.6562 0.0000
vt 0.6562 -0.0250
vt 0.6758 -0.0250
vt 0.6758 0.5000
vt 0.6562 0.5000
vt 0.6562 0.5000
vt 0.6758 0.5000
vt 0.6758 0.0000
vt 0.6562 0.0000
vt 0.1875 0.0000
vt 0.1719 0.0000
vt 0.1719 0.5000
vt 0.1875 0.5000
vt 0.7969 0.5000
vt 0.8125 0.5000
vt 0.8125 0.0000
vt 0.7969 0.0000
vt 0.7969 0.5000
vt 0.8125 0.5000
vt 0.8125 0.0000
vt 0.7969 0.0000
vt 0.1875 0.0000
vt 0.1719 0.0000
vt 0.6758 0.5000
vt 0.6758 0.0000
vt 0.6562 0.0000
vt 0.6562 0.0000
vt 0.6758 0.0000
vt 0.6758 0.5000
vt 0.6562 -0.0250
vt 0.6758 -0.0250
vt 0.6758 0.0000
vt 0.6758 -0.0250
vt 0.7969 0.5000
vt 0.8125 0.5000
vt 0.8125 0.0000
vt 0.7969 0.0000
vt 0.6562 0.5000
vt 0.6758 0.5000
vt 0.6758 0.0000
vt 0.6758 0.5000
vt 0.6562 0.5000
vt 0.7969 0.5000
vt 0.8125 0.5000
vt 0.8125 0.0000
vt 0.7969 0.0000
vt 0.6562 0.5000
vt 0.6758 0.5000
vt 0.6758 0.0000
vt 0.6562 0.0000
vt 0.6562 0.0000
vt 0.6758 0.0000
vt 0.6758 0.5000
vt 0.6562 0.5000
vt 0.6562 -0.0250
vt 0.6758 -0.0250
vt 0.6758 0.0000
vt 0.6562 0.0000
vt 0.6562 -0.0250
vt 0.6758 -0.0250
vt 0.6758 0.5000
vt 0.6562 0.5000
vt 0.6562 0.5000
vt 0.6758 0.5000
vt 0.6758 0.0000
vt 0.6562 0.0000
vt 0.1875 0.0000
vt 0.1719 0.0000
vt 0.1719 0.5000
vt 0.1875 0.5000
vt 0.7969 0.5000
vt 0.8125 0.5000
vt 0.8125 0.0000
vt 0.7969 0.0000
vt 0.6758 0.0000
vt 0.6758 -0.0250
vt 0.6562 -0.0250
vt 0.6562 0.0000
vt 0.6758 0.0000
vt 0.6758 -0.0250
vt 0.6758 0.5000
vt 0.6562 0.5000
vt 0.6562 0.5000
vt 0.6758 0.5000
vt 0.6758 0.0000
vt 0.6562 0.0000
vt 0.7969 0.5000
vt 0.8125 0.5000
vt 0.8125 0.0000
vt 0.7969 0.0000
vt 0.6758 0.0000
vt 0.6758 -0.0250
vt 0.6758 0.0000
vt 0.6562 0.0000
vt 0.6562 -0.0250
vt 0.6758 -0.0250
vt 0.6758 0.5000
vt 0.6562 0.5000
vt 0.6562 0.5000
vt 0.6758 0.5000
vt 0.6758 0.0000
vt 0.6562 0.0000
vt 0.1875 0.0000
vt 0.1719 0.0000
vt 0.1719 0.5000
vt 0.1875 0.5000
vt 0.7969 0.5000
vt 0.8125 0.5000
vt 0.8125 0.0000
vt 0.7969 0.0000
vt 0.6758 0.0000
vt 0.6758 -0.0250
vt 0.6562 -0.0250
vt 0.6562 0.0000
vt 0.6758 0.0000
vt 0.6562 0.0000
vt 0.6562 -0.0250
vt 0.6758 -0.0250
vt 0.6758 0.5000
vt 0.6562 0.5000
vt 0.6562 0.5000
vt 0.6758 0.5000
vt 0.6758 0.0000
vt 0.6562 0.0000
vt 0.1875 0.0000
vt 0.1719 0.0000
vt 0.1719 0.5000
vt 0.1875 0.5000
vt 0.7969 0.5000
vt 0.8125 0.5000
vt 0.8125 0.0000
vt 0.7969 0.0000
vt 0.6758 0.0000
vt 0.6758 -0.0250
vt 0.6562 -0.0250
vt 0.6562 0.0000
vt 0.6758 0.0000
vt 0.6562 0.0000
vt 0.6562 -0.0250
vt 0.6758 -0.0250
vt 0.6758 0.5000
vt 0.6562 0.5000
vt 0.6562 0.5000
vt 0.6758 0.5000
vt 0.6758 0.0000
vt 0.6562 0.0000
vt 0.1875 0.0000
vt 0.1719 0.0000
vt 0.1719 0.5000
vt 0.1875 0.5000
vt 0.7969 0.5000
vt 0.8125 0.5000
vt 0.8125 0.0000
vt 0.7969 0.0000
vt 0.6758 0.0000
vt 0.6758 -0.0250
vt 0.6562 -0.0250
vt 0.6562 0.0000
vt 0.6758 0.0000
vt 0.6562 0.0000
vt 0.6562 -0.0250
vt 0.6758 -0.0250
vt 0.6758 0.5000
vt 0.6562 0.5000
vt 0.6562 0.5000
vt 0.6758 0.5000
vt 0.6758 0.0000
vt 0.6562 0.0000
vt 0.7969 0.5000
vt 0.8125 0.5000
vt 0.8125 0.0000
vt 0.7969 0.0000
vt 0.6758 0.0000
vt 0.6758 -0.0250
vt 0.6562 -0.0250
vt 0.6562 0.0000
vt 0.6758 0.0000
vt 0.6562 0.0000
vt 0.6562 -0.0250
vt 0.6758 -0.0250
vt 0.6758 0.5000
vt 0.6562 0.5000
vt 0.6562 0.5000
vt 0.6758 0.5000
vt 0.6758 0.0000
vt 0.6562 0.0000
vt 0.1875 0.0000
vt 0.1719 0.0000
vt 0.1719 0.5000
vt 0.1875 0.5000
vt 0.7969 0.5000
vt 0.8125 0.5000
vt 0.8125 0.0000
vt 0.7969 0.0000
vt 0.6758 0.0000
vt 0.6758 -0.0250
vt 0.6562 -0.0250
vt 0.6562 0.0000
vt 0.6758 0.0000
vt 0.6758 -0.0250
vt 0.6758 0.5000
vt 0.6562 0.5000
vt 0.6562 0.5000
vt 0.6758 0.5000
vt 0.6758 0.0000
vt 0.6562 0.0000
vt 0.7969 0.5000
vt 0.8125 0.5000
vt 0.8125 0.0000
vt 0.7969 0.0000
vt 0.6758 0.0000
vt 0.6758 -0.0250
vt 0.6758 0.0000
vt 0.6562 0.0000
vt 0.6562 -0.0250
vt 0.6758 -0.0250
vt 0.6758 0.5000
vt 0.6562 0.5000
vt 0.6562 0.5000
vt 0.6758 0.5000
vt 0.6758 0.0000
vt 0.6562 0.0000
vt 0.1875 0.0000
vt 0.1719 0.0000
vt 0.1719 0.5000
vt 0.1875 0.5000
vt 0.7969 0.5000
vt 0.8125 0.5000
vt 0.8125 0.0000
vt 0.7969 0.0000
vt 0.6758 0.0000
vt 0.6758 -0.0250
vt 0.6562 -0.0250
vt 0.6562 0.0000
vt 0.6758 0.0000
vt 0.6562 0.0000
vt 0.6562 -0.0250
vt 0.6758 -0.0250
vt 0.6758 0.5000
vt 0.6562 0.5000
vt 0.6562 0.5000
vt 0.6758 0.5000
vt 0.6758 0.0000
vt 0.6562 0.0000
vt 0.1875 0.0000
vt 0.1719 0.0000
vt 0.1719 0.5000
vt 0.1875 0.5000
vt 0.7969 0.5000
vt 0.8125 0.5000
vt 0.8125 0.0000
vt 0.7969 0.0000
vt 0.6758 0.0000
vt 0.6758 -0.0250
vt 0.6562 -0.0250
vt 0.6562 0.0000
vt 0.6758 0.0000
vt 0.6562 0.0000
vt 0.6562 -0.0250
vt 0.6758 -0.0250
vt 0.6758 0.5000
vt 0.6562 0.5000
vt 0.6562 0.5000
vt 0.6758 0.5000
vt 0.6758 0.0000
vt 0.6562 0.0000
vt 0.1875 0.0000
vt 0.1719 0.0000
vt 0.1719 0.5000
vt 0.1875 0.5000
vt 0.7969 0.5000
vt 0.8125 0.5000
vt 0.8125 0.0000
vt 0.7969 0.0000
vt 0.6758 0.0000
vt 0.6758 -0.0250
vt 0.6562 -0.0250
vt 0.6562 0.0000
vt 0.6758 0.0000
vt 0.6562 0.0000
vt 0.6562 -0.0250
vt 0.6758 -0.0250
vt 0.6758 0.5000
vt 0.6562 0.5000
vt 0.6562 0.5000
vt 0.6758 0.5000
vt 0.6758 0.0000
vt 0.6562 0.0000
vt 0.7969 0.5000
vt 0.8125 0.5000
vt 0.8125 0.0000
vt 0.7969 0.0000
vt 0.6758 0.0000
vt 0.6758 -0.0250
vt 0.6562 -0.0250
vt 0.6562 0.0000
vt 0.6758 0.0000
vt 0.6562 0.0000
vt 0.6562 -0.0250
vt 0.6758 -0.0250
vt 0.6758 0.5000
vt 0.6562 0.5000
vt 0.6562 0.5000
vt 0.6758 0.5000
vt 0.6758 0.0000
vt 0.6562 0.0000
vt 0.1875 0.0000
vt 0.1719 0.0000
vt 0.1719 0.5000
vt 0.1875 0.5000
vt 0.7969 0.5000
vt 0.8125 0.5000
vt 0.8125 0.0000
vt 0.7969 0.0000
vt 0.6758 0.0000
vt 0.6758 -0.0250
vt 0.6562 -0.0250
vt 0.6562 0.0000
vt 0.6758 0.0000
vt 0.6758 -0.0250
vt 0.6758 0.5000
vt 0.6562 0.5000
vt 0.6562 0.5000
vt 0.6758 0.5000
vt 0.6758 0.0000
vt 0.6562 0.0000
vt 0.7969 0.5000
vt 0.8125 0.5000
vt 0.8125 0.0000
vt 0.7969 0.0000
vt 0.6758 0.0000
vt 0.6758 -0.0250
vt 0.6758 0.0000
vt 0.6562 0.0000
vt 0.6562 -0.0250
vt 0.6758 -0.0250
vt 0.6758 0.5000
vt 0.6562 0.5000
vt 0.6562 0.5000
vt 0.6758 0.5000
vt 0.6758 0.0000
vt 0.6562 0.0000
vt 0.1875 0.0000
vt 0.1719 0.0000
vt 0.1719 0.5000
vt 0.1875 0.5000
vt 0.7969 0.5000
vt 0.8125 0.5000
vt 0.8125 0.0000
vt 0.7969 0.0000
vt 0.6758 0.0000
vt 0.6758 -0.0250
vt 0.6562 -0.0250
vt 0.6562 0.0000
vt 0.6758 0.0000
vt 0.6562 0.0000
vt 0.6562 -0.0250
vt 0.6758 -0.0250
vt 0.6758 0.5000
vt 0.6562 0.5000
vt 0.6562 0.5000
vt 0.6758 0.5000
vt 0.6758 0.0000
vt 0.6562 0.0000
vt 0.1875 0.0000
vt 0.1719 0.0000
vt 0.1719 0.5000
vt 0.1875 0.5000
vt 0.7969 0.5000
vt 0.8125 0.5000
vt 0.8125 0.0000
vt 0.7969 0.0000
vt 0.6758 0.0000
vt 0.6758 -0.0250
vt 0.6562 -0.0250
vt 0.6562 0.0000
vt 0.6758 0.0000
vt 0.6562 0.0000
vt 0.6562 -0.0250
vt 0.6758 -0.0250
vt 0.6758 0.5000
vt 0.6562 0.5000
vt 0.6562 0.5000
vt 0.6758 0.5000
vt 0.6758 0.0000
vt 0.6562 0.0000
vt 0.1875 0.0000
vt 0.1719 0.0000
vt 0.1719 0.5000
vt 0.1875 0.5000
vt 0.7969 0.5000
vt 0.8125 0.5000
vt 0.8125 0.0000
vt 0.7969 0.0000
vt 0.6758 0.0000
vt 0.6758 -0.0250
vt 0.6562 -0.0250
vt 0.6562 0.0000
vt 0.6758 0.0000
vt 0.6562 0.0000
vt 0.6562 -0.0250
vt 0.6758 -0.0250
vt 0.6758 0.5000
vt 0.6562 0.5000
vt 0.6562 0.5000
vt 0.6758 0.5000
vt 0.6758 0.0000
vt 0.6562 0.0000
vt 0.7969 0.5000
vt 0.8125 0.5000
vt 0.8125 0.0000
vt 0.7969 0.0000
vt 0.6758 0.0000
vt 0.6758 -0.0250
vt 0.6562 -0.0250
vt 0.6562 0.0000
vt 0.6758 0.0000
vt 0.6562 0.0000
vt 0.6562 -0.0250
vt 0.6758 -0.0250
vt 0.6758 0.5000
vt 0.6562 0.5000
vt 0.6562 0.5000
vt 0.6758 0.5000
vt 0.6758 0.0000
vt 0.6562 0.0000
vt 0.1875 0.0000
vt 0.1719 0.0000
vt 0.1719 0.5000
vt 0.1875 0.5000
vt 0.7969 0.5000
vt 0.8125 0.5000
vt 0.8125 0.0000
vt 0.7969 0.0000
vt 0.6758 0.0000
vt 0.6758 -0.0250
vt 0.6562 -0.0250
vt 0.6562 0.0000
vt 0.6758 0.0000
vt 0.6758 -0.0250
vt 0.6758 0.5000
vt 0.6562 0.5000
vt 0.6562 0.5000
vt 0.6758 0.5000
vt 0.6758 0.0000
vt 0.6562 0.0000
vt 0.7969 0.5000
vt 0.8125 0.5000
vt 0.8125 0.0000
vt 0.7969 0.0000
vt 0.6758 0.0000
vt 0.6758 -0.0250
vt 0.6758 0.0000
vt 0.6562 0.0000
vt 0.6562 -0.0250
vt 0.6758 -0.0250
vt 0.6758 0.5000
vt 0.6562 0.5000
vt 0.6562 0.5000
vt 0.6758 0.5000
vt 0.6758 0.0000
vt 0.6562 0.0000
vt 0.1875 0.0000
vt 0.1719 0.0000
vt 0.1719 0.5000
vt 0.1875 0.5000
vt 0.7969 0.5000
vt 0.8125 0.5000
vt 0.8125 0.0000
vt 0.7969 0.0000
vt 0.6758 0.0000
vt 0.6758 -0.0250
vt 0.6562 -0.0250
vt 0.6562 0.0000
vt 0.6758 0.0000
vt 0.6562 0.0000
vt 0.6562 -0.0250
vt 0.6758 -0.0250
vt 0.6758 0.5000
vt 0.6562 0.5000
vt 0.6562 0.5000
vt 0.6758 0.5000
vt 0.6758 0.0000
vt 0.6562 0.0000
vt 0.1875 0.0000
vt 0.1719 0.0000
vt 0.1719 0.5000
vt 0.1875 0.5000
vt 0.7969 0.5000
vt 0.8125 0.5000
vt 0.8125 0.0000
vt 0.7969 0.0000
vt 0.6758 0.0000
vt 0.6758 -0.0250
vt 0.6562 -0.0250
vt 0.6562 0.0000
vt 0.6758 0.0000
vt 0.6562 0.0000
vt 0.6562 -0.0250
vt 0.6758 -0.0250
vt 0.6758 0.5000
vt 0.6562 0.5000
vt 0.6562 0.5000
vt 0.6758 0.5000
vt 0.6758 0.0000
vt 0.6562 0.0000
vt 0.1875 0.0000
vt 0.1719 0.0000
vt 0.1719 0.5000
vt 0.1875 0.5000
vt 0.7969 0.5000
vt 0.8125 0.5000
vt 0.8125 0.0000
vt 0.7969 0.0000
vt 0.6758 0.0000
vt 0.6758 -0.0250
vt 0.6562 -0.0250
vt 0.6562 0.0000
vt 0.6758 0.0000
vt 0.6562 0.0000
vt 0.6562 -0.0250
vt 0.6758 -0.0250
vt 0.6758 0.5000
vt 0.6562 0.5000
vt 0.6562 0.5000
vt 0.6758 0.5000
vt 0.6758 0.0000
vt 0.6562 0.0000
vt 0.7969 0.5000
vt 0.8125 0.5000
vt 0.8125 0.0000
vt 0.7969 0.0000
vt 0.6758 0.0000
vt 0.6758 -0.0250
vt 0.6562 -0.0250
vt 0.6562 0.0000
vt 0.2031 0.5083
vt 0.2344 0.5083
vt 0.2344 2.2583
vt 0.2031 2.2583
vt 0.1875 0.0000
vt 0.1719 0.0000
vt 0.1719 0.5000
vt 0.1875 0.5000
vt 0.6562 0.5000
vt 0.6758 0.5000
vt 0.6758 0.0000
vt 0.6562 0.0000
vt 0.6562 0.0000
vt 0.6758 0.0000
vt 0.6758 0.5000
vt 0.6562 0.5000
vt 0.6562 -0.0250
vt 0.6758 -0.0250
vt 0.6758 0.0000
vt 0.6562 0.0000
vt 0.6562 -0.0250
vt 0.6758 -0.0250
vt 0.6758 0.5000
vt 0.6562 0.5000
vt 0.7969 0.2583
vt 0.7656 0.2583
vt 0.7656 -1.4917
vt 0.7969 -1.4917
vt 0.7656 0.5083
vt 0.7969 0.5083
vt 0.7969 2.2583
vt 0.7656 2.2583
vt 0.8123 0.2583
vt 0.7928 0.2583
vt 0.7928 -1.4917
vt 0.8123 -1.4917
vt 0.8123 0.5083
vt 0.7928 0.5083
vt 0.7928 2.2583
vt 0.8123 2.2583
vt 0.7928 0.9250
vt 0.8123 0.9250
vt 0.8123 0.9750
vt 0.7928 0.9750
vt 0.7969 0.5000
vt 0.8125 0.5000
vt 0.8125 0.0000
vt 0.7969 0.0000
vt 0.7656 0.2583
vt 0.7969 0.2583
vt 0.7969 -1.4917
vt 0.7656 -1.4917
vt 0.6562 0.5000
vt 0.6758 0.5000
vt 0.6758 0.0000
vt 0.6562 0.0000
vt 0.6562 0.0000
vt 0.6758 0.0000
vt 0.6758 0.5000
vt 0.6562 0.5000
vt 0.6562 -0.0250
vt 0.6758 -0.0250
vt 0.5860 0.6775
vt 0.5860 0.4775
vt 0.5704 0.4775
vt 0.5704 0.6775
vt 0.5704 0.6525
vt 0.5704 0.5025
vt 0.5860 0.5025
vt 0.5860 0.6525
vt 0.4610 0.6525
vt 0.4610 0.5025
vt 0.4767 0.4775
vt 0.4767 0.6775
vt 0.4767 0.8025
vt 0.4610 0.8025
vt 0.4610 0.8275
vt 0.4767 0.8275
vt 0.4610 0.8025
vt 0.4767 0.8025
vt 0.4767 0.8275
vt 0.4610 0.8275
vt 0.7655 0.2380
vt 0.7655 0.4380
vt 0.7498 0.4380
vt 0.7498 0.2380
vt 0.7498 0.2630
vt 0.7498 0.4130
vt 0.7655 0.4130
vt 0.7655 0.2630
vt 0.2967 0.2630
vt 0.2967 0.4130
vt 0.2811 0.4380
vt 0.2811 0.2380
vt 0.2811 0.5623
vt 0.2967 0.5623
vt 0.2967 0.5873
vt 0.2811 0.5873
vt 0.3925 0.5897
vt 0.3925 0.0890
vt 0.4112 0.0890
vt 0.4112 0.5897
vt 0.4112 0.5688
vt 0.4112 0.1099
vt 0.3925 0.1099
vt 0.3925 0.5688
vt 0.6356 0.5688
vt 0.6356 0.1099
vt 0.6544 0.0890
vt 0.6544 0.5897
vt 0.3925 0.0896
vt 0.3925 0.5903
vt 0.4112 0.5903
vt 0.4112 0.0896
vt 0.4112 0.1105
vt 0.4112 0.5694
vt 0.3925 0.5694
vt 0.3925 0.1105
vt 0.5233 0.1105
vt 0.5233 0.5694
vt 0.5046 0.5903
vt 0.5046 0.0896
vt 0.2031 0.2000
vt 0.2031 0.4000
vt 0.1875 0.4000
vt 0.1875 0.2000
vt 0.1875 0.2250
vt 0.1875 0.3750
vt 0.2031 0.3750
vt 0.2031 0.2250
vt 0.2969 0.2250
vt 0.2969 0.3750
vt 0.2812 0.4000
vt 0.2812 0.2000
vt 0.1875 0.1750
vt 0.1875 0.1500
vt 0.2031 0.1500
vt 0.2031 0.1750
vt 0.2031 0.3993
vt 0.2031 0.1993
vt 0.1875 0.1993
vt 0.1875 0.3993
vt 0.1875 0.3743
vt 0.1875 0.2243
vt 0.2031 0.2243
vt 0.2031 0.3743
vt 0.3906 0.3743
vt 0.3906 0.2243
vt 0.4063 0.1993
vt 0.4063 0.3993
vt 0.1875 0.3500
vt 0.1875 0.3250
vt 0.2031 0.3250
vt 0.2031 0.3500
vt 0.1875 0.3250
vt 0.1875 0.3500
vt 0.2031 0.3500
vt 0.2031 0.3250
vt 0.2890 0.2851
vt 0.2890 0.4851
vt 0.3046 0.4851
vt 0.3046 0.2851
vt 0.3046 0.3101
vt 0.3046 0.4601
vt 0.2890 0.4601
vt 0.2890 0.3101
vt 0.2780 0.1246
vt 0.2780 0.2498
vt 0.2593 0.2707
vt 0.2593 0.1038
vt 0.2593 0.3955
vt 0.2780 0.3955
vt 0.2780 0.3747
vt 0.2593 0.3747
vt 0.2780 0.3955
vt 0.2593 0.3955
vt 0.2593 0.3747
vt 0.2780 0.3747
vt 0.2031 0.1504
vt 0.2031 0.3504
vt 0.1875 0.3504
vt 0.1875 0.1504
vt 0.1875 0.1754
vt 0.1875 0.3254
vt 0.2031 0.3254
vt 0.2031 0.1754
vt 0.3346 0.4497
vt 0.3346 0.3246
vt 0.3533 0.3037
vt 0.3533 0.4706
vt 0.6758 0.0000
vt 0.6758 -0.0250
vt 0.6562 -0.0250
vt 0.6562 0.0000
vt 0.6562 0.5000
vt 0.6758 0.5000
vt 0.6758 0.0000
vt 0.6562 0.0000
vt 0.7928 0.9250
vt 0.7928 0.9750
vt 0.8123 0.9750
vt 0.8123 0.9250
vt 0.6758 0.0000
vt 0.6758 -0.0250
vt 0.6562 -0.0250
vt 0.6562 0.0000
vt 0.1875 0.0000
vt 0.1719 0.0000
vt 0.1719 0.5000
vt 0.1875 0.5000
vt 0.7969 0.5000
vt 0.8125 0.5000
vt 0.8125 0.0000
vt 0.7969 0.0000
vt 0.6758 0.0000
vt 0.6562 0.0000
vt 0.6562 -0.0250
vt 0.6758 -0.0250
vt 0.6758 0.5000
vt 0.6562 0.5000
vt 0.6562 0.5000
vt 0.6758 0.5000
vt 0.6758 0.0000
vt 0.6562 0.0000
vt 0.1875 0.0000
vt 0.1719 0.0000
vt 0.1719 0.5000
vt 0.1875 0.5000
vt 0.7969 0.5000
vt 0.8125 0.5000
vt 0.8125 0.0000
vt 0.7969 0.0000
vt 0.6758 0.0000
vt 0.6758 -0.0250
vt 0.6562 -0.0250
vt 0.6562 0.0000
vt 0.6758 0.0000
vt 0.6562 0.0000
vt 0.6562 -0.0250
vt 0.6758 -0.0250
vt 0.6758 0.5000
vt 0.6562 0.5000
vt 0.6562 0.5000
vt 0.6758 0.5000
vt 0.6758 0.0000
vt 0.6562 0.0000
vt 0.1875 0.0000
vt 0.1719 0.0000
vt 0.1719 0.5000
vt 0.1875 0.5000
vt 0.7969 0.5000
vt 0.8125 0.5000
vt 0.8125 0.0000
vt 0.7969 0.0000
vt 0.6758 0.0000
vt 0.6758 -0.0250
vt 0.6562 -0.0250
vt 0.6562 0.0000
vt 0.6758 0.0000
vt 0.6562 0.0000
vt 0.6562 -0.0250
vt 0.6758 -0.0250
vt 0.6562 0.2500
vt 0.6758 0.2500
vt 0.6758 0.5000
vt 0.6562 0.5000
vt 0.6562 0.2500
vt 0.6758 0.2500
vt 0.6758 0.0000
vt 0.6562 0.0000
vt 0.1875 0.2500
vt 0.1719 0.2500
vt 0.1719 0.5000
vt 0.1875 0.5000
vt 0.7969 0.2500
vt 0.8125 0.2500
vt 0.8125 0.0000
vt 0.7969 0.0000
vt 0.6758 0.0000
vt 0.6758 -0.0250
vt 0.6562 -0.0250
vt 0.6562 0.0000
vt 0.6758 0.0000
vt 0.6562 0.0000
vt 0.6562 -0.0250
vt 0.6758 -0.0250
vt 0.6562 0.2500
vt 0.6758 0.2500
vt 0.6758 0.5000
vt 0.6562 0.5000
vt 0.6562 0.2500
vt 0.6758 0.2500
vt 0.6758 0.0000
vt 0.6562 0.0000
vt 0.1875 0.2500
vt 0.1719 0.2500
vt 0.1719 0.5000
vt 0.1875 0.5000
vt 0.7969 0.2500
vt 0.8125 0.2500
vt 0.8125 0.0000
vt 0.7969 0.0000
vt 0.6758 0.0000
vt 0.6758 -0.0250
vt 0.6562 -0.0250
vt 0.6562 0.0000
vt 0.6758 0.0000
vt 0.6562 0.0000
vt 0.6562 -0.0250
vt 0.6758 -0.0250
vt 0.6758 0.5000
vt 0.6562 0.5000
vt 0.6562 0.5000
vt 0.6758 0.5000
vt 0.6758 0.0000
vt 0.6562 0.0000
vt 0.1875 0.0000
vt 0.1719 0.0000
vt 0.1719 0.5000
vt 0.1875 0.5000
vt 0.7969 0.5000
vt 0.8125 0.5000
vt 0.8125 0.0000
vt 0.7969 0.0000
vt 0.6758 0.0000
vt 0.6758 -0.0250
vt 0.6562 -0.0250
vt 0.6562 0.0000
vt 0.6758 0.0000
vt 0.6562 0.0000
vt 0.6562 -0.0250
vt 0.6758 -0.0250
vt 0.6758 0.5000
vt 0.6562 0.5000
vt 0.6562 0.5000
vt 0.6758 0.5000
vt 0.6758 0.0000
vt 0.6562 0.0000
vt 0.1875 0.0000
vt 0.1719 0.0000
vt 0.1719 0.5000
vt 0.1875 0.5000
vt 0.7969 0.5000
vt 0.8125 0.5000
vt 0.8125 0.0000
vt 0.7969 0.0000
vt 0.6758 0.0000
vt 0.6758 -0.0250
vt 0.6562 -0.0250
vt 0.6562 0.0000
vt 0.6758 0.0000
vt 0.6562 0.0000
vt 0.6562 -0.0250
vt 0.6758 -0.0250
vt 0.6758 0.5000
vt 0.6562 0.5000
vt 0.6562 0.5000
vt 0.6758 0.5000
vt 0.6758 0.0000
vt 0.6562 0.0000
vt 0.1875 0.0000
vt 0.1719 0.0000
vt 0.1719 0.5000
vt 0.1875 0.5000
vt 0.7969 0.5000
vt 0.8125 0.5000
vt 0.8125 0.0000
vt 0.7969 0.0000
vt 0.6758 0.0000
vt 0.6758 -0.0250
vt 0.6562 -0.0250
vt 0.6562 0.0000
vt 0.6758 0.0000
vt 0.6562 0.0000
vt 0.6562 -0.0250
vt 0.6758 -0.0250
vt 0.6758 0.5000
vt 0.6562 0.5000
vt 0.6562 0.5000
vt 0.6758 0.5000
vt 0.6758 0.0000
vt 0.6562 0.0000
vt 0.1875 0.0000
vt 0.1719 0.0000
vt 0.1719 0.5000
vt 0.1875 0.5000
vt 0.7969 0.5000
vt 0.8125 0.5000
vt 0.8125 0.0000
vt 0.7969 0.0000
vt 0.6758 0.0000
vt 0.6758 -0.0250
vt 0.6562 -0.0250
vt 0.6562 0.0000
vt 0.6758 0.0000
vt 0.6562 0.0000
vt 0.6562 -0.0250
vt 0.6758 -0.0250
vt 0.6758 0.5000
vt 0.6562 0.5000
vt 0.6562 0.5000
vt 0.6758 0.5000
vt 0.6758 0.0000
vt 0.6562 0.0000
vt 0.1875 0.0000
vt 0.1719 0.0000
vt 0.1719 0.5000
vt 0.1875 0.5000
vt 0.7969 0.5000
vt 0.8125 0.5000
vt 0.8125 0.0000
vt 0.7969 0.0000
vt 0.6758 0.0000
vt 0.6758 -0.0250
vt 0.6562 -0.0250
vt 0.6562 0.0000
vt 0.6758 0.0000
vt 0.6562 0.0000
vt 0.6562 -0.0250
vt 0.6758 -0.0250
vt 0.6758 0.5000
vt 0.6562 0.5000
vt 0.6562 0.5000
vt 0.6758 0.5000
vt 0.6758 0.0000
vt 0.6562 0.0000
vt 0.1875 0.0000
vt 0.1719 0.0000
vt 0.1719 0.5000
vt 0.1875 0.5000
vt 0.7969 0.5000
vt 0.8125 0.5000
vt 0.8125 0.0000
vt 0.7969 0.0000
vt 0.6758 0.0000
vt 0.6758 -0.0250
vt 0.6562 -0.0250
vt 0.6562 0.0000
vt 0.6758 0.0000
vt 0.6562 0.0000
vt 0.6562 -0.0250
vt 0.6758 -0.0250
vt 0.6758 0.5000
vt 0.6562 0.5000
vt 0.6562 0.5000
vt 0.6758 0.5000
vt 0.6758 0.0000
vt 0.6562 0.0000
vt 0.1875 0.0000
vt 0.1719 0.0000
vt 0.1719 0.5000
vt 0.1875 0.5000
vt 0.7969 0.5000
vt 0.8125 0.5000
vt 0.8125 0.0000
vt 0.7969 0.0000
vt 0.6758 0.0000
vt 0.6758 -0.0250
vt 0.6562 -0.0250
vt 0.6562 0.0000
vt 0.6758 0.0000
vt 0.6562 0.0000
vt 0.6562 -0.0250
vt 0.6758 -0.0250
vt 0.6758 0.5000
vt 0.6562 0.5000
vt 0.6562 0.5000
vt 0.6758 0.5000
vt 0.6758 0.0000
vt 0.6562 0.0000
vt 0.1875 0.0000
vt 0.1719 0.0000
vt 0.1719 0.5000
vt 0.1875 0.5000
vt 0.7969 0.5000
vt 0.8125 0.5000
vt 0.8125 0.0000
vt 0.7969 0.0000
vt 0.6758 0.0000
vt 0.6758 -0.0250
vt 0.6562 -0.0250
vt 0.6562 0.0000
vt 0.6758 0.0000
vt 0.6758 -0.0250
vt 0.6562 -0.0250
vt 0.6562 0.0000
vt 0.7969 0.5000
vt 0.8125 0.5000
vt 0.8125 0.0000
vt 0.7969 0.0000
vt 0.1875 0.0000
vt 0.1719 0.0000
vt 0.1719 0.5000
vt 0.1875 0.5000
vt 0.6562 0.5000
vt 0.6758 0.5000
vt 0.6758 0.0000
vt 0.6562 0.0000
vt 0.6562 0.0000
vt 0.6758 0.0000
vt 0.6758 0.5000
vt 0.6562 0.5000
vt 0.6562 -0.0250
vt 0.6758 -0.0250
vt 0.6758 0.0000
vt 0.6562 0.0000
vt 0.6562 -0.0250
vt 0.6758 -0.0250
vt 0.6758 0.5000
vt 0.6562 0.5000
vt 0.6562 0.5000
vt 0.6758 0.5000
vt 0.6758 0.0000
vt 0.6562 0.0000
vt 0.1875 0.0000
vt 0.1719 0.0000
vt 0.1719 0.5000
vt 0.1875 0.5000
vt 0.7969 0.5000
vt 0.8125 0.5000
vt 0.8125 0.0000
vt 0.7969 0.0000
vt 0.6758 0.0000
vt 0.6758 -0.0250
vt 0.6562 -0.0250
vt 0.6562 0.0000
vt 0.6758 0.0000
vt 0.6562 0.0000
vt 0.6562 -0.0250
vt 0.6758 -0.0250
vt 0.6758 0.5000
vt 0.6562 0.5000
vt 0.6562 0.5000
vt 0.6758 0.5000
vt 0.6758 0.0000
vt 0.6562 0.0000
vt 0.1875 0.0000
vt 0.1719 0.0000
vt 0.1719 0.5000
vt 0.1875 0.5000
vt 0.7969 0.5000
vt 0.8125 0.5000
vt 0.8125 0.0000
vt 0.7969 0.0000
vt 0.6758 0.0000
vt 0.6758 -0.0250
vt 0.6562 -0.0250
vt 0.6562 0.0000
vt 0.6758 0.0000
vt 0.6562 0.0000
vt 0.6562 -0.0250
vt 0.6758 -0.0250
vt 0.6758 0.5000
vt 0.6562 0.5000
vt 0.6562 0.5000
vt 0.6758 0.5000
vt 0.6758 0.0000
vt 0.6562 0.0000
vt 0.1875 0.0000
vt 0.1719 0.0000
vt 0.1719 0.5000
vt 0.1875 0.5000
vt 0.7969 0.5000
vt 0.8125 0.5000
vt 0.8125 0.0000
vt 0.7969 0.0000
vt 0.6758 0.0000
vt 0.6758 -0.0250
vt 0.6562 -0.0250
vt 0.6562 0.0000
vt 0.6758 0.0000
vt 0.6758 -0.0250
vt 0.6562 -0.0250
vt 0.6562 0.0000
vt 0.7969 0.5000
vt 0.8125 0.5000
vt 0.8125 0.0000
vt 0.7969 0.0000
vt 0.1875 0.0000
vt 0.1719 0.0000
vt 0.1719 0.5000
vt 0.1875 0.5000
vt 0.6562 0.5000
vt 0.6758 0.5000
vt 0.6758 0.0000
vt 0.6562 0.0000
vt 0.6562 0.0000
vt 0.6758 0.0000
vt 0.6758 0.5000
vt 0.6562 0.5000
vt 0.6562 -0.0250
vt 0.6758 -0.0250
vt 0.6758 0.0000
vt 0.6562 0.0000
vt 0.6562 -0.0250
vt 0.6758 -0.0250
vt 0.6758 0.5000
vt 0.6562 0.5000
vt 0.6562 0.5000
vt 0.6758 0.5000
vt 0.6758 0.0000
vt 0.6562 0.0000
vt 0.1875 0.0000
vt 0.1719 0.0000
vt 0.1719 0.5000
vt 0.1875 0.5000
vt 0.7969 0.5000
vt 0.8125 0.5000
vt 0.8125 0.0000
vt 0.7969 0.0000
vt 0.6758 0.0000
vt 0.6758 -0.0250
vt 0.6562 -0.0250
vt 0.6562 0.0000
vt 0.6758 0.0000
vt 0.6562 0.0000
vt 0.6562 -0.0250
vt 0.6758 -0.0250
vt 0.6758 0.5000
vt 0.6562 0.5000
vt 0.6562 0.5000
vt 0.6758 0.5000
vt 0.6758 0.0000
vt 0.6562 0.0000
vt 0.1875 0.0000
vt 0.1719 0.0000
vt 0.1719 0.5000
vt 0.1875 0.5000
vt 0.7969 0.5000
vt 0.8125 0.5000
vt 0.8125 0.0000
vt 0.7969 0.0000
vt 0.6758 0.0000
vt 0.6758 -0.0250
vt 0.6562 -0.0250
vt 0.6562 0.0000
vt 0.6758 0.0000
vt 0.6562 0.0000
vt 0.6562 -0.0250
vt 0.6758 -0.0250
vt 0.6758 0.5000
vt 0.6562 0.5000
vt 0.6562 0.5000
vt 0.6758 0.5000
vt 0.6758 0.0000
vt 0.6562 0.0000
vt 0.1875 0.0000
vt 0.1719 0.0000
vt 0.1719 0.5000
vt 0.1875 0.5000
vt 0.7969 0.5000
vt 0.8125 0.5000
vt 0.8125 0.0000
vt 0.7969 0.0000
vt 0.6758 0.0000
vt 0.6758 -0.0250
vt 0.6562 -0.0250
vt 0.6562 0.0000
vt 0.6758 0.0000
vt 0.6758 -0.0250
vt 0.6562 -0.0250
vt 0.6562 0.0000
vt 0.7969 0.5000
vt 0.8125 0.5000
vt 0.8125 0.0000
vt 0.7969 0.0000
vt 0.1875 0.0000
vt 0.1719 0.0000
vt 0.1719 0.5000
vt 0.1875 0.5000
vt 0.6562 0.5000
vt 0.6758 0.5000
vt 0.6758 0.0000
vt 0.6562 0.0000
vt 0.6562 0.0000
vt 0.6758 0.0000
vt 0.6758 0.5000
vt 0.6562 0.5000
vt 0.6562 -0.0250
vt 0.6758 -0.0250
vt 0.6758 0.0000
vt 0.6758 -0.0250
vt 0.6562 -0.0250
vt 0.6562 0.0000
vt 0.7969 0.5000
vt 0.8125 0.5000
vt 0.8125 0.0000
vt 0.7969 0.0000
vt 0.1875 0.0000
vt 0.1719 0.0000
vt 0.1719 0.5000
vt 0.1875 0.5000
vt 0.6562 0.5000
vt 0.6758 0.5000
vt 0.6758 0.0000
vt 0.6562 0.0000
vt 0.6562 0.0000
vt 0.6758 0.0000
vt 0.6758 0.5000
vt 0.6562 0.5000
vt 0.6562 -0.0250
vt 0.6758 -0.0250
vt 0.6758 0.0000
vt 0.6758 -0.0250
vt 0.6562 -0.0250
vt 0.6562 0.0000
vt 0.7969 0.5000
vt 0.8125 0.5000
vt 0.8125 0.0000
vt 0.7969 0.0000
vt 0.1875 0.0000
vt 0.1719 0.0000
vt 0.1719 0.5000
vt 0.1875 0.5000
vt 0.6562 0.5000
vt 0.6758 0.5000
vt 0.6758 0.0000
vt 0.6562 0.0000
vt 0.6562 0.0000
vt 0.6758 0.0000
vt 0.6758 0.5000
vt 0.6562 0.5000
vt 0.6562 -0.0250
vt 0.6758 -0.0250
vt 0.6758 0.0000
vt 0.6758 -0.0250
vt 0.6562 -0.0250
vt 0.6562 0.0000
vt 0.7969 0.5000
vt 0.8125 0.5000
vt 0.8125 0.0000
vt 0.7969 0.0000
vt 0.1875 0.0000
vt 0.1719 0.0000
vt 0.1719 0.5000
vt 0.1875 0.5000
vt 0.6562 0.5000
vt 0.6758 0.5000
vt 0.6758 0.0000
vt 0.6562 0.0000
vt 0.6562 0.0000
vt 0.6758 0.0000
vt 0.6758 0.5000
vt 0.6562 0.5000
vt 0.6562 -0.0250
vt 0.6758 -0.0250
vt 0.6758 0.0000
vt 0.6562 0.0000
vt 0.7969 0.5000
vt 0.8125 0.5000
vt 0.8125 0.0000
vt 0.7969 0.0000
vt 0.1875 0.0000
vt 0.1719 0.0000
vt 0.1719 0.5000
vt 0.1875 0.5000
vt 0.6562 0.5000
vt 0.6758 0.5000
vt 0.6758 0.0000
vt 0.6562 0.0000
vt 0.6562 0.0000
vt 0.6758 0.0000
vt 0.6758 0.5000
vt 0.6562 0.5000
vt 0.6562 -0.0250
vt 0.6758 -0.0250
vt 0.6758 0.0000
vt 0.6758 -0.0250
vt 0.6562 -0.0250
vt 0.6562 0.0000
vt 0.7969 0.5000
vt 0.8125 0.5000
vt 0.8125 0.0000
vt 0.7969 0.0000
vt 0.1875 0.0000
vt 0.1719 0.0000
vt 0.1719 0.5000
vt 0.1875 0.5000
vt 0.6562 0.5000
vt 0.6758 0.5000
vt 0.6758 0.0000
vt 0.6562 0.0000
vt 0.6562 0.0000
vt 0.6758 0.0000
vt 0.6758 0.5000
vt 0.6562 0.5000
vt 0.6562 -0.0250
vt 0.6758 -0.0250
vt 0.6329 0.0655
vt 0.6329 0.0405
vt 0.6133 0.0405
vt 0.6133 0.0655
vt 0.7540 0.5655
vt 0.7696 0.5655
vt 0.7696 0.0655
vt 0.7540 0.0655
vt 0.1446 0.0655
vt 0.1290 0.0655
vt 0.1290 0.5655
vt 0.1446 0.5655
vt 0.6133 0.5655
vt 0.6329 0.5655
vt 0.6329 0.0655
vt 0.6133 0.0655
vt 0.6133 0.0655
vt 0.6329 0.0655
vt 0.6329 0.5655
vt 0.6133 0.5655
vt 0.6133 0.0405
vt 0.6329 0.0405
vt 0.6758 0.0000
vt 0.6562 0.0000
vt 0.6562 -0.0250
vt 0.6758 -0.0250
vt 0.6758 0.5000
vt 0.6562 0.5000
vt 0.6562 0.5000
vt 0.6758 0.5000
vt 0.6758 0.0000
vt 0.6562 0.0000
vt 0.1875 0.0000
vt 0.1719 0.0000
vt 0.1719 0.5000
vt 0.1875 0.5000
vt 0.7969 0.5000
vt 0.8125 0.5000
vt 0.8125 0.0000
vt 0.7969 0.0000
vt 0.6758 0.0000
vt 0.6758 -0.0250
vt 0.6562 -0.0250
vt 0.6562 0.0000
vt 0.6758 0.0000
vt 0.6758 -0.0250
vt 0.6562 -0.0250
vt 0.6562 0.0000
vt 0.7969 0.5000
vt 0.8125 0.5000
vt 0.8125 0.0000
vt 0.7969 0.0000
vt 0.1875 0.0000
vt 0.1719 0.0000
vt 0.1719 0.5000
vt 0.1875 0.5000
vt 0.6562 0.5000
vt 0.6758 0.5000
vt 0.6758 0.0000
vt 0.6562 0.0000
vt 0.6562 0.0000
vt 0.6758 0.0000
vt 0.6758 0.5000
vt 0.6562 0.5000
vt 0.6562 -0.0250
vt 0.6758 -0.0250
vt 0.4946 1.0040
vt 0.1868 1.0040
vt 0.1868 0.0042
vt 0.4946 0.0042
vt 0.6758 0.0000
vt 0.6562 0.0000
vt 0.6562 -0.0250
vt 0.6758 -0.0250
vt 0.6758 0.5000
vt 0.6562 0.5000
vt 0.6562 0.5000
vt 0.6758 0.5000
vt 0.6758 0.0000
vt 0.6562 0.0000
vt 0.1875 0.0000
vt 0.1719 0.0000
vt 0.1719 0.5000
vt 0.1875 0.5000
vt 0.7969 0.5000
vt 0.8125 0.5000
vt 0.8125 0.0000
vt 0.7969 0.0000
vt 0.6758 0.0000
vt 0.6758 -0.0250
vt 0.6562 -0.0250
vt 0.6562 0.0000
vt 0.6758 0.0000
vt 0.6562 0.0000
vt 0.6562 -0.0250
vt 0.6758 -0.0250
vt 0.6758 0.5000
vt 0.6562 0.5000
vt 0.6562 0.5000
vt 0.6758 0.5000
vt 0.6758 0.0000
vt 0.6562 0.0000
vt 0.1875 0.0000
vt 0.1719 0.0000
vt 0.1719 0.5000
vt 0.1875 0.5000
vt 0.7969 0.5000
vt 0.8125 0.5000
vt 0.8125 0.0000
vt 0.7969 0.0000
vt 0.6758 0.0000
vt 0.6758 -0.0250
vt 0.6562 -0.0250
vt 0.6562 0.0000
vt 0.6758 0.0000
vt 0.6562 0.0000
vt 0.6562 -0.0250
vt 0.6758 -0.0250
vt 0.6758 0.5000
vt 0.6562 0.5000
vt 0.6562 0.5000
vt 0.6758 0.5000
vt 0.6758 0.0000
vt 0.6562 0.0000
vt 0.1875 0.0000
vt 0.1719 0.0000
vt 0.1719 0.5000
vt 0.1875 0.5000
vt 0.7969 0.5000
vt 0.8125 0.5000
vt 0.8125 0.0000
vt 0.7969 0.0000
vt 0.6758 0.0000
vt 0.6758 -0.0250
vt 0.6562 -0.0250
vt 0.6562 0.0000
vt 0.6758 0.0000
vt 0.6562 0.0000
vt 0.6562 -0.0250
vt 0.6758 -0.0250
vt 0.6758 0.5000
vt 0.6562 0.5000
vt 0.6562 0.5000
vt 0.6758 0.5000
vt 0.6758 0.0000
vt 0.6562 0.0000
vt 0.1875 0.0000
vt 0.1719 0.0000
vt 0.1719 0.5000
vt 0.1875 0.5000
vt 0.7969 0.5000
vt 0.8125 0.5000
vt 0.8125 0.0000
vt 0.7969 0.0000
vt 0.6758 0.0000
vt 0.6758 -0.0250
vt 0.6562 -0.0250
vt 0.6562 0.0000
vt 0.6758 0.0000
vt 0.6562 0.0000
vt 0.6562 -0.0250
vt 0.6758 -0.0250
vt 0.6758 0.5000
vt 0.6562 0.5000
vt 0.6562 0.5000
vt 0.6758 0.5000
vt 0.6758 0.0000
vt 0.6562 0.0000
vt 0.1875 0.0000
vt 0.1719 0.0000
vt 0.1719 0.5000
vt 0.1875 0.5000
vt 0.7969 0.5000
vt 0.8125 0.5000
vt 0.8125 0.0000
vt 0.7969 0.0000
vt 0.6758 0.0000
vt 0.6758 -0.0250
vt 0.6562 -0.0250
vt 0.6562 0.0000
vt 0.6758 0.0000
vt 0.6562 0.0000
vt 0.6562 -0.0250
vt 0.6758 -0.0250
vt 0.6758 0.5000
vt 0.6562 0.5000
vt 0.6562 0.5000
vt 0.6758 0.5000
vt 0.6758 0.0000
vt 0.6562 0.0000
vt 0.1875 0.0000
vt 0.1719 0.0000
vt 0.1719 0.5000
vt 0.1875 0.5000
vt 0.7969 0.5000
vt 0.8125 0.5000
vt 0.8125 0.0000
vt 0.7969 0.0000
vt 0.6758 0.0000
vt 0.6758 -0.0250
vt 0.6562 -0.0250
vt 0.6562 0.0000
vt 0.6758 0.0000
vt 0.6758 -0.0250
vt 0.6562 -0.0250
vt 0.6562 0.0000
vt 0.7969 0.5000
vt 0.8125 0.5000
vt 0.8125 0.0000
vt 0.7969 0.0000
vt 0.1875 0.0000
vt 0.1719 0.0000
vt 0.1719 0.5000
vt 0.1875 0.5000
vt 0.6562 0.5000
vt 0.6758 0.5000
vt 0.6758 0.0000
vt 0.6562 0.0000
vt 0.6562 0.0000
vt 0.6758 0.0000
vt 0.6758 0.5000
vt 0.6562 0.5000
vt 0.6562 -0.0250
vt 0.6758 -0.0250
vt 0.6758 0.0000
vt 0.6758 -0.0250
vt 0.6562 -0.0250
vt 0.6562 0.0000
vt 0.7969 0.5000
vt 0.8125 0.5000
vt 0.8125 0.0000
vt 0.7969 0.0000
vt 0.1875 0.0000
vt 0.1719 0.0000
vt 0.1719 0.5000
vt 0.1875 0.5000
vt 0.6562 0.5000
vt 0.6758 0.5000
vt 0.6758 0.0000
vt 0.6562 0.0000
vt 0.6562 0.0000
vt 0.6758 0.0000
vt 0.6758 0.5000
vt 0.6562 0.5000
vt 0.6562 -0.0250
vt 0.6758 -0.0250
vt 0.6758 0.0000
vt 0.6562 0.0000
vt 0.6562 -0.0250
vt 0.6758 -0.0250
vt 0.6758 0.5000
vt 0.6562 0.5000
vt 0.6562 0.5000
vt 0.6758 0.5000
vt 0.6758 0.0000
vt 0.6562 0.0000
vt 0.1875 0.0000
vt 0.1719 0.0000
vt 0.1719 0.5000
vt 0.1875 0.5000
vt 0.7969 0.5000
vt 0.8125 0.5000
vt 0.8125 0.0000
vt 0.7969 0.0000
vt 0.6758 0.0000
vt 0.6758 -0.0250
vt 0.6562 -0.0250
vt 0.6562 0.0000
vt 0.6758 0.0000
vt 0.6562 0.0000
vt 0.6562 -0.0250
vt 0.6758 -0.0250
vt 0.6758 0.5000
vt 0.6562 0.5000
vt 0.6562 0.5000
vt 0.6758 0.5000
vt 0.6758 0.0000
vt 0.6562 0.0000
vt 0.1875 0.0000
vt 0.1719 0.0000
vt 0.1719 0.5000
vt 0.1875 0.5000
vt 0.7969 0.5000
vt 0.8125 0.5000
vt 0.8125 0.0000
vt 0.7969 0.0000
vt 0.6758 0.0000
vt 0.6758 -0.0250
vt 0.6562 -0.0250
vt 0.6562 0.0000
vt 0.6758 0.0000
vt 0.6562 0.0000
vt 0.6562 -0.0250
vt 0.6758 -0.0250
vt 0.6758 0.5000
vt 0.6562 0.5000
vt 0.6562 0.5000
vt 0.6758 0.5000
vt 0.6758 0.0000
vt 0.6562 0.0000
vt 0.1875 0.0000
vt 0.1719 0.0000
vt 0.1719 0.5000
vt 0.1875 0.5000
vt 0.7969 0.5000
vt 0.8125 0.5000
vt 0.8125 0.0000
vt 0.7969 0.0000
vt 0.6758 0.0000
vt 0.6758 -0.0250
vt 0.6562 -0.0250
vt 0.6562 0.0000
vt 0.6758 0.0000
vt 0.6562 0.0000
vt 0.6562 -0.0250
vt 0.6758 -0.0250
vt 0.6758 0.5000
vt 0.6562 0.5000
vt 0.6562 0.5000
vt 0.6758 0.5000
vt 0.6758 0.0000
vt 0.6562 0.0000
vt 0.1875 0.0000
vt 0.1719 0.0000
vt 0.1719 0.5000
vt 0.1875 0.5000
vt 0.7969 0.5000
vt 0.8125 0.5000
vt 0.8125 0.0000
vt 0.7969 0.0000
vt 0.6758 0.0000
vt 0.6758 -0.0250
vt 0.6562 -0.0250
vt 0.6562 0.0000
vt 0.6758 0.0000
vt 0.6562 0.0000
vt 0.6562 -0.0250
vt 0.6758 -0.0250
vt 0.6758 0.5000
vt 0.6562 0.5000
vt 0.6562 0.5000
vt 0.6758 0.5000
vt 0.6758 0.0000
vt 0.6562 0.0000
vt 0.1875 0.0000
vt 0.1719 0.0000
vt 0.1719 0.5000
vt 0.1875 0.5000
vt 0.7969 0.5000
vt 0.8125 0.5000
vt 0.8125 0.0000
vt 0.7969 0.0000
vt 0.6758 0.0000
vt 0.6758 -0.0250
vt 0.6562 -0.0250
vt 0.6562 0.0000
vt 0.6758 0.0000
vt 0.6562 0.0000
vt 0.6562 -0.0250
vt 0.6758 -0.0250
vt 0.6758 0.5000
vt 0.6562 0.5000
vt 0.6562 0.5000
vt 0.6758 0.5000
vt 0.6758 0.0000
vt 0.6562 0.0000
vt 0.1875 0.0000
vt 0.1719 0.0000
vt 0.1719 0.5000
vt 0.1875 0.5000
vt 0.7969 0.5000
vt 0.8125 0.5000
vt 0.8125 0.0000
vt 0.7969 0.0000
vt 0.6758 0.0000
vt 0.6758 -0.0250
vt 0.6562 -0.0250
vt 0.6562 0.0000
vt 0.6758 0.0000
vt 0.6562 0.0000
vt 0.6562 -0.0250
vt 0.6758 -0.0250
vt 0.6758 0.5000
vt 0.6562 0.5000
vt 0.6562 0.5000
vt 0.6758 0.5000
vt 0.6758 0.0000
vt 0.6562 0.0000
vt 0.1875 0.0000
vt 0.1719 0.0000
vt 0.1719 0.5000
vt 0.1875 0.5000
vt 0.7969 0.5000
vt 0.8125 0.5000
vt 0.8125 0.0000
vt 0.7969 0.0000
vt 0.6758 0.0000
vt 0.6758 -0.0250
vt 0.6562 -0.0250
vt 0.6562 0.0000
vt 0.6758 0.0000
vt 0.6562 0.0000
vt 0.6562 -0.0250
vt 0.6758 -0.0250
vt 0.6758 0.5000
vt 0.6562 0.5000
vt 0.6562 0.5000
vt 0.6758 0.5000
vt 0.6758 0.0000
vt 0.6562 0.0000
vt 0.1875 0.0000
vt 0.1719 0.0000
vt 0.1719 0.5000
vt 0.1875 0.5000
vt 0.7969 0.5000
vt 0.8125 0.5000
vt 0.8125 0.0000
vt 0.7969 0.0000
vt 0.6758 0.0000
vt 0.6758 -0.0250
vt 0.6562 -0.0250
vt 0.6562 0.0000
vt 0.6758 0.0000
vt 0.6562 0.0000
vt 0.6562 -0.0250
vt 0.6758 -0.0250
vt 0.6758 0.5000
vt 0.6562 0.5000
vt 0.6562 0.5000
vt 0.6758 0.5000
vt 0.6758 0.0000
vt 0.6562 0.0000
vt 0.1875 0.0000
vt 0.1719 0.0000
vt 0.1719 0.5000
vt 0.1875 0.5000
vt 0.7969 0.5000
vt 0.8125 0.5000
vt 0.8125 0.0000
vt 0.7969 0.0000
vt 0.6758 0.0000
vt 0.6758 -0.0250
vt 0.6562 -0.0250
vt 0.6562 0.0000
vt 0.6758 0.0000
vt 0.6562 0.0000
vt 0.6562 -0.0250
vt 0.6758 -0.0250
vt 0.6758 0.5000
vt 0.6562 0.5000
vt 0.6562 0.5000
vt 0.6758 0.5000
vt 0.6758 0.0000
vt 0.6562 0.0000
vt 0.1875 0.0000
vt 0.1719 0.0000
vt 0.1719 0.5000
vt 0.1875 0.5000
vt 0.7969 0.5000
vt 0.8125 0.5000
vt 0.8125 0.0000
vt 0.7969 0.0000
vt 0.6758 0.0000
vt 0.6758 -0.0250
vt 0.6562 -0.0250
vt 0.6562 0.0000
vt 0.6758 0.0000
vt 0.6562 0.0000
vt 0.6562 -0.0250
vt 0.6758 -0.0250
vt 0.6758 0.5000
vt 0.6562 0.5000
vt 0.6562 0.5000
vt 0.6758 0.5000
vt 0.6758 0.0000
vt 0.6562 0.0000
vt 0.1875 0.0000
vt 0.1719 0.0000
vt 0.1719 0.5000
vt 0.1875 0.5000
vt 0.7969 0.5000
vt 0.8125 0.5000
vt 0.8125 0.0000
vt 0.7969 0.0000
vt 0.6758 0.0000
vt 0.6758 -0.0250
vt 0.6562 -0.0250
vt 0.6562 0.0000
vt 0.6758 0.0000
vt 0.6562 0.0000
vt 0.6562 -0.0250
vt 0.6758 -0.0250
vt 0.6758 0.5000
vt 0.6562 0.5000
vt 0.6562 0.5000
vt 0.6758 0.5000
vt 0.6758 0.0000
vt 0.6562 0.0000
vt 0.1875 0.0000
vt 0.1719 0.0000
vt 0.1719 0.5000
vt 0.1875 0.5000
vt 0.7969 0.5000
vt 0.8125 0.5000
vt 0.8125 0.0000
vt 0.7969 0.0000
vt 0.6758 0.0000
vt 0.6758 -0.0250
vt 0.6562 -0.0250
vt 0.6562 0.0000
vt 0.6758 0.0000
vt 0.6758 -0.0250
vt 0.6562 -0.0250
vt 0.6562 0.0000
vt 0.7969 0.5000
vt 0.8125 0.5000
vt 0.8125 0.0000
vt 0.7969 0.0000
vt 0.1875 0.0000
vt 0.1719 0.0000
vt 0.1719 0.5000
vt 0.1875 0.5000
vt 0.6562 0.5000
vt 0.6758 0.5000
vt 0.6758 0.0000
vt 0.6562 0.0000
vt 0.6562 0.0000
vt 0.6758 0.0000
vt 0.6758 0.5000
vt 0.6562 0.5000
vt 0.6562 -0.0250
vt 0.6758 -0.0250
vt 0.6758 0.0000
vt 0.6758 -0.0250
vt 0.6562 -0.0250
vt 0.6562 0.0000
vt 0.7969 0.5000
vt 0.8125 0.5000
vt 0.8125 0.0000
vt 0.7969 0.0000
vt 0.1875 0.0000
vt 0.1719 0.0000
vt 0.1719 0.5000
vt 0.1875 0.5000
vt 0.6562 0.5000
vt 0.6758 0.5000
vt 0.6758 0.0000
vt 0.6562 0.0000
vt 0.6562 0.0000
vt 0.6758 0.0000
vt 0.6758 0.5000
vt 0.6562 0.5000
vt 0.6562 -0.0250
vt 0.6758 -0.0250
vt 0.6758 0.0000
vt 0.6562 0.0000
vt 0.6562 -0.0250
vt 0.6758 -0.0250
vt 0.6758 0.5000
vt 0.6562 0.5000
vt 0.6562 0.5000
vt 0.6758 0.5000
vt 0.6758 0.0000
vt 0.6562 0.0000
vt 0.1875 0.0000
vt 0.1719 0.0000
vt 0.1719 0.5000
vt 0.1875 0.5000
vt 0.7969 0.5000
vt 0.8125 0.5000
vt 0.8125 0.0000
vt 0.7969 0.0000
vt 0.6758 0.0000
vt 0.6758 -0.0250
vt 0.6562 -0.0250
vt 0.6562 0.0000
vt 0.6758 0.0000
vt 0.6758 -0.0250
vt 0.6758 0.5000
vt 0.6562 0.5000
vt 0.6562 0.5000
vt 0.6758 0.5000
vt 0.6758 0.0000
vt 0.6562 0.0000
vt 0.7969 0.5000
vt 0.8125 0.5000
vt 0.8125 0.0000
vt 0.7969 0.0000
vt 0.6758 0.0000
vt 0.6758 -0.0250
vt 0.6758 0.0000
vt 0.6562 0.0000
vt 0.6562 -0.0250
vt 0.6758 -0.0250
vt 0.6758 0.5000
vt 0.6562 0.5000
vt 0.6562 0.5000
vt 0.6758 0.5000
vt 0.6758 0.0000
vt 0.6562 0.0000
vt 0.7969 0.5000
vt 0.8125 0.5000
vt 0.8125 0.0000
vt 0.7969 0.0000
vt 0.6758 0.0000
vt 0.6758 -0.0250
vt 0.6562 -0.0250
vt 0.6562 0.0000
vt 0.6758 0.0000
vt 0.6562 0.0000
vt 0.6562 -0.0250
vt 0.6758 -0.0250
vt 0.6758 0.5000
vt 0.6562 0.5000
vt 0.6562 0.5000
vt 0.6758 0.5000
vt 0.6758 0.0000
vt 0.6562 0.0000
vt 0.1875 0.0000
vt 0.1719 0.0000
vt 0.1719 0.5000
vt 0.1875 0.5000
vt 0.7969 0.5000
vt 0.8125 0.5000
vt 0.8125 0.0000
vt 0.7969 0.0000
vt 0.6758 0.0000
vt 0.6758 -0.0250
vt 0.6562 -0.0250
vt 0.6562 0.0000
vt 0.6758 0.0000
vt 0.6758 -0.0250
vt 0.6758 0.5000
vt 0.6562 0.5000
vt 0.6562 0.5000
vt 0.6758 0.5000
vt 0.6758 0.0000
vt 0.6562 0.0000
vt 0.7969 0.5000
vt 0.8125 0.5000
vt 0.8125 0.0000
vt 0.7969 0.0000
vt 0.6758 0.0000
vt 0.6758 -0.0250
vt 0.6758 0.0000
vt 0.6562 0.0000
vt 0.6562 -0.0250
vt 0.6758 -0.0250
vt 0.6758 0.5000
vt 0.6562 0.5000
vt 0.6562 0.5000
vt 0.6758 0.5000
vt 0.6758 0.0000
vt 0.6562 0.0000
vt 0.7969 0.5000
vt 0.8125 0.5000
vt 0.8125 0.0000
vt 0.7969 0.0000
vt 0.6758 0.0000
vt 0.6758 -0.0250
vt 0.6562 -0.0250
vt 0.6562 0.0000
vt 0.6758 0.0000
vt 0.6562 0.0000
vt 0.6562 -0.0250
vt 0.6758 -0.0250
vt 0.6758 0.5000
vt 0.6562 0.5000
vt 0.6562 0.5000
vt 0.6758 0.5000
vt 0.6758 0.0000
vt 0.6562 0.0000
vt 0.1875 0.0000
vt 0.1719 0.0000
vt 0.1719 0.5000
vt 0.1875 0.5000
vt 0.7969 0.5000
vt 0.8125 0.5000
vt 0.8125 0.0000
vt 0.7969 0.0000
vt 0.6758 0.0000
vt 0.6758 -0.0250
vt 0.6562 -0.0250
vt 0.6562 0.0000
vt 0.6758 0.0000
vt 0.6758 -0.0250
vt 0.6758 0.5000
vt 0.6562 0.5000
vt 0.6562 0.5000
vt 0.6758 0.5000
vt 0.6758 0.0000
vt 0.6562 0.0000
vt 0.7969 0.5000
vt 0.8125 0.5000
vt 0.8125 0.0000
vt 0.7969 0.0000
vt 0.6758 0.0000
vt 0.6758 -0.0250
vt 0.6758 0.0000
vt 0.6562 0.0000
vt 0.6562 -0.0250
vt 0.6758 -0.0250
vt 0.6758 0.5000
vt 0.6562 0.5000
vt 0.6562 0.5000
vt 0.6758 0.5000
vt 0.6758 0.0000
vt 0.6562 0.0000
vt 0.7969 0.5000
vt 0.8125 0.5000
vt 0.8125 0.0000
vt 0.7969 0.0000
vt 0.6758 0.0000
vt 0.6758 -0.0250
vt 0.6562 -0.0250
vt 0.6562 0.0000
vt 0.6758 0.0000
vt 0.6562 0.0000
vt 0.6562 -0.0250
vt 0.6758 -0.0250
vt 0.6758 0.5000
vt 0.6562 0.5000
vt 0.6562 0.5000
vt 0.6758 0.5000
vt 0.6758 0.0000
vt 0.6562 0.0000
vt 0.1875 0.0000
vt 0.1719 0.0000
vt 0.1719 0.5000
vt 0.1875 0.5000
vt 0.7969 0.5000
vt 0.8125 0.5000
vt 0.8125 0.0000
vt 0.7969 0.0000
vt 0.6758 0.0000
vt 0.6758 -0.0250
vt 0.6562 -0.0250
vt 0.6562 0.0000
vt 0.6758 0.0000
vt 0.6758 -0.0250
vt 0.6758 0.5000
vt 0.6562 0.5000
vt 0.6562 0.5000
vt 0.6758 0.5000
vt 0.6758 0.0000
vt 0.6562 0.0000
vt 0.7969 0.5000
vt 0.8125 0.5000
vt 0.8125 0.0000
vt 0.7969 0.0000
vt 0.6758 0.0000
vt 0.6758 -0.0250
vt 0.6758 0.0000
vt 0.6562 0.0000
vt 0.6562 -0.0250
vt 0.6758 -0.0250
vt 0.6758 0.5000
vt 0.6562 0.5000
vt 0.6562 0.5000
vt 0.6758 0.5000
vt 0.6758 0.0000
vt 0.6562 0.0000
vt 0.7969 0.5000
vt 0.8125 0.5000
vt 0.8125 0.0000
vt 0.7969 0.0000
vt 0.6758 0.0000
vt 0.6758 -0.0250
vt 0.6562 -0.0250
vt 0.6562 0.0000
vt 0.6758 0.0000
vt 0.6562 0.0000
vt 0.6562 -0.0250
vt 0.6758 -0.0250
vt 0.6758 0.5000
vt 0.6562 0.5000
vt 0.6562 0.5000
vt 0.6758 0.5000
vt 0.6758 0.0000
vt 0.6562 0.0000
vt 0.1875 0.0000
vt 0.1719 0.0000
vt 0.1719 0.5000
vt 0.1875 0.5000
vt 0.7969 0.5000
vt 0.8125 0.5000
vt 0.8125 0.0000
vt 0.7969 0.0000
vt 0.6758 0.0000
vt 0.6758 -0.0250
vt 0.6562 -0.0250
vt 0.6562 0.0000
vt 0.6758 0.0000
vt 0.6758 -0.0250
vt 0.6758 0.5000
vt 0.6562 0.5000
vt 0.6562 0.5000
vt 0.6758 0.5000
vt 0.6758 0.0000
vt 0.6562 0.0000
vt 0.7969 0.5000
vt 0.8125 0.5000
vt 0.8125 0.0000
vt 0.7969 0.0000
vt 0.6758 0.0000
vt 0.6758 -0.0250
vt 0.6758 0.0000
vt 0.6562 0.0000
vt 0.6562 -0.0250
vt 0.6758 -0.0250
vt 0.6758 0.5000
vt 0.6562 0.5000
vt 0.6562 0.5000
vt 0.6758 0.5000
vt 0.6758 0.0000
vt 0.6562 0.0000
vt 0.7969 0.5000
vt 0.8125 0.5000
vt 0.8125 0.0000
vt 0.7969 0.0000
vt 0.6758 0.0000
vt 0.6758 -0.0250
vt 0.6562 -0.0250
vt 0.6562 0.0000
vt 0.6758 0.0000
vt 0.6562 0.0000
vt 0.6562 -0.0250
vt 0.6758 -0.0250
vt 0.6758 0.5000
vt 0.6562 0.5000
vt 0.6562 0.5000
vt 0.6758 0.5000
vt 0.6758 0.0000
vt 0.6562 0.0000
vt 0.1875 0.0000
vt 0.1719 0.0000
vt 0.1719 0.5000
vt 0.1875 0.5000
vt 0.7969 0.5000
vt 0.8125 0.5000
vt 0.8125 0.0000
vt 0.7969 0.0000
vt 0.6758 0.0000
vt 0.6758 -0.0250
vt 0.6562 -0.0250
vt 0.6562 0.0000
vt 0.6758 0.0000
vt 0.6758 -0.0250
vt 0.6758 0.5000
vt 0.6562 0.5000
vt 0.6562 0.5000
vt 0.6758 0.5000
vt 0.6758 0.0000
vt 0.6562 0.0000
vt 0.7969 0.5000
vt 0.8125 0.5000
vt 0.8125 0.0000
vt 0.7969 0.0000
vt 0.6758 0.0000
vt 0.6758 -0.0250
vt 0.6758 0.0000
vt 0.6562 0.0000
vt 0.6562 -0.0250
vt 0.6758 -0.0250
vt 0.6758 0.5000
vt 0.6562 0.5000
vt 0.6562 0.5000
vt 0.6758 0.5000
vt 0.6758 0.0000
vt 0.6562 0.0000
vt 0.7969 0.5000
vt 0.8125 0.5000
vt 0.8125 0.0000
vt 0.7969 0.0000
vt 0.6758 0.0000
vt 0.6758 -0.0250
vt 0.6562 -0.0250
vt 0.6562 0.0000
vt 0.6758 0.0000
vt 0.6562 0.0000
vt 0.6562 -0.0250
vt 0.6758 -0.0250
vt 0.6758 0.5000
vt 0.6562 0.5000
vt 0.6562 0.5000
vt 0.6758 0.5000
vt 0.6758 0.0000
vt 0.6562 0.0000
vt 0.1875 0.0000
vt 0.1719 0.0000
vt 0.1719 0.5000
vt 0.1875 0.5000
vt 0.6758 0.0000
vt 0.6758 -0.0250
vt 0.6562 -0.0250
vt 0.6562 0.0000
vt 0.8331 0.2000
vt 1.0552 0.2000
vt 1.0552 0.0000
vt 0.8331 0.0000
vt 0.1669 1.0000
vt 0.0019 1.0000
vt 0.0019 0.0000
vt 0.1669 0.0000
vt 0.9919 1.0000
vt 0.8269 1.0000
vt 0.8269 0.0000
vt 0.9919 0.0000
vt 0.6619 1.0000
vt 0.6619 0.0000
vt 0.4969 1.0000
vt 0.4969 0.0000
vt 0.3319 1.0000
vt 0.3319 0.0000
vt 0.1669 1.0000
vt 0.0019 1.0000
vt 0.0019 0.7500
vt 0.1669 0.7500
vt 0.6619 1.0000
vt 0.4969 1.0000
vt 0.4969 0.7500
vt 0.6619 0.7500
vt 0.3319 1.0000
vt 0.3319 0.7500
vt 0.8269 1.0000
vt 0.8269 0.7500
vt -0.0531 1.0000
vt -0.3281 1.0000
vt -0.3281 1.0025
vt -0.0531 1.0025
vt 0.7719 1.0000
vt 1.0469 1.0000
vt 1.0469 1.0025
vt 0.7719 1.0025
vt 0.6619 1.0000
vt 0.4969 1.0000
vt 0.4969 1.0025
vt 0.6619 1.0025
vt 0.3319 1.0000
vt 0.3319 1.0025
vt 0.1669 1.0000
vt 0.1669 1.0025
vt 0.0019 1.0000
vt 0.0019 1.0025
vt 0.8269 1.0000
vt 0.8269 1.0025
vt 0.3784 0.3776
vt 0.6265 0.3776
vt 0.6265 0.8478
vt 0.3784 0.8478
vt -0.0552 0.2000
vt 0.1669 0.2000
vt 0.1669 0.0000
vt -0.0552 0.0000
vt 0.3890 0.2000
vt 0.3890 0.0000
vt 0.6110 0.2000
vt 0.6110 0.0000
vt 0.6110 1.0000
vt 0.8331 1.0000
vt 0.8331 0.8000
vt 0.6110 0.8000
vt 0.8331 0.6000
vt 0.6110 0.6000
vt 0.8331 0.4000
vt 0.6110 0.4000
vt 0.3890 1.0000
vt 0.3890 0.8000
vt 0.3890 0.6000
vt 0.3890 0.4000
vt 0.1669 1.0000
vt 0.1669 0.8000
vt 0.1669 0.6000
vt 0.1669 0.4000
vt -0.0552 1.0000
vt -0.0552 0.8000
vt -0.0552 0.6000
vt -0.0552 0.4000
vt 1.0552 1.0000
vt 1.0552 0.8000
vt 1.0552 0.6000
vt 1.0552 0.4000
vt 0.6756 0.0650
vt 0.8628 0.0650
vt 0.8628 0.2845
vt 0.6756 0.2845
vt 0.8628 0.5041
vt 0.6756 0.5041
vt 0.6576 0.7236
vt 0.8628 0.7236
vt 0.8628 0.9432
vt 0.6576 0.9432
vt 0.1139 0.5041
vt 0.3011 0.5041
vt 0.3011 0.7236
vt 0.1139 0.7236
vt 0.4883 0.5041
vt 0.5073 0.7236
vt 0.3011 0.9432
vt 0.1139 0.9432
vt 0.5073 0.9432
vt 0.1139 0.2845
vt 0.3011 0.2845
vt 0.4883 0.2845
vt 0.1139 0.0650
vt 0.3011 0.0650
vt 0.4883 0.0650
vt 0.3464 0.7517
vt 0.3888 0.7517
vt 0.3888 0.8042
vt 0.3464 0.8042
vt 0.3464 0.6781
vt 0.3888 0.6781
vt 0.3888 0.6150
vt 0.3464 0.6150
vt 0.3464 0.3838
vt 0.3888 0.3838
vt 0.3888 0.3312
vt 0.3464 0.3312
vt 0.3464 0.7727
vt 0.3888 0.7727
vt 0.3888 0.8042
vt 0.3464 0.8042
vt 0.3322 0.3838
vt 0.3888 0.3838
vt 0.3888 0.3312
vt 0.3322 0.3312
vt 0.2473 0.3838
vt 0.2190 0.3838
vt 0.2190 0.3312
vt 0.2473 0.3312
vt 0.3322 0.3838
vt 0.3322 0.3312
vt 0.2473 0.3838
vt 0.2756 0.3838
vt 0.2756 0.3312
vt 0.2473 0.3312
vt 0.3464 0.6150
vt 0.3888 0.6150
vt 0.3888 0.6781
vt 0.3464 0.6781
vt 0.3888 0.7412
vt 0.3464 0.7412
vt 0.3464 0.7727
vt 0.3888 0.7727
vt 0.3888 0.7412
vt 0.3464 0.7412
vt 0.2756 0.8042
vt 0.3322 0.8042
vt 0.3322 0.7517
vt 0.2756 0.7517
vt 0.3322 0.6991
vt 0.2756 0.6991
vt 0.3322 0.6466
vt 0.2756 0.6466
vt 0.3322 0.5940
vt 0.2756 0.5940
vt 0.3322 0.5414
vt 0.2756 0.5414
vt 0.3322 0.4889
vt 0.2756 0.4889
vt 0.3322 0.4363
vt 0.2756 0.4363
vt 0.2473 0.8042
vt 0.2473 0.7517
vt 0.2473 0.6991
vt 0.2473 0.6466
vt 0.2473 0.5940
vt 0.2473 0.5414
vt 0.2473 0.4889
vt 0.2473 0.4363
vt 0.3322 0.8042
vt 0.2756 0.8042
vt 0.2756 0.7517
vt 0.3322 0.7517
vt 0.2756 0.6991
vt 0.3322 0.6991
vt 0.2756 0.6466
vt 0.3322 0.6466
vt 0.2756 0.5940
vt 0.3322 0.5940
vt 0.2756 0.5414
vt 0.3322 0.5414
vt 0.2756 0.4889
vt 0.3322 0.4889
vt 0.2756 0.4363
vt 0.3322 0.4363
vt 0.2756 0.3838
vt 0.3888 0.8042
vt 0.3888 0.7517
vt 0.3888 0.6991
vt 0.3888 0.6466
vt 0.3888 0.5940
vt 0.3888 0.5414
vt 0.3888 0.4889
vt 0.3888 0.4363
vt 0.2473 0.8042
vt 0.2190 0.8042
vt 0.2190 0.7517
vt 0.2473 0.7517
vt 0.2190 0.6991
vt 0.2473 0.6991
vt 0.2190 0.6466
vt 0.2473 0.6466
vt 0.2190 0.5940
vt 0.2473 0.5940
vt 0.2190 0.5414
vt 0.2473 0.5414
vt 0.2190 0.4889
vt 0.2473 0.4889
vt 0.2190 0.4363
vt 0.2473 0.4363
vt 0.3888 0.8042
vt 0.3888 0.7517
vt 0.3888 0.6991
vt 0.3888 0.6466
vt 0.3888 0.5940
vt 0.3888 0.5414
vt 0.3888 0.4889
vt 0.3888 0.4363
vt 0.3464 0.8042
vt 0.3464 0.7517
vt 0.3464 0.6991
vt 0.3464 0.6466
vt 0.3464 0.5940
vt 0.3464 0.5414
vt 0.3464 0.4889
vt 0.3464 0.4363
vt 0.3464 0.3312
vt 0.3888 0.3312
vt 0.3888 0.3838
vt 0.3464 0.3838
vt 0.3888 0.4363
vt 0.3464 0.4363
vt 0.3888 0.4889
vt 0.3464 0.4889
vt 0.3888 0.5414
vt 0.3464 0.5414
vt 0.3888 0.5940
vt 0.3464 0.5940
vt 0.3888 0.6466
vt 0.3464 0.6466
vt 0.3888 0.6991
vt 0.3464 0.6991
vt 0.2756 0.3312
vt 0.7783 0.8512
vt 0.7389 0.8512
vt 0.7389 0.2843
vt 0.7783 0.2843
vt 0.2190 0.4363
vt 0.2190 0.3838
vt 0.2190 0.4889
vt 0.2190 0.5414
vt 0.2190 0.5940
vt 0.2190 0.6466
vt 0.2190 0.6991
vt 0.2190 0.7517
vt 0.2190 0.8042
vt 0.2190 0.3312
vt 0.4634 0.8512
vt 0.4240 0.8512
vt 0.4240 0.2843
vt 0.4634 0.2843
vt 0.2756 0.8042
vt 0.2473 0.8042
vt 0.2473 0.7517
vt 0.2756 0.7517
vt 0.2756 0.3838
vt 0.2473 0.3838
vt 0.2473 0.3312
vt 0.2756 0.3312
vt 0.4240 0.8512
vt 0.4634 0.8512
vt 0.4634 0.2843
vt 0.4240 0.2843
vt 0.7389 0.8512
vt 0.7783 0.8512
vt 0.7783 0.2843
vt 0.7389 0.2843
vt 0.7547 0.8512
vt 0.7311 0.8512
vt 0.7311 0.2843
vt 0.7547 0.2843
vt 0.8468 0.7867
vt 0.8704 0.7867
vt 0.8704 0.2198
vt 0.8468 0.2198
vt 0.5946 0.8481
vt 0.5710 0.8481
vt 0.5710 0.2812
vt 0.5946 0.2812
vt 0.8135 0.7727
vt 0.8135 0.7412
vt 0.3464 0.7517
vt 0.3888 0.7517
vt 0.3888 0.8042
vt 0.3464 0.8042
vt 0.3464 0.6781
vt 0.3888 0.6781
vt 0.3888 0.6150
vt 0.3464 0.6150
vt 0.3464 0.3838
vt 0.3888 0.3838
vt 0.3888 0.3312
vt 0.3464 0.3312
vt 0.3464 0.7727
vt 0.3888 0.7727
vt 0.3888 0.8042
vt 0.3464 0.8042
vt 0.3322 0.3838
vt 0.3888 0.3838
vt 0.3888 0.3312
vt 0.3322 0.3312
vt 0.2473 0.3838
vt 0.2190 0.3838
vt 0.2190 0.3312
vt 0.2473 0.3312
vt 0.3322 0.3838
vt 0.3322 0.3312
vt 0.2473 0.3838
vt 0.2756 0.3838
vt 0.2756 0.3312
vt 0.2473 0.3312
vt 0.3464 0.6150
vt 0.3888 0.6150
vt 0.3888 0.6781
vt 0.3464 0.6781
vt 0.3888 0.7412
vt 0.3464 0.7412
vt 0.3464 0.7727
vt 0.3888 0.7727
vt 0.3888 0.7412
vt 0.3464 0.7412
vt 0.2756 0.8042
vt 0.3322 0.8042
vt 0.3322 0.7517
vt 0.2756 0.7517
vt 0.3322 0.6991
vt 0.2756 0.6991
vt 0.3322 0.6466
vt 0.2756 0.6466
vt 0.3322 0.5940
vt 0.2756 0.5940
vt 0.3322 0.5414
vt 0.2756 0.5414
vt 0.3322 0.4889
vt 0.2756 0.4889
vt 0.3322 0.4363
vt 0.2756 0.4363
vt 0.2473 0.8042
vt 0.2473 0.7517
vt 0.2473 0.6991
vt 0.2473 0.6466
vt 0.2473 0.5940
vt 0.2473 0.5414
vt 0.2473 0.4889
vt 0.2473 0.4363
vt 0.3322 0.8042
vt 0.2756 0.8042
vt 0.2756 0.7517
vt 0.3322 0.7517
vt 0.2756 0.6991
vt 0.3322 0.6991
vt 0.2756 0.6466
vt 0.3322 0.6466
vt 0.2756 0.5940
vt 0.3322 0.5940
vt 0.2756 0.5414
vt 0.3322 0.5414
vt 0.2756 0.4889
vt 0.3322 0.4889
vt 0.2756 0.4363
vt 0.3322 0.4363
vt 0.2756 0.3838
vt 0.3888 0.8042
vt 0.3888 0.7517
vt 0.3888 0.6991
vt 0.3888 0.6466
vt 0.3888 0.5940
vt 0.3888 0.5414
vt 0.3888 0.4889
vt 0.3888 0.4363
vt 0.2473 0.8042
vt 0.2190 0.8042
vt 0.2190 0.7517
vt 0.2473 0.7517
vt 0.2190 0.6991
vt 0.2473 0.6991
vt 0.2190 0.6466
vt 0.2473 0.6466
vt 0.2190 0.5940
vt 0.2473 0.5940
vt 0.2190 0.5414
vt 0.2473 0.5414
vt 0.2190 0.4889
vt 0.2473 0.4889
vt 0.2190 0.4363
vt 0.2473 0.4363
vt 0.3888 0.8042
vt 0.3888 0.7517
vt 0.3888 0.6991
vt 0.3888 0.6466
vt 0.3888 0.5940
vt 0.3888 0.5414
vt 0.3888 0.4889
vt 0.3888 0.4363
vt 0.3464 0.8042
vt 0.3464 0.7517
vt 0.3464 0.6991
vt 0.3464 0.6466
vt 0.3464 0.5940
vt 0.3464 0.5414
vt 0.3464 0.4889
vt 0.3464 0.4363
vt 0.3464 0.3312
vt 0.3888 0.3312
vt 0.3888 0.3838
vt 0.3464 0.3838
vt 0.3888 0.4363
vt 0.3464 0.4363
vt 0.3888 0.4889
vt 0.3464 0.4889
vt 0.3888 0.5414
vt 0.3464 0.5414
vt 0.3888 0.5940
vt 0.3464 0.5940
vt 0.3888 0.6466
vt 0.3464 0.6466
vt 0.3888 0.6991
vt 0.3464 0.6991
vt 0.2756 0.3312
vt 0.7783 0.8512
vt 0.7389 0.8512
vt 0.7389 0.2843
vt 0.7783 0.2843
vt 0.2190 0.4363
vt 0.2190 0.3838
vt 0.2190 0.4889
vt 0.2190 0.5414
vt 0.2190 0.5940
vt 0.2190 0.6466
vt 0.2190 0.6991
vt 0.2190 0.7517
vt 0.2190 0.8042
vt 0.2190 0.3312
vt 0.4634 0.8512
vt 0.4240 0.8512
vt 0.4240 0.2843
vt 0.4634 0.2843
vt 0.2756 0.8042
vt 0.2473 0.8042
vt 0.2473 0.7517
vt 0.2756 0.7517
vt 0.2756 0.3838
vt 0.2473 0.3838
vt 0.2473 0.3312
vt 0.2756 0.3312
vt 0.4240 0.8512
vt 0.4634 0.8512
vt 0.4634 0.2843
vt 0.4240 0.2843
vt 0.7389 0.8512
vt 0.7783 0.8512
vt 0.7783 0.2843
vt 0.7389 0.2843
vt 0.7547 0.8512
vt 0.7311 0.8512
vt 0.7311 0.2843
vt 0.7547 0.2843
vt 0.8468 0.7867
vt 0.8704 0.7867
vt 0.8704 0.2198
vt 0.8468 0.2198
vt 0.5946 0.8481
vt 0.5710 0.8481
vt 0.5710 0.2812
vt 0.5946 0.2812
vt 0.8135 0.7727
vt 0.8135 0.7412
vt 0.3464 0.7517
vt 0.3888 0.7517
vt 0.3888 0.8042
vt 0.3464 0.8042
vt 0.3464 0.6781
vt 0.3888 0.6781
vt 0.3888 0.6150
vt 0.3464 0.6150
vt 0.3464 0.3838
vt 0.3888 0.3838
vt 0.3888 0.3312
vt 0.3464 0.3312
vt 0.3464 0.7727
vt 0.3888 0.7727
vt 0.3888 0.8042
vt 0.3464 0.8042
vt 0.3322 0.3838
vt 0.3888 0.3838
vt 0.3888 0.3312
vt 0.3322 0.3312
vt 0.2473 0.3838
vt 0.2190 0.3838
vt 0.2190 0.3312
vt 0.2473 0.3312
vt 0.3322 0.3838
vt 0.3322 0.3312
vt 0.2473 0.3838
vt 0.2756 0.3838
vt 0.2756 0.3312
vt 0.2473 0.3312
vt 0.3464 0.6150
vt 0.3888 0.6150
vt 0.3888 0.6781
vt 0.3464 0.6781
vt 0.3888 0.7412
vt 0.3464 0.7412
vt 0.3464 0.7727
vt 0.3888 0.7727
vt 0.3888 0.7412
vt 0.3464 0.7412
vt 0.2756 0.8042
vt 0.3322 0.8042
vt 0.3322 0.7517
vt 0.2756 0.7517
vt 0.3322 0.6991
vt 0.2756 0.6991
vt 0.3322 0.6466
vt 0.2756 0.6466
vt 0.3322 0.5940
vt 0.2756 0.5940
vt 0.3322 0.5414
vt 0.2756 0.5414
vt 0.3322 0.4889
vt 0.2756 0.4889
vt 0.3322 0.4363
vt 0.2756 0.4363
vt 0.2473 0.8042
vt 0.2473 0.7517
vt 0.2473 0.6991
vt 0.2473 0.6466
vt 0.2473 0.5940
vt 0.2473 0.5414
vt 0.2473 0.4889
vt 0.2473 0.4363
vt 0.3322 0.8042
vt 0.2756 0.8042
vt 0.2756 0.7517
vt 0.3322 0.7517
vt 0.2756 0.6991
vt 0.3322 0.6991
vt 0.2756 0.6466
vt 0.3322 0.6466
vt 0.2756 0.5940
vt 0.3322 0.5940
vt 0.2756 0.5414
vt 0.3322 0.5414
vt 0.2756 0.4889
vt 0.3322 0.4889
vt 0.2756 0.4363
vt 0.3322 0.4363
vt 0.2756 0.3838
vt 0.3888 0.8042
vt 0.3888 0.7517
vt 0.3888 0.6991
vt 0.3888 0.6466
vt 0.3888 0.5940
vt 0.3888 0.5414
vt 0.3888 0.4889
vt 0.3888 0.4363
vt 0.2473 0.8042
vt 0.2190 0.8042
vt 0.2190 0.7517
vt 0.2473 0.7517
vt 0.2190 0.6991
vt 0.2473 0.6991
vt 0.2190 0.6466
vt 0.2473 0.6466
vt 0.2190 0.5940
vt 0.2473 0.5940
vt 0.2190 0.5414
vt 0.2473 0.5414
vt 0.2190 0.4889
vt 0.2473 0.4889
vt 0.2190 0.4363
vt 0.2473 0.4363
vt 0.3888 0.8042
vt 0.3888 0.7517
vt 0.3888 0.6991
vt 0.3888 0.6466
vt 0.3888 0.5940
vt 0.3888 0.5414
vt 0.3888 0.4889
vt 0.3888 0.4363
vt 0.3464 0.8042
vt 0.3464 0.7517
vt 0.3464 0.6991
vt 0.3464 0.6466
vt 0.3464 0.5940
vt 0.3464 0.5414
vt 0.3464 0.4889
vt 0.3464 0.4363
vt 0.3464 0.3312
vt 0.3888 0.3312
vt 0.3888 0.3838
vt 0.3464 0.3838
vt 0.3888 0.4363
vt 0.3464 0.4363
vt 0.3888 0.4889
vt 0.3464 0.4889
vt 0.3888 0.5414
vt 0.3464 0.5414
vt 0.3888 0.5940
vt 0.3464 0.5940
vt 0.3888 0.6466
vt 0.3464 0.6466
vt 0.3888 0.6991
vt 0.3464 0.6991
vt 0.2756 0.3312
vt 0.7783 0.8512
vt 0.7389 0.8512
vt 0.7389 0.2843
vt 0.7783 0.2843
vt 0.2190 0.4363
vt 0.2190 0.3838
vt 0.2190 0.4889
vt 0.2190 0.5414
vt 0.2190 0.5940
vt 0.2190 0.6466
vt 0.2190 0.6991
vt 0.2190 0.7517
vt 0.2190 0.8042
vt 0.2190 0.3312
vt 0.4634 0.8512
vt 0.4240 0.8512
vt 0.4240 0.2843
vt 0.4634 0.2843
vt 0.2756 0.8042
vt 0.2473 0.8042
vt 0.2473 0.7517
vt 0.2756 0.7517
vt 0.2756 0.3838
vt 0.2473 0.3838
vt 0.2473 0.3312
vt 0.2756 0.3312
vt 0.4240 0.8512
vt 0.4634 0.8512
vt 0.4634 0.2843
vt 0.4240 0.2843
vt 0.7389 0.8512
vt 0.7783 0.8512
vt 0.7783 0.2843
vt 0.7389 0.2843
vt 0.7547 0.8512
vt 0.7311 0.8512
vt 0.7311 0.2843
vt 0.7547 0.2843
vt 0.8468 0.7867
vt 0.8704 0.7867
vt 0.8704 0.2198
vt 0.8468 0.2198
vt 0.5946 0.8481
vt 0.5710 0.8481
vt 0.5710 0.2812
vt 0.5946 0.2812
vt 0.8135 0.7727
vt 0.8135 0.7412
vt 0.3464 0.7517
vt 0.3888 0.7517
vt 0.3888 0.8042
vt 0.3464 0.8042
vt 0.3464 0.6781
vt 0.3888 0.6781
vt 0.3888 0.6150
vt 0.3464 0.6150
vt 0.3464 0.3838
vt 0.3888 0.3838
vt 0.3888 0.3312
vt 0.3464 0.3312
vt 0.3464 0.7727
vt 0.3888 0.7727
vt 0.3888 0.8042
vt 0.3464 0.8042
vt 0.3322 0.3838
vt 0.3888 0.3838
vt 0.3888 0.3312
vt 0.3322 0.3312
vt 0.2473 0.3838
vt 0.2190 0.3838
vt 0.2190 0.3312
vt 0.2473 0.3312
vt 0.3322 0.3838
vt 0.3322 0.3312
vt 0.2473 0.3838
vt 0.2756 0.3838
vt 0.2756 0.3312
vt 0.2473 0.3312
vt 0.3464 0.6150
vt 0.3888 0.6150
vt 0.3888 0.6781
vt 0.3464 0.6781
vt 0.3888 0.7412
vt 0.3464 0.7412
vt 0.3464 0.7727
vt 0.3888 0.7727
vt 0.3888 0.7412
vt 0.3464 0.7412
vt 0.2756 0.8042
vt 0.3322 0.8042
vt 0.3322 0.7517
vt 0.2756 0.7517
vt 0.3322 0.6991
vt 0.2756 0.6991
vt 0.3322 0.6466
vt 0.2756 0.6466
vt 0.3322 0.5940
vt 0.2756 0.5940
vt 0.3322 0.5414
vt 0.2756 0.5414
vt 0.3322 0.4889
vt 0.2756 0.4889
vt 0.3322 0.4363
vt 0.2756 0.4363
vt 0.2473 0.8042
vt 0.2473 0.7517
vt 0.2473 0.6991
vt 0.2473 0.6466
vt 0.2473 0.5940
vt 0.2473 0.5414
vt 0.2473 0.4889
vt 0.2473 0.4363
vt 0.3322 0.8042
vt 0.2756 0.8042
vt 0.2756 0.7517
vt 0.3322 0.7517
vt 0.2756 0.6991
vt 0.3322 0.6991
vt 0.2756 0.6466
vt 0.3322 0.6466
vt 0.2756 0.5940
vt 0.3322 0.5940
vt 0.2756 0.5414
vt 0.3322 0.5414
vt 0.2756 0.4889
vt 0.3322 0.4889
vt 0.2756 0.4363
vt 0.3322 0.4363
vt 0.2756 0.3838
vt 0.3888 0.8042
vt 0.3888 0.7517
vt 0.3888 0.6991
vt 0.3888 0.6466
vt 0.3888 0.5940
vt 0.3888 0.5414
vt 0.3888 0.4889
vt 0.3888 0.4363
vt 0.2473 0.8042
vt 0.2190 0.8042
vt 0.2190 0.7517
vt 0.2473 0.7517
vt 0.2190 0.6991
vt 0.2473 0.6991
vt 0.2190 0.6466
vt 0.2473 0.6466
vt 0.2190 0.5940
vt 0.2473 0.5940
vt 0.2190 0.5414
vt 0.2473 0.5414
vt 0.2190 0.4889
vt 0.2473 0.4889
vt 0.2190 0.4363
vt 0.2473 0.4363
vt 0.3888 0.8042
vt 0.3888 0.7517
vt 0.3888 0.6991
vt 0.3888 0.6466
vt 0.3888 0.5940
vt 0.3888 0.5414
vt 0.3888 0.4889
vt 0.3888 0.4363
vt 0.3464 0.8042
vt 0.3464 0.7517
vt 0.3464 0.6991
vt 0.3464 0.6466
vt 0.3464 0.5940
vt 0.3464 0.5414
vt 0.3464 0.4889
vt 0.3464 0.4363
vt 0.3464 0.3312
vt 0.3888 0.3312
vt 0.3888 0.3838
vt 0.3464 0.3838
vt 0.3888 0.4363
vt 0.3464 0.4363
vt 0.3888 0.4889
vt 0.3464 0.4889
vt 0.3888 0.5414
vt 0.3464 0.5414
vt 0.3888 0.5940
vt 0.3464 0.5940
vt 0.3888 0.6466
vt 0.3464 0.6466
vt 0.3888 0.6991
vt 0.3464 0.6991
vt 0.2756 0.3312
vt 0.7783 0.8512
vt 0.7389 0.8512
vt 0.7389 0.2843
vt 0.7783 0.2843
vt 0.2190 0.4363
vt 0.2190 0.3838
vt 0.2190 0.4889
vt 0.2190 0.5414
vt 0.2190 0.5940
vt 0.2190 0.6466
vt 0.2190 0.6991
vt 0.2190 0.7517
vt 0.2190 0.8042
vt 0.2190 0.3312
vt 0.4634 0.8512
vt 0.4240 0.8512
vt 0.4240 0.2843
vt 0.4634 0.2843
vt 0.2756 0.8042
vt 0.2473 0.8042
vt 0.2473 0.7517
vt 0.2756 0.7517
vt 0.2756 0.3838
vt 0.2473 0.3838
vt 0.2473 0.3312
vt 0.2756 0.3312
vt 0.4240 0.8512
vt 0.4634 0.8512
vt 0.4634 0.2843
vt 0.4240 0.2843
vt 0.7389 0.8512
vt 0.7783 0.8512
vt 0.7783 0.2843
vt 0.7389 0.2843
vt 0.7547 0.8512
vt 0.7311 0.8512
vt 0.7311 0.2843
vt 0.7547 0.2843
vt 0.8468 0.7867
vt 0.8704 0.7867
vt 0.8704 0.2198
vt 0.8468 0.2198
vt 0.5946 0.8481
vt 0.5710 0.8481
vt 0.5710 0.2812
vt 0.5946 0.2812
vt 0.8135 0.7727
vt 0.8135 0.7412
vt 0.3464 0.7517
vt 0.3888 0.7517
vt 0.3888 0.8042
vt 0.3464 0.8042
vt 0.3464 0.6781
vt 0.3888 0.6781
vt 0.3888 0.6150
vt 0.3464 0.6150
vt 0.3464 0.3838
vt 0.3888 0.3838
vt 0.3888 0.3312
vt 0.3464 0.3312
vt 0.3464 0.7727
vt 0.3888 0.7727
vt 0.3888 0.8042
vt 0.3464 0.8042
vt 0.3322 0.3838
vt 0.3888 0.3838
vt 0.3888 0.3312
vt 0.3322 0.3312
vt 0.2473 0.3838
vt 0.2190 0.3838
vt 0.2190 0.3312
vt 0.2473 0.3312
vt 0.3322 0.3838
vt 0.3322 0.3312
vt 0.2473 0.3838
vt 0.2756 0.3838
vt 0.2756 0.3312
vt 0.2473 0.3312
vt 0.3464 0.6150
vt 0.3888 0.6150
vt 0.3888 0.6781
vt 0.3464 0.6781
vt 0.3888 0.7412
vt 0.3464 0.7412
vt 0.3464 0.7727
vt 0.3888 0.7727
vt 0.3888 0.7412
vt 0.3464 0.7412
vt 0.2756 0.8042
vt 0.3322 0.8042
vt 0.3322 0.7517
vt 0.2756 0.7517
vt 0.3322 0.6991
vt 0.2756 0.6991
vt 0.3322 0.6466
vt 0.2756 0.6466
vt 0.3322 0.5940
vt 0.2756 0.5940
vt 0.3322 0.5414
vt 0.2756 0.5414
vt 0.3322 0.4889
vt 0.2756 0.4889
vt 0.3322 0.4363
vt 0.2756 0.4363
vt 0.2473 0.8042
vt 0.2473 0.7517
vt 0.2473 0.6991
vt 0.2473 0.6466
vt 0.2473 0.5940
vt 0.2473 0.5414
vt 0.2473 0.4889
vt 0.2473 0.4363
vt 0.3322 0.8042
vt 0.2756 0.8042
vt 0.2756 0.7517
vt 0.3322 0.7517
vt 0.2756 0.6991
vt 0.3322 0.6991
vt 0.2756 0.6466
vt 0.3322 0.6466
vt 0.2756 0.5940
vt 0.3322 0.5940
vt 0.2756 0.5414
vt 0.3322 0.5414
vt 0.2756 0.4889
vt 0.3322 0.4889
vt 0.2756 0.4363
vt 0.3322 0.4363
vt 0.2756 0.3838
vt 0.3888 0.8042
vt 0.3888 0.7517
vt 0.3888 0.6991
vt 0.3888 0.6466
vt 0.3888 0.5940
vt 0.3888 0.5414
vt 0.3888 0.4889
vt 0.3888 0.4363
vt 0.2473 0.8042
vt 0.2190 0.8042
vt 0.2190 0.7517
vt 0.2473 0.7517
vt 0.2190 0.6991
vt 0.2473 0.6991
vt 0.2190 0.6466
vt 0.2473 0.6466
vt 0.2190 0.5940
vt 0.2473 0.5940
vt 0.2190 0.5414
vt 0.2473 0.5414
vt 0.2190 0.4889
vt 0.2473 0.4889
vt 0.2190 0.4363
vt 0.2473 0.4363
vt 0.3888 0.8042
vt 0.3888 0.7517
vt 0.3888 0.6991
vt 0.3888 0.6466
vt 0.3888 0.5940
vt 0.3888 0.5414
vt 0.3888 0.4889
vt 0.3888 0.4363
vt 0.3464 0.8042
vt 0.3464 0.7517
vt 0.3464 0.6991
vt 0.3464 0.6466
vt 0.3464 0.5940
vt 0.3464 0.5414
vt 0.3464 0.4889
vt 0.3464 0.4363
vt 0.3464 0.3312
vt 0.3888 0.3312
vt 0.3888 0.3838
vt 0.3464 0.3838
vt 0.3888 0.4363
vt 0.3464 0.4363
vt 0.3888 0.4889
vt 0.3464 0.4889
vt 0.3888 0.5414
vt 0.3464 0.5414
vt 0.3888 0.5940
vt 0.3464 0.5940
vt 0.3888 0.6466
vt 0.3464 0.6466
vt 0.3888 0.6991
vt 0.3464 0.6991
vt 0.2756 0.3312
vt 0.7783 0.8512
vt 0.7389 0.8512
vt 0.7389 0.2843
vt 0.7783 0.2843
vt 0.2190 0.4363
vt 0.2190 0.3838
vt 0.2190 0.4889
vt 0.2190 0.5414
vt 0.2190 0.5940
vt 0.2190 0.6466
vt 0.2190 0.6991
vt 0.2190 0.7517
vt 0.2190 0.8042
vt 0.2190 0.3312
vt 0.4634 0.8512
vt 0.4240 0.8512
vt 0.4240 0.2843
vt 0.4634 0.2843
vt 0.2756 0.8042
vt 0.2473 0.8042
vt 0.2473 0.7517
vt 0.2756 0.7517
vt 0.2756 0.3838
vt 0.2473 0.3838
vt 0.2473 0.3312
vt 0.2756 0.3312
vt 0.4240 0.8512
vt 0.4634 0.8512
vt 0.4634 0.2843
vt 0.4240 0.2843
vt 0.7389 0.8512
vt 0.7783 0.8512
vt 0.7783 0.2843
vt 0.7389 0.2843
vt 0.7547 0.8512
vt 0.7311 0.8512
vt 0.7311 0.2843
vt 0.7547 0.2843
vt 0.8468 0.7867
vt 0.8704 0.7867
vt 0.8704 0.2198
vt 0.8468 0.2198
vt 0.5946 0.8481
vt 0.5710 0.8481
vt 0.5710 0.2812
vt 0.5946 0.2812
vt 0.8135 0.7727
vt 0.8135 0.7412
vt 0.3464 0.7517
vt 0.3888 0.7517
vt 0.3888 0.8042
vt 0.3464 0.8042
vt 0.3464 0.6781
vt 0.3888 0.6781
vt 0.3888 0.6150
vt 0.3464 0.6150
vt 0.3464 0.3838
vt 0.3888 0.3838
vt 0.3888 0.3312
vt 0.3464 0.3312
vt 0.3464 0.7727
vt 0.3888 0.7727
vt 0.3888 0.8042
vt 0.3464 0.8042
vt 0.3322 0.3838
vt 0.3888 0.3838
vt 0.3888 0.3312
vt 0.3322 0.3312
vt 0.2473 0.3838
vt 0.2190 0.3838
vt 0.2190 0.3312
vt 0.2473 0.3312
vt 0.3322 0.3838
vt 0.3322 0.3312
vt 0.2473 0.3838
vt 0.2756 0.3838
vt 0.2756 0.3312
vt 0.2473 0.3312
vt 0.3464 0.6150
vt 0.3888 0.6150
vt 0.3888 0.6781
vt 0.3464 0.6781
vt 0.3888 0.7412
vt 0.3464 0.7412
vt 0.3464 0.7727
vt 0.3888 0.7727
vt 0.3888 0.7412
vt 0.3464 0.7412
vt 0.2756 0.8042
vt 0.3322 0.8042
vt 0.3322 0.7517
vt 0.2756 0.7517
vt 0.3322 0.6991
vt 0.2756 0.6991
vt 0.3322 0.6466
vt 0.2756 0.6466
vt 0.3322 0.5940
vt 0.2756 0.5940
vt 0.3322 0.5414
vt 0.2756 0.5414
vt 0.3322 0.4889
vt 0.2756 0.4889
vt 0.3322 0.4363
vt 0.2756 0.4363
vt 0.2473 0.8042
vt 0.2473 0.7517
vt 0.2473 0.6991
vt 0.2473 0.6466
vt 0.2473 0.5940
vt 0.2473 0.5414
vt 0.2473 0.4889
vt 0.2473 0.4363
vt 0.3322 0.8042
vt 0.2756 0.8042
vt 0.2756 0.7517
vt 0.3322 0.7517
vt 0.2756 0.6991
vt 0.3322 0.6991
vt 0.2756 0.6466
vt 0.3322 0.6466
vt 0.2756 0.5940
vt 0.3322 0.5940
vt 0.2756 0.5414
vt 0.3322 0.5414
vt 0.2756 0.4889
vt 0.3322 0.4889
vt 0.2756 0.4363
vt 0.3322 0.4363
vt 0.2756 0.3838
vt 0.3888 0.8042
vt 0.3888 0.7517
vt 0.3888 0.6991
vt 0.3888 0.6466
vt 0.3888 0.5940
vt 0.3888 0.5414
vt 0.3888 0.4889
vt 0.3888 0.4363
vt 0.2473 0.8042
vt 0.2190 0.8042
vt 0.2190 0.7517
vt 0.2473 0.7517
vt 0.2190 0.6991
vt 0.2473 0.6991
vt 0.2190 0.6466
vt 0.2473 0.6466
vt 0.2190 0.5940
vt 0.2473 0.5940
vt 0.2190 0.5414
vt 0.2473 0.5414
vt 0.2190 0.4889
vt 0.2473 0.4889
vt 0.2190 0.4363
vt 0.2473 0.4363
vt 0.3888 0.8042
vt 0.3888 0.7517
vt 0.3888 0.6991
vt 0.3888 0.6466
vt 0.3888 0.5940
vt 0.3888 0.5414
vt 0.3888 0.4889
vt 0.3888 0.4363
vt 0.3464 0.8042
vt 0.3464 0.7517
vt 0.3464 0.6991
vt 0.3464 0.6466
vt 0.3464 0.5940
vt 0.3464 0.5414
vt 0.3464 0.4889
vt 0.3464 0.4363
vt 0.3464 0.3312
vt 0.3888 0.3312
vt 0.3888 0.3838
vt 0.3464 0.3838
vt 0.3888 0.4363
vt 0.3464 0.4363
vt 0.3888 0.4889
vt 0.3464 0.4889
vt 0.3888 0.5414
vt 0.3464 0.5414
vt 0.3888 0.5940
vt 0.3464 0.5940
vt 0.3888 0.6466
vt 0.3464 0.6466
vt 0.3888 0.6991
vt 0.3464 0.6991
vt 0.2756 0.3312
vt 0.7783 0.8512
vt 0.7389 0.8512
vt 0.7389 0.2843
vt 0.7783 0.2843
vt 0.2190 0.4363
vt 0.2190 0.3838
vt 0.2190 0.4889
vt 0.2190 0.5414
vt 0.2190 0.5940
vt 0.2190 0.6466
vt 0.2190 0.6991
vt 0.2190 0.7517
vt 0.2190 0.8042
vt 0.2190 0.3312
vt 0.4634 0.8512
vt 0.4240 0.8512
vt 0.4240 0.2843
vt 0.4634 0.2843
vt 0.2756 0.8042
vt 0.2473 0.8042
vt 0.2473 0.7517
vt 0.2756 0.7517
vt 0.2756 0.3838
vt 0.2473 0.3838
vt 0.2473 0.3312
vt 0.2756 0.3312
vt 0.4240 0.8512
vt 0.4634 0.8512
vt 0.4634 0.2843
vt 0.4240 0.2843
vt 0.7389 0.8512
vt 0.7783 0.8512
vt 0.7783 0.2843
vt 0.7389 0.2843
vt 0.7547 0.8512
vt 0.7311 0.8512
vt 0.7311 0.2843
vt 0.7547 0.2843
vt 0.8468 0.7867
vt 0.8704 0.7867
vt 0.8704 0.2198
vt 0.8468 0.2198
vt 0.5946 0.8481
vt 0.5710 0.8481
vt 0.5710 0.2812
vt 0.5946 0.2812
vt 0.8135 0.7727
vt 0.8135 0.7412
vt 0.3464 0.7517
vt 0.3888 0.7517
vt 0.3888 0.8042
vt 0.3464 0.8042
vt 0.3464 0.6781
vt 0.3888 0.6781
vt 0.3888 0.6150
vt 0.3464 0.6150
vt 0.3464 0.3838
vt 0.3888 0.3838
vt 0.3888 0.3312
vt 0.3464 0.3312
vt 0.3464 0.7727
vt 0.3888 0.7727
vt 0.3888 0.8042
vt 0.3464 0.8042
vt 0.3322 0.3838
vt 0.3888 0.3838
vt 0.3888 0.3312
vt 0.3322 0.3312
vt 0.2473 0.3838
vt 0.2190 0.3838
vt 0.2190 0.3312
vt 0.2473 0.3312
vt 0.3322 0.3838
vt 0.3322 0.3312
vt 0.2473 0.3838
vt 0.2756 0.3838
vt 0.2756 0.3312
vt 0.2473 0.3312
vt 0.3464 0.6150
vt 0.3888 0.6150
vt 0.3888 0.6781
vt 0.3464 0.6781
vt 0.3888 0.7412
vt 0.3464 0.7412
vt 0.3464 0.7727
vt 0.3888 0.7727
vt 0.3888 0.7412
vt 0.3464 0.7412
vt 0.2756 0.8042
vt 0.3322 0.8042
vt 0.3322 0.7517
vt 0.2756 0.7517
vt 0.3322 0.6991
vt 0.2756 0.6991
vt 0.3322 0.6466
vt 0.2756 0.6466
vt 0.3322 0.5940
vt 0.2756 0.5940
vt 0.3322 0.5414
vt 0.2756 0.5414
vt 0.3322 0.4889
vt 0.2756 0.4889
vt 0.3322 0.4363
vt 0.2756 0.4363
vt 0.2473 0.8042
vt 0.2473 0.7517
vt 0.2473 0.6991
vt 0.2473 0.6466
vt 0.2473 0.5940
vt 0.2473 0.5414
vt 0.2473 0.4889
vt 0.2473 0.4363
vt 0.3322 0.8042
vt 0.2756 0.8042
vt 0.2756 0.7517
vt 0.3322 0.7517
vt 0.2756 0.6991
vt 0.3322 0.6991
vt 0.2756 0.6466
vt 0.3322 0.6466
vt 0.2756 0.5940
vt 0.3322 0.5940
vt 0.2756 0.5414
vt 0.3322 0.5414
vt 0.2756 0.4889
vt 0.3322 0.4889
vt 0.2756 0.4363
vt 0.3322 0.4363
vt 0.2756 0.3838
vt 0.3888 0.8042
vt 0.3888 0.7517
vt 0.3888 0.6991
vt 0.3888 0.6466
vt 0.3888 0.5940
vt 0.3888 0.5414
vt 0.3888 0.4889
vt 0.3888 0.4363
vt 0.2473 0.8042
vt 0.2190 0.8042
vt 0.2190 0.7517
vt 0.2473 0.7517
vt 0.2190 0.6991
vt 0.2473 0.6991
vt 0.2190 0.6466
vt 0.2473 0.6466
vt 0.2190 0.5940
vt 0.2473 0.5940
vt 0.2190 0.5414
vt 0.2473 0.5414
vt 0.2190 0.4889
vt 0.2473 0.4889
vt 0.2190 0.4363
vt 0.2473 0.4363
vt 0.3888 0.8042
vt 0.3888 0.7517
vt 0.3888 0.6991
vt 0.3888 0.6466
vt 0.3888 0.5940
vt 0.3888 0.5414
vt 0.3888 0.4889
vt 0.3888 0.4363
vt 0.3464 0.8042
vt 0.3464 0.7517
vt 0.3464 0.6991
vt 0.3464 0.6466
vt 0.3464 0.5940
vt 0.3464 0.5414
vt 0.3464 0.4889
vt 0.3464 0.4363
vt 0.3464 0.3312
vt 0.3888 0.3312
vt 0.3888 0.3838
vt 0.3464 0.3838
vt 0.3888 0.4363
vt 0.3464 0.4363
vt 0.3888 0.4889
vt 0.3464 0.4889
vt 0.3888 0.5414
vt 0.3464 0.5414
vt 0.3888 0.5940
vt 0.3464 0.5940
vt 0.3888 0.6466
vt 0.3464 0.6466
vt 0.3888 0.6991
vt 0.3464 0.6991
vt 0.2756 0.3312
vt 0.7783 0.8512
vt 0.7389 0.8512
vt 0.7389 0.2843
vt 0.7783 0.2843
vt 0.2190 0.4363
vt 0.2190 0.3838
vt 0.2190 0.4889
vt 0.2190 0.5414
vt 0.2190 0.5940
vt 0.2190 0.6466
vt 0.2190 0.6991
vt 0.2190 0.7517
vt 0.2190 0.8042
vt 0.2190 0.3312
vt 0.4634 0.8512
vt 0.4240 0.8512
vt 0.4240 0.2843
vt 0.4634 0.2843
vt 0.2756 0.8042
vt 0.2473 0.8042
vt 0.2473 0.7517
vt 0.2756 0.7517
vt 0.2756 0.3838
vt 0.2473 0.3838
vt 0.2473 0.3312
vt 0.2756 0.3312
vt 0.4240 0.8512
vt 0.4634 0.8512
vt 0.4634 0.2843
vt 0.4240 0.2843
vt 0.7389 0.8512
vt 0.7783 0.8512
vt 0.7783 0.2843
vt 0.7389 0.2843
vt 0.7547 0.8512
vt 0.7311 0.8512
vt 0.7311 0.2843
vt 0.7547 0.2843
vt 0.8468 0.7867
vt 0.8704 0.7867
vt 0.8704 0.2198
vt 0.8468 0.2198
vt 0.5946 0.8481
vt 0.5710 0.8481
vt 0.5710 0.2812
vt 0.5946 0.2812
vt 0.8135 0.7727
vt 0.8135 0.7412
vt 0.3464 0.7517
vt 0.3888 0.7517
vt 0.3888 0.8042
vt 0.3464 0.8042
vt 0.3464 0.6781
vt 0.3888 0.6781
vt 0.3888 0.6150
vt 0.3464 0.6150
vt 0.3464 0.3838
vt 0.3888 0.3838
vt 0.3888 0.3312
vt 0.3464 0.3312
vt 0.3464 0.7727
vt 0.3888 0.7727
vt 0.3888 0.8042
vt 0.3464 0.8042
vt 0.3322 0.3838
vt 0.3888 0.3838
vt 0.3888 0.3312
vt 0.3322 0.3312
vt 0.2473 0.3838
vt 0.2190 0.3838
vt 0.2190 0.3312
vt 0.2473 0.3312
vt 0.3322 0.3838
vt 0.3322 0.3312
vt 0.2473 0.3838
vt 0.2756 0.3838
vt 0.2756 0.3312
vt 0.2473 0.3312
vt 0.3464 0.6150
vt 0.3888 0.6150
vt 0.3888 0.6781
vt 0.3464 0.6781
vt 0.3888 0.7412
vt 0.3464 0.7412
vt 0.3464 0.7727
vt 0.3888 0.7727
vt 0.3888 0.7412
vt 0.3464 0.7412
vt 0.2756 0.8042
vt 0.3322 0.8042
vt 0.3322 0.7517
vt 0.2756 0.7517
vt 0.3322 0.6991
vt 0.2756 0.6991
vt 0.3322 0.6466
vt 0.2756 0.6466
vt 0.3322 0.5940
vt 0.2756 0.5940
vt 0.3322 0.5414
vt 0.2756 0.5414
vt 0.3322 0.4889
vt 0.2756 0.4889
vt 0.3322 0.4363
vt 0.2756 0.4363
vt 0.2473 0.8042
vt 0.2473 0.7517
vt 0.2473 0.6991
vt 0.2473 0.6466
vt 0.2473 0.5940
vt 0.2473 0.5414
vt 0.2473 0.4889
vt 0.2473 0.4363
vt 0.3322 0.8042
vt 0.2756 0.8042
vt 0.2756 0.7517
vt 0.3322 0.7517
vt 0.2756 0.6991
vt 0.3322 0.6991
vt 0.2756 0.6466
vt 0.3322 0.6466
vt 0.2756 0.5940
vt 0.3322 0.5940
vt 0.2756 0.5414
vt 0.3322 0.5414
vt 0.2756 0.4889
vt 0.3322 0.4889
vt 0.2756 0.4363
vt 0.3322 0.4363
vt 0.2756 0.3838
vt 0.3888 0.8042
vt 0.3888 0.7517
vt 0.3888 0.6991
vt 0.3888 0.6466
vt 0.3888 0.5940
vt 0.3888 0.5414
vt 0.3888 0.4889
vt 0.3888 0.4363
vt 0.2473 0.8042
vt 0.2190 0.8042
vt 0.2190 0.7517
vt 0.2473 0.7517
vt 0.2190 0.6991
vt 0.2473 0.6991
vt 0.2190 0.6466
vt 0.2473 0.6466
vt 0.2190 0.5940
vt 0.2473 0.5940
vt 0.2190 0.5414
vt 0.2473 0.5414
vt 0.2190 0.4889
vt 0.2473 0.4889
vt 0.2190 0.4363
vt 0.2473 0.4363
vt 0.3888 0.8042
vt 0.3888 0.7517
vt 0.3888 0.6991
vt 0.3888 0.6466
vt 0.3888 0.5940
vt 0.3888 0.5414
vt 0.3888 0.4889
vt 0.3888 0.4363
vt 0.3464 0.8042
vt 0.3464 0.7517
vt 0.3464 0.6991
vt 0.3464 0.6466
vt 0.3464 0.5940
vt 0.3464 0.5414
vt 0.3464 0.4889
vt 0.3464 0.4363
vt 0.3464 0.3312
vt 0.3888 0.3312
vt 0.3888 0.3838
vt 0.3464 0.3838
vt 0.3888 0.4363
vt 0.3464 0.4363
vt 0.3888 0.4889
vt 0.3464 0.4889
vt 0.3888 0.5414
vt 0.3464 0.5414
vt 0.3888 0.5940
vt 0.3464 0.5940
vt 0.3888 0.6466
vt 0.3464 0.6466
vt 0.3888 0.6991
vt 0.3464 0.6991
vt 0.2756 0.3312
vt 0.7783 0.8512
vt 0.7389 0.8512
vt 0.7389 0.2843
vt 0.7783 0.2843
vt 0.2190 0.4363
vt 0.2190 0.3838
vt 0.2190 0.4889
vt 0.2190 0.5414
vt 0.2190 0.5940
vt 0.2190 0.6466
vt 0.2190 0.6991
vt 0.2190 0.7517
vt 0.2190 0.8042
vt 0.2190 0.3312
vt 0.4634 0.8512
vt 0.4240 0.8512
vt 0.4240 0.2843
vt 0.4634 0.2843
vt 0.2756 0.8042
vt 0.2473 0.8042
vt 0.2473 0.7517
vt 0.2756 0.7517
vt 0.2756 0.3838
vt 0.2473 0.3838
vt 0.2473 0.3312
vt 0.2756 0.3312
vt 0.4240 0.8512
vt 0.4634 0.8512
vt 0.4634 0.2843
vt 0.4240 0.2843
vt 0.7389 0.8512
vt 0.7783 0.8512
vt 0.7783 0.2843
vt 0.7389 0.2843
vt 0.7547 0.8512
vt 0.7311 0.8512
vt 0.7311 0.2843
vt 0.7547 0.2843
vt 0.8468 0.7867
vt 0.8704 0.7867
vt 0.8704 0.2198
vt 0.8468 0.2198
vt 0.5946 0.8481
vt 0.5710 0.8481
vt 0.5710 0.2812
vt 0.5946 0.2812
vt 0.8135 0.7727
vt 0.8135 0.7412
vt 0.3464 0.7517
vt 0.3888 0.7517
vt 0.3888 0.8042
vt 0.3464 0.8042
vt 0.3464 0.6781
vt 0.3888 0.6781
vt 0.3888 0.6150
vt 0.3464 0.6150
vt 0.3464 0.3838
vt 0.3888 0.3838
vt 0.3888 0.3312
vt 0.3464 0.3312
vt 0.3464 0.7727
vt 0.3888 0.7727
vt 0.3888 0.8042
vt 0.3464 0.8042
vt 0.3322 0.3838
vt 0.3888 0.3838
vt 0.3888 0.3312
vt 0.3322 0.3312
vt 0.2473 0.3838
vt 0.2190 0.3838
vt 0.2190 0.3312
vt 0.2473 0.3312
vt 0.3322 0.3838
vt 0.3322 0.3312
vt 0.2473 0.3838
vt 0.2756 0.3838
vt 0.2756 0.3312
vt 0.2473 0.3312
vt 0.3464 0.6150
vt 0.3888 0.6150
vt 0.3888 0.6781
vt 0.3464 0.6781
vt 0.3888 0.7412
vt 0.3464 0.7412
vt 0.3464 0.7727
vt 0.3888 0.7727
vt 0.3888 0.7412
vt 0.3464 0.7412
vt 0.2756 0.8042
vt 0.3322 0.8042
vt 0.3322 0.7517
vt 0.2756 0.7517
vt 0.3322 0.6991
vt 0.2756 0.6991
vt 0.3322 0.6466
vt 0.2756 0.6466
vt 0.3322 0.5940
vt 0.2756 0.5940
vt 0.3322 0.5414
vt 0.2756 0.5414
vt 0.3322 0.4889
vt 0.2756 0.4889
vt 0.3322 0.4363
vt 0.2756 0.4363
vt 0.2473 0.8042
vt 0.2473 0.7517
vt 0.2473 0.6991
vt 0.2473 0.6466
vt 0.2473 0.5940
vt 0.2473 0.5414
vt 0.2473 0.4889
vt 0.2473 0.4363
vt 0.3322 0.8042
vt 0.2756 0.8042
vt 0.2756 0.7517
vt 0.3322 0.7517
vt 0.2756 0.6991
vt 0.3322 0.6991
vt 0.2756 0.6466
vt 0.3322 0.6466
vt 0.2756 0.5940
vt 0.3322 0.5940
vt 0.2756 0.5414
vt 0.3322 0.5414
vt 0.2756 0.4889
vt 0.3322 0.4889
vt 0.2756 0.4363
vt 0.3322 0.4363
vt 0.2756 0.3838
vt 0.3888 0.8042
vt 0.3888 0.7517
vt 0.3888 0.6991
vt 0.3888 0.6466
vt 0.3888 0.5940
vt 0.3888 0.5414
vt 0.3888 0.4889
vt 0.3888 0.4363
vt 0.2473 0.8042
vt 0.2190 0.8042
vt 0.2190 0.7517
vt 0.2473 0.7517
vt 0.2190 0.6991
vt 0.2473 0.6991
vt 0.2190 0.6466
vt 0.2473 0.6466
vt 0.2190 0.5940
vt 0.2473 0.5940
vt 0.2190 0.5414
vt 0.2473 0.5414
vt 0.2190 0.4889
vt 0.2473 0.4889
vt 0.2190 0.4363
vt 0.2473 0.4363
vt 0.3888 0.8042
vt 0.3888 0.7517
vt 0.3888 0.6991
vt 0.3888 0.6466
vt 0.3888 0.5940
vt 0.3888 0.5414
vt 0.3888 0.4889
vt 0.3888 0.4363
vt 0.3464 0.8042
vt 0.3464 0.7517
vt 0.3464 0.6991
vt 0.3464 0.6466
vt 0.3464 0.5940
vt 0.3464 0.5414
vt 0.3464 0.4889
vt 0.3464 0.4363
vt 0.3464 0.3312
vt 0.3888 0.3312
vt 0.3888 0.3838
vt 0.3464 0.3838
vt 0.3888 0.4363
vt 0.3464 0.4363
vt 0.3888 0.4889
vt 0.3464 0.4889
vt 0.3888 0.5414
vt 0.3464 0.5414
vt 0.3888 0.5940
vt 0.3464 0.5940
vt 0.3888 0.6466
vt 0.3464 0.6466
vt 0.3888 0.6991
vt 0.3464 0.6991
vt 0.2756 0.3312
vt 0.7783 0.8512
vt 0.7389 0.8512
vt 0.7389 0.2843
vt 0.7783 0.2843
vt 0.2190 0.4363
vt 0.2190 0.3838
vt 0.2190 0.4889
vt 0.2190 0.5414
vt 0.2190 0.5940
vt 0.2190 0.6466
vt 0.2190 0.6991
vt 0.2190 0.7517
vt 0.2190 0.8042
vt 0.2190 0.3312
vt 0.4634 0.8512
vt 0.4240 0.8512
vt 0.4240 0.2843
vt 0.4634 0.2843
vt 0.2756 0.8042
vt 0.2473 0.8042
vt 0.2473 0.7517
vt 0.2756 0.7517
vt 0.2756 0.3838
vt 0.2473 0.3838
vt 0.2473 0.3312
vt 0.2756 0.3312
vt 0.4240 0.8512
vt 0.4634 0.8512
vt 0.4634 0.2843
vt 0.4240 0.2843
vt 0.7389 0.8512
vt 0.7783 0.8512
vt 0.7783 0.2843
vt 0.7389 0.2843
vt 0.7547 0.8512
vt 0.7311 0.8512
vt 0.7311 0.2843
vt 0.7547 0.2843
vt 0.8468 0.7867
vt 0.8704 0.7867
vt 0.8704 0.2198
vt 0.8468 0.2198
vt 0.5946 0.8481
vt 0.5710 0.8481
vt 0.5710 0.2812
vt 0.5946 0.2812
vt 0.8135 0.7727
vt 0.8135 0.7412
vt 0.3464 0.7517
vt 0.3888 0.7517
vt 0.3888 0.8042
vt 0.3464 0.8042
vt 0.3464 0.6781
vt 0.3888 0.6781
vt 0.3888 0.6150
vt 0.3464 0.6150
vt 0.3464 0.3838
vt 0.3888 0.3838
vt 0.3888 0.3312
vt 0.3464 0.3312
vt 0.3464 0.7727
vt 0.3888 0.7727
vt 0.3888 0.8042
vt 0.3464 0.8042
vt 0.3322 0.3838
vt 0.3888 0.3838
vt 0.3888 0.3312
vt 0.3322 0.3312
vt 0.2473 0.3838
vt 0.2190 0.3838
vt 0.2190 0.3312
vt 0.2473 0.3312
vt 0.3322 0.3838
vt 0.3322 0.3312
vt 0.2473 0.3838
vt 0.2756 0.3838
vt 0.2756 0.3312
vt 0.2473 0.3312
vt 0.3464 0.6150
vt 0.3888 0.6150
vt 0.3888 0.6781
vt 0.3464 0.6781
vt 0.3888 0.7412
vt 0.3464 0.7412
vt 0.3464 0.7727
vt 0.3888 0.7727
vt 0.3888 0.7412
vt 0.3464 0.7412
vt 0.2756 0.8042
vt 0.3322 0.8042
vt 0.3322 0.7517
vt 0.2756 0.7517
vt 0.3322 0.6991
vt 0.2756 0.6991
vt 0.3322 0.6466
vt 0.2756 0.6466
vt 0.3322 0.5940
vt 0.2756 0.5940
vt 0.3322 0.5414
vt 0.2756 0.5414
vt 0.3322 0.4889
vt 0.2756 0.4889
vt 0.3322 0.4363
vt 0.2756 0.4363
vt 0.2473 0.8042
vt 0.2473 0.7517
vt 0.2473 0.6991
vt 0.2473 0.6466
vt 0.2473 0.5940
vt 0.2473 0.5414
vt 0.2473 0.4889
vt 0.2473 0.4363
vt 0.3322 0.8042
vt 0.2756 0.8042
vt 0.2756 0.7517
vt 0.3322 0.7517
vt 0.2756 0.6991
vt 0.3322 0.6991
vt 0.2756 0.6466
vt 0.3322 0.6466
vt 0.2756 0.5940
vt 0.3322 0.5940
vt 0.2756 0.5414
vt 0.3322 0.5414
vt 0.2756 0.4889
vt 0.3322 0.4889
vt 0.2756 0.4363
vt 0.3322 0.4363
vt 0.2756 0.3838
vt 0.3888 0.8042
vt 0.3888 0.7517
vt 0.3888 0.6991
vt 0.3888 0.6466
vt 0.3888 0.5940
vt 0.3888 0.5414
vt 0.3888 0.4889
vt 0.3888 0.4363
vt 0.2473 0.8042
vt 0.2190 0.8042
vt 0.2190 0.7517
vt 0.2473 0.7517
vt 0.2190 0.6991
vt 0.2473 0.6991
vt 0.2190 0.6466
vt 0.2473 0.6466
vt 0.2190 0.5940
vt 0.2473 0.5940
vt 0.2190 0.5414
vt 0.2473 0.5414
vt 0.2190 0.4889
vt 0.2473 0.4889
vt 0.2190 0.4363
vt 0.2473 0.4363
vt 0.3888 0.8042
vt 0.3888 0.7517
vt 0.3888 0.6991
vt 0.3888 0.6466
vt 0.3888 0.5940
vt 0.3888 0.5414
vt 0.3888 0.4889
vt 0.3888 0.4363
vt 0.3464 0.8042
vt 0.3464 0.7517
vt 0.3464 0.6991
vt 0.3464 0.6466
vt 0.3464 0.5940
vt 0.3464 0.5414
vt 0.3464 0.4889
vt 0.3464 0.4363
vt 0.3888 0.4363
vt 0.3888 0.3838
vt 0.3464 0.3312
vt 0.3888 0.3312
vt 0.3888 0.3838
vt 0.3464 0.3838
vt 0.3888 0.4363
vt 0.3464 0.4363
vt 0.3888 0.4889
vt 0.3464 0.4889
vt 0.3888 0.5414
vt 0.3464 0.5414
vt 0.3888 0.5940
vt 0.3464 0.5940
vt 0.3888 0.6466
vt 0.3464 0.6466
vt 0.3888 0.6991
vt 0.3464 0.6991
vt 0.2756 0.3312
vt 0.7783 0.8512
vt 0.7389 0.8512
vt 0.7389 0.2843
vt 0.7783 0.2843
vt 0.2190 0.4363
vt 0.2190 0.3838
vt 0.2190 0.4889
vt 0.2190 0.5414
vt 0.2190 0.5940
vt 0.2190 0.6466
vt 0.2190 0.6991
vt 0.2190 0.7517
vt 0.2190 0.8042
vt 0.2190 0.3312
vt 0.4634 0.8512
vt 0.4240 0.8512
vt 0.4240 0.2843
vt 0.4634 0.2843
vt 0.2756 0.8042
vt 0.2473 0.8042
vt 0.2473 0.7517
vt 0.2756 0.7517
vt 0.2756 0.3838
vt 0.2473 0.3838
vt 0.2473 0.3312
vt 0.2756 0.3312
vt 0.4240 0.8512
vt 0.4634 0.8512
vt 0.4634 0.2843
vt 0.4240 0.2843
vt 0.7389 0.8512
vt 0.7783 0.8512
vt 0.7783 0.2843
vt 0.7389 0.2843
vt 0.7547 0.8512
vt 0.7311 0.8512
vt 0.7311 0.2843
vt 0.7547 0.2843
vt 0.8468 0.7867
vt 0.8704 0.7867
vt 0.8704 0.2198
vt 0.8468 0.2198
vt 0.5946 0.8481
vt 0.5710 0.8481
vt 0.5710 0.2812
vt 0.5946 0.2812
vt 0.8135 0.7727
vt 0.8135 0.7412
vt 0.3464 0.4363
vt 0.3464 0.3838
vt 0.5000 1.0000
vt 0.5000 0.0000
vt 1.0552 0.0000
vt 1.0552 1.0000
vt 0.5000 1.0000
vt 1.0552 1.0000
vt 1.0552 0.0000
vt 0.5000 0.0000
vt 0.5036 -0.0123
vt 0.5036 0.9877
vt 0.5036 0.9877
vt 0.5036 -0.0123
vt 0.5889 0.4909
vt -0.0275 0.4909
vt -0.0275 0.4909
vt 0.5889 0.4909
vt 0.1808 -0.0327
vt 0.1808 0.9673
vt 0.1808 0.9673
vt 0.1808 -0.0327
vt 0.2080 0.0088
vt 0.2080 0.9678
vt 0.1741 0.9690
vt 0.1741 0.0100
vt 0.1365 0.0100
vt 0.1365 0.9690
vt 0.3888 0.4363
vt 0.3888 0.3838
vt 0.1026 0.9678
vt 0.1026 0.0088
vt 0.4803 0.7500
vt 0.4998 0.7500
vt 0.4998 0.8000
vt 0.4803 0.8000
vt 0.2080 0.0088
vt 0.2080 0.9678
vt 0.1741 0.9690
vt 0.1741 0.0100
vt 0.1365 0.0100
vt 0.1365 0.9690
vt 0.1026 0.9678
vt 0.1026 0.0088
vt 0.0001 0.0001
vt 0.6944 0.0001
vt 0.6944 0.9999
vt 0.0001 0.9999
vt 0.4803 0.7500
vt 0.4803 0.8000
vt 0.4998 0.8000
vt 0.4998 0.7500
vt 0.3464 0.3838
vt 0.3464 0.4363
vt 0.0001 0.9999
vt 0.0001 0.0001
vt 0.6944 0.0001
vt 0.6944 0.9999
vt 0.4803 0.7500
vt 0.4803 0.8000
vt 0.4998 0.8000
vt 0.4998 0.7500
vt 0.4803 0.7500
vt 0.4998 0.7500
vt 0.4998 0.8000
vt 0.4803 0.8000
vt 0.4998 0.5083
vt 0.4803 0.5083
vt 0.4803 0.9976
vt 0.4998 0.9976
vt 0.4998 0.9976
vt 0.4803 0.9976
vt 0.4803 0.5083
vt 0.4998 0.5083
vt 0.6562 0.5083
vt 0.6875 0.5083
vt 0.6875 0.9976
vt 0.6562 0.9976
vt 0.6875 0.9976
vt 0.6562 0.9976
vt 0.6562 0.5083
vt 0.6875 0.5083
vt 0.4998 0.5083
vt 0.4803 0.5083
vt 0.4803 0.9976
vt 0.4998 0.9976
vt 0.4998 0.9976
vt 0.4803 0.9976
vt 0.4803 0.5083
vt 0.4998 0.5083
vt 0.6562 0.5083
vt 0.6875 0.5083
vt 0.6875 0.9976
vt 0.6562 0.9976
vt 0.6875 0.9976
vt 0.6562 0.9976
vt 0.6562 0.5083
vt 0.6875 0.5083
vt 0.4803 0.7500
vt 0.4998 0.7500
vt 0.4998 0.8000
vt 0.4803 0.8000
vt 0.4803 0.7500
vt 0.4803 0.8000
vt 0.4998 0.8000
vt 0.4998 0.7500
vt 0.4803 0.7500
vt 0.4803 0.8000
vt 0.4998 0.8000
vt 0.4998 0.7500
vt 0.4803 0.7500
vt 0.4998 0.7500
vt 0.4998 0.8000
vt 0.4803 0.8000
vt 0.4998 0.5083
vt 0.4803 0.5083
vt 0.4803 0.9976
vt 0.4998 0.9976
vt 0.4998 0.9976
vt 0.4803 0.9976
vt 0.4803 0.5083
vt 0.4998 0.5083
vt 0.6562 0.5083
vt 0.6875 0.5083
vt 0.6875 0.9976
vt 0.6562 0.9976
vt 0.6875 0.9976
vt 0.6562 0.9976
vt 0.6562 0.5083
vt 0.6875 0.5083
vt 0.4998 0.5083
vt 0.4803 0.5083
vt 0.4803 0.9976
vt 0.4998 0.9976
vt 0.4998 0.9976
vt 0.4803 0.9976
vt 0.4803 0.5083
vt 0.4998 0.5083
vt 0.6562 0.5083
vt 0.6875 0.5083
vt 0.6875 0.9976
vt 0.6562 0.9976
vt 0.6875 0.9976
vt 0.6562 0.9976
vt 0.6562 0.5083
vt 0.6875 0.5083
vt 1.2053 0.4909
vt 1.2053 0.4909
vt -0.0552 1.0000
vt -0.0552 1.0000
vt -0.0552 0.0000
vt -0.0552 0.0000
vt 0.7969 0.5000
vt 0.8125 0.5000
vt 0.1875 0.0000
vt 0.1719 0.0000
vt 0.6562 0.5000
vt 0.6758 0.5000
vt 0.7969 0.5000
vt 0.8125 0.5000
vt 0.1875 0.0000
vt 0.1719 0.0000
vt 0.6562 0.5000
vt 0.6758 0.5000
vn -1.0000 0.0000 0.0000
vn 0.0000 0.0000 -1.0000
vn 0.0000 -0.0000 1.0000
vn 0.0000 1.0000 0.0000
vn 1.0000 0.0000 0.0000
vn -0.0128 -0.9999 0.0000
vn 1.0000 -0.0023 0.0000
vn 0.0128 0.9999 0.0000
vn 1.0000 -0.0014 0.0000
vn 1.0000 -0.0021 0.0000
vn 0.7071 -0.7071 0.0000
vn 0.7071 0.7071 0.0000
vn -0.7071 0.7071 0.0000
vn -0.7071 -0.7071 0.0000
vn 0.0000 -1.0000 0.0000
vn 0.0000 -0.0251 -0.9997
vn 0.0000 0.0251 0.9997
vn 0.6907 0.7232 0.0000
vn -0.7012 0.7130 0.0000
vn 0.0000 -0.7009 -0.7133
vn 0.0000 -0.7071 0.7071
vn 0.0000 0.7071 -0.7071
vn 0.0000 0.7071 0.7071
vn 0.0000 -0.7213 0.6926
vn 0.0000 0.7213 0.6926
vn 0.0000 0.7213 -0.6926
vn 0.0000 -0.7213 -0.6926
vn 0.4472 -0.8944 0.0000
vn -0.4472 -0.8944 -0.0000
vn 0.4473 -0.8944 0.0000
vn -0.4473 -0.8944 0.0000
vn 0.0000 -0.0002 -1.0000
vn -1.0000 -0.0001 0.0000
vn 0.0000 1.0000 0.0001
vn -1.0000 0.0000 -0.0002
vn -0.0002 0.0000 -1.0000
vn 1.0000 -0.0028 -0.0000
vn 0.6963 -0.7178 -0.0000
vn -0.6963 0.7178 0.0000
vn -1.0000 0.0028 0.0000
vn 1.0000 0.0000 -0.0025
vn -1.0000 0.0000 -0.0025
vn 0.9999 0.0000 -0.0128
vn 0.0023 0.0000 1.0000
vn -0.9999 0.0000 0.0128
vn 0.9999 0.0000 0.0128
vn 0.0023 0.0000 -1.0000
vn -0.9999 0.0000 -0.0128
vn 0.7775 0.4674 -0.4207
vn 0.3510 0.8363 -0.4212
vn 0.3510 0.8363 0.4212
vn 0.7959 0.6054 -0.0000
vn 0.7775 0.4674 0.4207
vn 0.2439 0.9698 0.0000
vn 0.9689 -0.2475 -0.0000
vn -0.5931 0.8051 0.0000
vn 0.4657 0.8849 0.0000
vn -0.4657 -0.8849 0.0000
vn 0.7043 -0.7099 0.0000
vn -0.9986 -0.0534 0.0000
vn 0.9986 0.0534 -0.0000
vn 0.4657 -0.8849 0.0000
vn -0.4657 0.8849 -0.0000
usemtl Material.006
s off
f 5/1/1 1/2/1 2/3/1 6/4/1
f 1/2/2 5/1/2 7/5/2 4/6/2
f 3/7/3 8/8/3 6/9/3 2/10/3
f 1/11/4 2/12/4 3/13/4 4/14/4
f 8/15/4 7/16/4 5/17/4 6/18/4
f 7/19/5 8/20/5 3/21/5 4/22/5
f 13/23/5 9/24/5 10/25/5 14/26/5
f 9/24/3 13/23/3 15/27/3 12/28/3
f 11/29/2 16/30/2 14/31/2 10/32/2
f 9/33/4 10/34/4 11/35/4 12/36/4
f 16/37/4 15/38/4 13/39/4 14/40/4
f 15/41/1 16/42/1 11/43/1 12/44/1
f 18/45/6 17/46/6 22/47/6 21/48/6
f 17/49/7 18/50/7 20/51/7 19/52/7
f 24/53/7 23/54/7 22/55/7 21/56/7
f 22/57/3 17/58/3 19/59/3 23/60/3
f 24/61/2 20/62/2 18/63/2 21/64/2
f 20/62/8 24/61/8 23/65/8 19/66/8
f 26/67/6 25/68/6 30/69/6 29/70/6
f 25/71/7 26/72/7 28/73/7 27/74/7
f 32/75/7 31/76/7 30/77/7 29/78/7
f 30/79/3 25/80/3 27/81/3 31/82/3
f 32/83/2 28/84/2 26/85/2 29/86/2
f 28/84/8 32/83/8 31/87/8 27/88/8
f 37/89/5 33/90/5 34/91/5 38/92/5
f 33/90/3 37/89/3 39/93/3 36/94/3
f 35/95/2 40/96/2 38/97/2 34/98/2
f 33/99/4 34/100/4 35/101/4 36/102/4
f 40/103/4 39/104/4 37/105/4 38/106/4
f 39/107/1 40/108/1 35/109/1 36/110/1
f 45/111/1 41/112/1 42/113/1 46/114/1
f 41/112/2 45/111/2 47/115/2 44/116/2
f 43/117/3 48/118/3 46/119/3 42/120/3
f 41/121/4 42/122/4 43/123/4 44/124/4
f 48/125/4 47/126/4 45/127/4 46/128/4
f 47/129/5 48/130/5 43/131/5 44/132/5
f 53/133/5 49/134/5 50/135/5 54/136/5
f 49/134/3 53/133/3 55/137/3 52/138/3
f 51/139/2 56/140/2 54/141/2 50/142/2
f 49/143/4 50/144/4 51/145/4 52/146/4
f 56/147/4 55/148/4 53/149/4 54/150/4
f 55/151/1 56/152/1 51/153/1 52/154/1
f 58/155/6 57/156/6 62/157/6 61/158/6
f 57/159/9 58/160/9 60/161/9 59/162/9
f 64/163/9 63/164/9 62/165/9 61/166/9
f 62/167/3 57/168/3 59/169/3 63/170/3
f 64/171/2 60/172/2 58/173/2 61/174/2
f 60/172/8 64/171/8 63/175/8 59/176/8
f 66/177/6 65/178/6 70/179/6 69/180/6
f 65/181/9 66/182/9 68/183/9 67/184/9
f 72/185/9 71/186/9 70/187/9 69/188/9
f 70/189/3 65/190/3 67/191/3 71/192/3
f 72/193/2 68/194/2 66/195/2 69/196/2
f 68/194/8 72/193/8 71/197/8 67/198/8
f 77/199/5 73/200/5 74/201/5 78/202/5
f 73/200/3 77/199/3 79/203/3 76/204/3
f 75/205/2 80/206/2 78/207/2 74/208/2
f 73/209/4 74/210/4 75/211/4 76/212/4
f 80/213/4 79/214/4 77/215/4 78/216/4
f 79/217/1 80/218/1 75/219/1 76/220/1
f 85/221/5 81/222/5 82/223/5 86/224/5
f 81/222/3 85/221/3 87/225/3 84/226/3
f 83/227/2 88/228/2 86/229/2 82/230/2
f 81/231/4 82/232/4 83/233/4 84/234/4
f 88/235/4 87/236/4 85/237/4 86/238/4
f 87/239/1 88/240/1 83/241/1 84/242/1
f 93/243/5 89/244/5 90/245/5 94/246/5
f 89/244/3 93/243/3 95/247/3 92/248/3
f 91/249/2 96/250/2 94/251/2 90/252/2
f 89/253/4 90/254/4 91/255/4 92/256/4
f 96/257/4 95/258/4 93/259/4 94/260/4
f 95/261/1 96/262/1 91/263/1 92/264/1
f 101/265/1 97/266/1 98/267/1 102/268/1
f 97/266/2 101/265/2 103/269/2 100/270/2
f 99/271/3 104/272/3 102/273/3 98/274/3
f 97/275/4 98/276/4 99/277/4 100/278/4
f 104/279/4 103/280/4 101/281/4 102/282/4
f 103/283/5 104/284/5 99/285/5 100/286/5
f 109/287/5 105/288/5 106/289/5 110/290/5
f 105/288/3 109/287/3 111/291/3 108/292/3
f 107/293/2 112/294/2 110/295/2 106/296/2
f 105/297/4 106/298/4 107/299/4 108/300/4
f 112/301/4 111/302/4 109/303/4 110/304/4
f 111/305/1 112/306/1 107/307/1 108/308/1
f 114/309/6 113/310/6 118/311/6 117/312/6
f 113/313/7 114/314/7 116/315/7 115/316/7
f 120/317/7 119/318/7 118/319/7 117/320/7
f 118/321/3 113/322/3 115/323/3 119/324/3
f 120/325/2 116/326/2 114/327/2 117/328/2
f 116/326/8 120/325/8 119/329/8 115/330/8
f 122/331/6 121/332/6 126/333/6 125/334/6
f 121/335/7 122/336/7 124/337/7 123/338/7
f 128/339/7 127/340/7 126/341/7 125/342/7
f 126/343/3 121/344/3 123/345/3 127/346/3
f 128/347/2 124/348/2 122/349/2 125/350/2
f 124/348/8 128/347/8 127/351/8 123/352/8
f 133/353/5 129/354/5 130/355/5 134/356/5
f 129/354/3 133/353/3 135/357/3 132/358/3
f 131/359/2 136/360/2 134/361/2 130/362/2
f 129/363/4 130/364/4 131/365/4 132/366/4
f 136/367/4 135/368/4 133/369/4 134/370/4
f 135/371/1 136/372/1 131/373/1 132/374/1
f 141/375/1 137/376/1 138/377/1 142/378/1
f 137/376/2 141/375/2 143/379/2 140/380/2
f 139/381/3 144/382/3 142/383/3 138/384/3
f 137/385/4 138/386/4 139/387/4 140/388/4
f 144/389/4 143/390/4 141/391/4 142/392/4
f 143/393/5 144/394/5 139/395/5 140/396/5
f 149/397/5 145/398/5 146/399/5 150/400/5
f 145/398/3 149/397/3 151/401/3 148/402/3
f 147/403/2 152/404/2 150/405/2 146/406/2
f 145/407/4 146/408/4 147/409/4 148/410/4
f 152/411/4 151/412/4 149/413/4 150/414/4
f 151/415/1 152/416/1 147/417/1 148/418/1
f 154/419/6 153/420/6 158/421/6 157/422/6
f 153/423/10 154/424/10 156/425/10 155/426/10
f 160/427/10 159/428/10 158/429/10 157/430/10
f 158/431/3 153/432/3 155/433/3 159/434/3
f 160/435/2 156/436/2 154/437/2 157/438/2
f 156/436/8 160/435/8 159/439/8 155/440/8
f 162/441/6 161/442/6 166/443/6 165/444/6
f 161/445/10 162/446/10 164/447/10 163/448/10
f 168/449/10 167/450/10 166/451/10 165/452/10
f 166/453/3 161/454/3 163/455/3 167/456/3
f 168/457/2 164/458/2 162/459/2 165/460/2
f 164/458/8 168/457/8 167/461/8 163/462/8
f 173/463/5 169/464/5 170/465/5 174/466/5
f 169/464/3 173/463/3 175/467/3 172/468/3
f 171/469/2 176/470/2 174/471/2 170/472/2
f 169/473/4 170/474/4 171/475/4 172/476/4
f 176/477/4 175/478/4 173/479/4 174/480/4
f 175/481/1 176/482/1 171/483/1 172/484/1
f 177/485/1 178/486/1 180/487/1 179/488/1
f 179/489/2 180/490/2 183/491/2 182/492/2
f 182/493/5 183/494/5 910/495/5 181/496/5
f 181/497/3 910/498/3 178/499/3 177/500/3
f 179/488/11 182/493/11 181/496/11 177/485/11
f 183/501/12 180/502/12 178/503/12 910/504/12
f 184/505/5 913/506/5 186/507/5 185/508/5
f 185/509/2 186/510/2 189/511/2 188/512/2
f 188/513/1 189/514/1 916/515/1 187/516/1
f 187/517/3 916/518/3 913/519/3 184/520/3
f 185/521/13 188/522/13 187/523/13 184/524/13
f 189/525/14 186/526/14 913/527/14 916/528/14
f 190/529/4 917/530/4 191/531/4 198/532/4
f 198/533/2 191/534/2 201/535/2 200/536/2
f 200/537/15 201/538/15 199/539/15 918/540/15
f 918/541/3 199/542/3 917/543/3 190/544/3
f 198/532/14 200/537/14 918/540/14 190/529/14
f 201/538/11 191/531/11 917/530/11 199/539/11
f 192/545/15 921/546/15 194/547/15 193/548/15
f 193/549/2 194/550/2 197/551/2 196/552/2
f 196/553/4 197/554/4 924/555/4 195/556/4
f 195/557/3 924/558/3 921/559/3 192/560/3
f 193/561/12 196/562/12 195/563/12 192/564/12
f 197/565/13 194/566/13 921/567/13 924/568/13
f 816/569/4 817/570/4 203/571/4 202/572/4
f 202/573/2 203/574/2 207/575/2 206/576/2
f 206/577/15 207/578/15 205/579/15 204/580/15
f 204/581/3 205/582/3 817/583/3 816/584/3
f 202/572/14 206/577/14 204/580/14 816/569/14
f 207/578/11 203/571/11 817/570/11 205/579/11
f 208/585/5 822/586/5 210/587/5 209/588/5
f 209/589/2 210/590/2 213/591/2 212/592/2
f 212/593/1 213/594/1 825/595/1 211/596/1
f 211/597/3 825/598/3 822/599/3 208/600/3
f 209/601/13 212/602/13 211/603/13 208/604/13
f 213/605/15 210/606/15 822/607/15 825/608/15
f 214/609/1 215/610/1 216/611/1 826/612/1
f 826/613/3 216/614/3 829/615/3 219/616/3
f 219/617/5 829/618/5 218/619/5 217/620/5
f 217/621/2 218/622/2 215/623/2 214/624/2
f 826/625/12 219/626/12 217/627/12 214/628/12
f 829/629/15 216/630/15 215/631/15 218/632/15
f 792/633/1 793/634/1 221/635/1 220/636/1
f 220/637/2 221/638/2 224/639/2 223/640/2
f 223/641/5 224/642/5 796/643/5 222/644/5
f 222/645/3 796/646/3 793/647/3 792/648/3
f 220/636/11 223/641/11 222/644/11 792/633/11
f 224/649/12 221/650/12 793/651/12 796/652/12
f 225/653/5 226/654/5 228/655/5 227/656/5
f 227/657/2 228/658/2 231/659/2 230/660/2
f 230/661/1 231/662/1 229/663/1 801/664/1
f 801/665/3 229/666/3 226/667/3 225/668/3
f 227/669/13 230/670/13 801/671/13 225/672/13
f 231/673/14 228/674/14 226/675/14 229/676/14
f 241/677/4 802/678/4 243/679/4 242/680/4
f 242/681/2 243/682/2 245/683/2 233/684/2
f 233/685/15 245/686/15 232/687/15 244/688/15
f 244/689/3 232/690/3 802/691/3 241/692/3
f 242/680/14 233/685/14 244/688/14 241/677/14
f 245/686/11 243/679/11 802/678/11 232/687/11
f 805/693/15 234/694/15 236/695/15 235/696/15
f 235/697/2 236/698/2 240/699/2 239/700/2
f 239/701/4 240/702/4 238/703/4 237/704/4
f 237/705/3 238/706/3 234/707/3 805/708/3
f 235/709/12 239/710/12 237/711/12 805/712/12
f 240/713/13 236/714/13 234/715/13 238/716/13
f 770/717/1 246/718/1 248/719/1 247/720/1
f 247/721/2 248/722/2 250/723/2 249/724/2
f 249/725/5 250/726/5 774/727/5 773/728/5
f 773/729/3 774/730/3 246/731/3 770/732/3
f 247/720/11 249/725/11 773/728/11 770/717/11
f 250/733/12 248/734/12 246/735/12 774/736/12
f 251/737/5 252/738/5 254/739/5 253/740/5
f 253/741/2 254/742/2 258/743/2 257/744/2
f 257/745/1 258/746/1 256/747/1 255/748/1
f 255/749/3 256/750/3 252/751/3 251/752/3
f 253/753/13 257/754/13 255/755/13 251/756/13
f 258/757/14 254/758/14 252/759/14 256/760/14
f 259/761/4 268/762/4 260/763/4 269/764/4
f 269/765/2 260/766/2 271/767/2 270/768/2
f 270/769/15 271/770/15 789/771/15 261/772/15
f 261/773/3 789/774/3 268/775/3 259/776/3
f 269/764/14 270/769/14 261/772/14 259/761/14
f 271/770/11 260/763/11 268/762/11 789/771/11
f 262/777/15 263/778/15 265/779/15 264/780/15
f 264/781/2 265/782/2 267/783/2 266/784/2
f 266/785/4 267/786/4 784/787/4 783/788/4
f 783/789/3 784/790/3 263/791/3 262/792/3
f 264/793/12 266/794/12 783/795/12 262/796/12
f 267/797/13 265/798/13 263/799/13 784/800/13
f 690/801/4 687/802/4 869/803/4 274/804/4
f 687/802/1 690/801/1 275/805/1 273/806/1
f 272/807/5 276/808/5 274/809/5 869/810/5
f 687/811/2 869/812/2 272/813/2 273/814/2
f 276/815/2 275/816/2 690/817/2 274/818/2
f 275/819/15 276/820/15 272/821/15 273/822/15
f 277/823/4 690/824/4 274/825/4 693/826/4
f 690/824/1 277/823/1 278/827/1 275/828/1
f 276/829/5 279/830/5 693/831/5 274/832/5
f 279/833/2 278/834/2 277/835/2 693/836/2
f 278/837/15 279/838/15 276/839/15 275/840/15
f 282/841/4 697/842/4 696/843/4 700/844/4
f 697/842/1 282/841/1 283/845/1 281/846/1
f 280/847/5 284/848/5 700/849/5 696/850/5
f 697/851/2 696/852/2 280/853/2 281/854/2
f 284/855/2 283/856/2 282/857/2 700/858/2
f 283/859/15 284/860/15 280/861/15 281/862/15
f 700/849/4 285/863/4 703/864/4 282/865/4
f 285/863/5 700/849/5 284/848/5 287/866/5
f 286/867/1 283/845/1 282/841/1 703/868/1
f 285/869/3 703/870/3 286/871/3 287/872/3
f 284/873/15 283/874/15 286/875/15 287/876/15
f 707/877/1 710/878/1 290/879/1 289/880/1
f 288/881/5 291/882/5 711/883/5 706/884/5
f 707/885/2 706/886/2 288/887/2 289/888/2
f 291/889/2 290/890/2 710/891/2 711/892/2
f 290/893/15 291/894/15 288/895/15 289/896/15
f 279/897/15 278/898/15 297/899/15 298/900/15
f 716/901/3 296/902/3 297/903/3 298/904/3
f 297/905/1 278/827/1 277/823/1 296/906/1
f 716/907/5 693/831/5 279/830/5 298/908/5
f 693/831/4 716/907/4 296/909/4 277/910/4
f 293/911/4 292/912/4 296/909/4 716/907/4
f 292/913/2 293/914/2 295/915/2 294/916/2
f 296/917/1 292/918/1 294/919/1 297/920/1
f 298/900/5 295/921/5 293/922/5 716/923/5
f 295/921/15 298/900/15 297/899/15 294/924/15
f 300/925/15 299/926/15 295/927/15 294/928/15
f 299/929/2 300/930/2 717/931/2 301/932/2
f 295/933/5 299/934/5 301/935/5 293/936/5
f 292/937/1 717/938/1 300/939/1 294/940/1
f 717/938/4 292/937/4 293/941/4 301/942/4
f 305/943/4 338/944/4 302/945/4 306/946/4
f 338/944/2 305/943/2 308/947/2 304/948/2
f 303/949/3 307/950/3 306/951/3 302/952/3
f 338/953/5 302/954/5 303/955/5 304/956/5
f 308/957/15 307/958/15 303/959/15 304/960/15
f 355/961/4 305/962/4 306/963/4 327/964/4
f 305/962/2 355/961/2 325/965/2 308/966/2
f 307/967/3 326/968/3 327/969/3 306/970/3
f 305/971/5 306/972/5 307/973/5 308/974/5
f 326/975/5 325/976/5 355/977/5 327/978/5
f 325/979/15 326/980/15 307/981/15 308/982/15
f 316/983/4 309/984/4 310/985/4 348/986/4
f 309/984/2 316/983/2 318/987/2 312/988/2
f 311/989/3 317/990/3 348/991/3 310/992/3
f 309/993/5 310/994/5 311/995/5 312/996/5
f 317/997/5 318/998/5 316/999/5 348/1000/5
f 318/1001/15 317/1002/15 311/1003/15 312/1004/15
f 348/991/4 313/1005/4 345/1006/4 316/1007/4
f 313/1005/3 348/991/3 317/990/3 315/1008/3
f 314/1009/2 318/987/2 316/983/2 345/1010/2
f 313/1011/1 345/1012/1 314/1013/1 315/1014/1
f 317/1015/15 318/1016/15 314/1017/15 315/1018/15
f 354/1019/4 351/1020/4 319/1021/4 322/1022/4
f 351/1020/2 354/1019/2 323/1023/2 321/1024/2
f 320/1025/3 324/1026/3 322/1027/3 319/1028/3
f 351/1029/5 319/1030/5 320/1031/5 321/1032/5
f 324/1033/5 323/1034/5 354/1035/5 322/1036/5
f 323/1037/15 324/1038/15 320/1039/15 321/1040/15
f 326/1041/15 325/1042/15 329/1043/15 328/1044/15
f 358/1045/1 330/1046/1 329/1047/1 328/1048/1
f 329/1049/2 325/965/2 355/961/2 330/1050/2
f 358/1051/3 327/969/3 326/968/3 328/1052/3
f 327/969/4 358/1051/4 330/1053/4 355/1054/4
f 365/1055/4 335/1056/4 330/1053/4 358/1051/4
f 335/1057/5 365/1058/5 334/1059/5 333/1060/5
f 330/1061/2 335/1062/2 333/1063/2 329/1064/2
f 328/1044/3 334/1065/3 365/1066/3 358/1067/3
f 334/1065/15 328/1044/15 329/1043/15 333/1068/15
f 332/1069/15 331/1070/15 334/1071/15 333/1072/15
f 331/1073/5 332/1074/5 362/1075/5 361/1076/5
f 334/1077/3 331/1078/3 361/1079/3 365/1080/3
f 335/1081/2 362/1082/2 332/1083/2 333/1084/2
f 362/1082/4 335/1081/4 365/1085/4 361/1086/4
f 339/1087/4 336/1088/4 337/1089/4 340/1090/4
f 336/1088/2 339/1087/2 305/1091/2 338/1092/2
f 302/1093/3 306/1094/3 340/1095/3 337/1096/3
f 336/1097/5 337/1098/5 302/1099/5 338/1100/5
f 306/1101/5 305/1102/5 339/1103/5 340/1104/5
f 356/1105/4 339/1106/4 340/1107/4 357/1108/4
f 339/1106/2 356/1105/2 355/1109/2 305/1110/2
f 306/1111/3 327/1112/3 357/1113/3 340/1114/3
f 327/1115/5 355/1116/5 356/1117/5 357/1118/5
f 347/1119/4 341/1120/4 342/1121/4 346/1122/4
f 341/1120/2 347/1119/2 316/1123/2 309/1124/2
f 310/1125/3 348/1126/3 346/1127/3 342/1128/3
f 341/1129/5 342/1130/5 310/1131/5 309/1132/5
f 348/1133/5 316/1134/5 347/1135/5 346/1136/5
f 346/1127/4 343/1137/4 344/1138/4 347/1139/4
f 343/1137/3 346/1127/3 348/1126/3 313/1140/3
f 345/1141/2 316/1123/2 347/1119/2 344/1142/2
f 343/1143/1 344/1144/1 345/1145/1 313/1146/1
f 352/1147/4 349/1148/4 350/1149/4 353/1150/4
f 349/1148/2 352/1147/2 354/1151/2 351/1152/2
f 319/1153/3 322/1154/3 353/1155/3 350/1156/3
f 349/1157/5 350/1158/5 319/1159/5 351/1160/5
f 322/1161/5 354/1162/5 352/1163/5 353/1164/5
f 360/1165/1 359/1166/1 330/1167/1 358/1168/1
f 330/1061/2 355/1109/2 356/1105/2 359/1169/2
f 360/1170/3 357/1113/3 327/1112/3 358/1067/3
f 357/1113/4 360/1170/4 359/1171/4 356/1172/4
f 366/1173/4 367/1174/4 359/1171/4 360/1170/4
f 367/1175/5 366/1176/5 365/1177/5 335/1178/5
f 359/1179/2 367/1180/2 335/1181/2 330/1050/2
f 358/1051/3 365/1055/3 366/1182/3 360/1183/3
f 361/1184/5 362/1185/5 364/1186/5 363/1187/5
f 365/1188/3 361/1189/3 363/1190/3 366/1191/3
f 367/1192/2 364/1193/2 362/1194/2 335/1195/2
f 364/1193/4 367/1192/4 366/1196/4 363/1197/4
f 371/1198/4 405/1199/4 368/1200/4 408/1201/4
f 405/1199/2 371/1198/2 373/1202/2 370/1203/2
f 369/1204/3 372/1205/3 408/1206/3 368/1207/3
f 405/1208/5 368/1209/5 369/1210/5 370/1211/5
f 372/1212/5 373/1213/5 371/1214/5 408/1215/5
f 373/1216/15 372/1217/15 369/1218/15 370/1219/15
f 391/1220/4 371/1221/4 408/1222/4 392/1223/4
f 371/1221/2 391/1220/2 389/1224/2 373/1225/2
f 372/1226/3 390/1227/3 392/1228/3 408/1229/3
f 389/1230/15 390/1231/15 372/1232/15 373/1233/15
f 380/1234/4 411/1235/4 374/1236/4 379/1237/4
f 411/1235/2 380/1234/2 382/1238/2 376/1239/2
f 375/1240/3 381/1241/3 379/1242/3 374/1243/3
f 411/1244/5 374/1245/5 375/1246/5 376/1247/5
f 382/1248/15 381/1249/15 375/1250/15 376/1251/15
f 379/1242/4 415/1252/4 414/1253/4 380/1254/4
f 415/1252/3 379/1242/3 381/1241/3 378/1255/3
f 377/1256/2 382/1238/2 380/1234/2 414/1257/2
f 415/1258/1 414/1259/1 377/1260/1 378/1261/1
f 382/1262/1 381/1263/1 379/1264/1 380/1265/1
f 381/1266/15 382/1267/15 377/1268/15 378/1269/15
f 385/1270/4 421/1271/4 420/1272/4 386/1273/4
f 421/1271/2 385/1270/2 387/1274/2 384/1275/2
f 383/1276/3 388/1277/3 386/1278/3 420/1279/3
f 421/1280/5 420/1281/5 383/1282/5 384/1283/5
f 388/1284/5 387/1285/5 385/1286/5 386/1287/5
f 387/1288/15 388/1289/15 383/1290/15 384/1291/15
f 390/1292/15 389/1293/15 394/1294/15 393/1295/15
f 389/1296/1 390/1297/1 392/1298/1 391/1299/1
f 426/1300/1 395/1301/1 394/1302/1 393/1303/1
f 394/1304/2 389/1224/2 391/1220/2 395/1305/2
f 426/1306/3 392/1228/3 390/1227/3 393/1307/3
f 392/1228/4 426/1306/4 395/1308/4 391/1309/4
f 401/1310/4 402/1311/4 395/1308/4 426/1306/4
f 395/1312/2 402/1313/2 399/1314/2 394/1315/2
f 393/1295/3 400/1316/3 401/1317/3 426/1318/3
f 400/1316/15 393/1295/15 394/1294/15 399/1319/15
f 397/1320/15 396/1321/15 400/1322/15 399/1323/15
f 396/1324/5 397/1325/5 398/1326/5 429/1327/5
f 402/1328/5 401/1329/5 400/1330/5 399/1331/5
f 400/1332/3 396/1333/3 429/1334/3 401/1335/3
f 402/1336/2 398/1337/2 397/1338/2 399/1339/2
f 398/1337/4 402/1336/4 401/1340/4 429/1341/4
f 406/1342/4 403/1343/4 404/1344/4 407/1345/4
f 403/1343/2 406/1342/2 371/1346/2 405/1347/2
f 368/1348/3 408/1349/3 407/1350/3 404/1351/3
f 403/1352/5 404/1353/5 368/1354/5 405/1355/5
f 408/1356/5 371/1357/5 406/1358/5 407/1359/5
f 424/1360/4 406/1361/4 407/1362/4 425/1363/4
f 406/1361/2 424/1360/2 391/1364/2 371/1365/2
f 408/1366/3 392/1367/3 425/1368/3 407/1369/3
f 392/1370/5 391/1371/5 424/1372/5 425/1373/5
f 417/1374/4 409/1375/4 410/1376/4 416/1377/4
f 409/1375/2 417/1374/2 380/1378/2 411/1379/2
f 374/1380/3 379/1381/3 416/1382/3 410/1383/3
f 409/1384/5 410/1385/5 374/1386/5 411/1387/5
f 379/1388/5 380/1389/5 417/1390/5 416/1391/5
f 416/1382/4 412/1392/4 413/1393/4 417/1394/4
f 412/1392/3 416/1382/3 379/1381/3 415/1395/3
f 414/1396/2 380/1378/2 417/1374/2 413/1397/2
f 412/1398/1 413/1399/1 414/1400/1 415/1401/1
f 422/1402/4 418/1403/4 419/1404/4 423/1405/4
f 418/1403/2 422/1402/2 385/1406/2 421/1407/2
f 420/1408/3 386/1409/3 423/1410/3 419/1411/3
f 418/1412/5 419/1413/5 420/1414/5 421/1415/5
f 386/1416/5 385/1417/5 422/1418/5 423/1419/5
f 428/1420/1 427/1421/1 395/1422/1 426/1423/1
f 395/1312/2 391/1364/2 424/1360/2 427/1424/2
f 428/1425/3 425/1368/3 392/1367/3 426/1318/3
f 425/1368/4 428/1425/4 427/1426/4 424/1427/4
f 432/1428/4 433/1429/4 427/1426/4 428/1425/4
f 433/1430/5 432/1431/5 401/1432/5 402/1433/5
f 427/1434/2 433/1435/2 402/1436/2 395/1305/2
f 426/1306/3 401/1310/3 432/1437/3 428/1438/3
f 429/1439/5 398/1440/5 431/1441/5 430/1442/5
f 401/1443/3 429/1444/3 430/1445/3 432/1446/3
f 433/1447/2 431/1448/2 398/1449/2 402/1450/2
f 431/1448/4 433/1447/4 432/1451/4 430/1452/4
f 471/1453/4 467/1454/4 466/1455/4 470/1456/4
f 467/1454/2 471/1453/2 437/1457/2 435/1458/2
f 434/1459/3 436/1460/3 470/1461/3 466/1462/3
f 467/1463/5 466/1464/5 434/1465/5 435/1466/5
f 436/1467/5 437/1468/5 471/1469/5 470/1470/5
f 437/1471/15 436/1472/15 434/1473/15 435/1474/15
f 454/1475/4 471/1476/4 470/1477/4 455/1478/4
f 471/1476/2 454/1475/2 452/1479/2 437/1480/2
f 436/1481/3 453/1482/3 455/1483/3 470/1484/3
f 452/1485/15 453/1486/15 436/1487/15 437/1488/15
f 481/1489/4 475/1490/4 474/1491/4 443/1492/4
f 475/1490/2 481/1489/2 445/1493/2 439/1494/2
f 438/1495/3 444/1496/3 443/1497/3 474/1498/3
f 475/1499/5 474/1500/5 438/1501/5 439/1502/5
f 444/1503/5 445/1504/5 481/1505/5 443/1506/5
f 445/1507/15 444/1508/15 438/1509/15 439/1510/15
f 443/1497/4 440/1511/4 478/1512/4 481/1513/4
f 440/1511/3 443/1497/3 444/1496/3 442/1514/3
f 441/1515/2 445/1493/2 481/1489/2 478/1516/2
f 440/1517/1 478/1518/1 441/1519/1 442/1520/1
f 444/1521/15 445/1522/15 441/1523/15 442/1524/15
f 487/1525/4 484/1526/4 446/1527/4 449/1528/4
f 484/1526/2 487/1525/2 450/1529/2 448/1530/2
f 447/1531/3 451/1532/3 449/1533/3 446/1534/3
f 484/1535/5 446/1536/5 447/1537/5 448/1538/5
f 451/1539/5 450/1540/5 487/1541/5 449/1542/5
f 450/1543/15 451/1544/15 447/1545/15 448/1546/15
f 453/1547/15 452/1548/15 457/1549/15 456/1550/15
f 452/1551/1 453/1552/1 455/1553/1 454/1554/1
f 458/1555/1 490/1556/1 457/1557/1 456/1558/1
f 457/1559/2 452/1479/2 454/1475/2 490/1560/2
f 458/1561/3 455/1483/3 453/1482/3 456/1562/3
f 455/1483/4 458/1561/4 490/1563/4 454/1564/4
f 463/1565/4 497/1566/4 490/1563/4 458/1561/4
f 497/1567/5 463/1568/5 462/1569/5 461/1570/5
f 490/1571/2 497/1572/2 461/1573/2 457/1574/2
f 456/1550/3 462/1575/3 463/1576/3 458/1577/3
f 462/1575/15 456/1550/15 457/1549/15 461/1578/15
f 460/1579/15 459/1580/15 462/1581/15 461/1582/15
f 459/1583/5 460/1584/5 494/1585/5 493/1586/5
f 462/1587/3 459/1588/3 493/1589/3 463/1590/3
f 497/1591/2 494/1592/2 460/1593/2 461/1594/2
f 494/1592/4 497/1591/4 463/1595/4 493/1596/4
f 468/1597/4 464/1598/4 465/1599/4 469/1600/4
f 464/1598/2 468/1597/2 471/1601/2 467/1602/2
f 466/1603/3 470/1604/3 469/1605/3 465/1606/3
f 464/1607/5 465/1608/5 466/1609/5 467/1610/5
f 488/1611/4 468/1612/4 469/1613/4 489/1614/4
f 468/1612/2 488/1611/2 454/1615/2 471/1616/2
f 470/1617/3 455/1618/3 489/1619/3 469/1620/3
f 468/1621/5 469/1622/5 470/1623/5 471/1624/5
f 455/1625/5 454/1626/5 488/1627/5 489/1628/5
f 480/1629/4 472/1630/4 473/1631/4 479/1632/4
f 472/1630/2 480/1629/2 481/1633/2 475/1634/2
f 474/1635/3 443/1636/3 479/1637/3 473/1638/3
f 472/1639/5 473/1640/5 474/1641/5 475/1642/5
f 443/1643/5 481/1644/5 480/1645/5 479/1646/5
f 479/1637/4 476/1647/4 477/1648/4 480/1649/4
f 476/1647/3 479/1637/3 443/1636/3 440/1650/3
f 478/1651/2 481/1633/2 480/1629/2 477/1652/2
f 476/1653/1 477/1654/1 478/1655/1 440/1656/1
f 485/1657/4 482/1658/4 483/1659/4 486/1660/4
f 482/1658/2 485/1657/2 487/1661/2 484/1662/2
f 446/1663/3 449/1664/3 486/1665/3 483/1666/3
f 482/1667/5 483/1668/5 446/1669/5 484/1670/5
f 449/1671/5 487/1672/5 485/1673/5 486/1674/5
f 492/1675/1 491/1676/1 490/1677/1 458/1678/1
f 490/1571/2 454/1615/2 488/1611/2 491/1679/2
f 492/1680/3 489/1619/3 455/1618/3 458/1577/3
f 489/1619/4 492/1680/4 491/1681/4 488/1682/4
f 498/1683/4 499/1684/4 491/1681/4 492/1680/4
f 499/1685/5 498/1686/5 463/1687/5 497/1688/5
f 491/1689/2 499/1690/2 497/1691/2 490/1560/2
f 458/1561/3 463/1565/3 498/1692/3 492/1693/3
f 493/1694/5 494/1695/5 496/1696/5 495/1697/5
f 463/1698/3 493/1699/3 495/1700/3 498/1701/3
f 499/1702/2 496/1703/2 494/1704/2 497/1705/2
f 496/1703/4 499/1702/4 498/1706/4 495/1707/4
f 536/1708/4 532/1709/4 500/1710/4 535/1711/4
f 532/1709/2 536/1708/2 504/1712/2 502/1713/2
f 501/1714/3 503/1715/3 535/1716/3 500/1717/3
f 532/1718/5 500/1719/5 501/1720/5 502/1721/5
f 503/1722/5 504/1723/5 536/1724/5 535/1725/5
f 504/1726/15 503/1727/15 501/1728/15 502/1729/15
f 554/1730/4 536/1731/4 535/1732/4 520/1733/4
f 536/1731/2 554/1730/2 518/1734/2 504/1735/2
f 503/1736/3 519/1737/3 520/1738/3 535/1739/3
f 519/1740/5 518/1741/5 554/1742/5 520/1743/5
f 518/1744/15 519/1745/15 503/1746/15 504/1747/15
f 546/1748/4 505/1749/4 539/1750/4 545/1751/4
f 505/1749/2 546/1748/2 512/1752/2 507/1753/2
f 506/1754/3 511/1755/3 545/1756/3 539/1757/3
f 505/1758/5 539/1759/5 506/1760/5 507/1761/5
f 511/1762/5 512/1763/5 546/1764/5 545/1765/5
f 512/1766/15 511/1767/15 506/1768/15 507/1769/15
f 545/1756/4 508/1770/4 542/1771/4 546/1772/4
f 508/1770/3 545/1756/3 511/1755/3 510/1773/3
f 509/1774/2 512/1752/2 546/1748/2 542/1775/2
f 508/1776/1 542/1777/1 509/1778/1 510/1779/1
f 511/1780/15 512/1781/15 509/1782/15 510/1783/15
f 553/1784/4 550/1785/4 549/1786/4 515/1787/4
f 550/1785/2 553/1784/2 516/1788/2 514/1789/2
f 513/1790/3 517/1791/3 515/1792/3 549/1793/3
f 550/1794/5 549/1795/5 513/1796/5 514/1797/5
f 517/1798/5 516/1799/5 553/1800/5 515/1801/5
f 516/1802/15 517/1803/15 513/1804/15 514/1805/15
f 519/1806/15 518/1807/15 522/1808/15 521/1809/15
f 523/1810/1 557/1811/1 522/1812/1 521/1813/1
f 522/1814/2 518/1734/2 554/1730/2 557/1815/2
f 523/1816/3 520/1738/3 519/1737/3 521/1817/3
f 520/1738/4 523/1816/4 557/1818/4 554/1819/4
f 529/1820/4 563/1821/4 557/1818/4 523/1816/4
f 563/1822/5 529/1823/5 528/1824/5 527/1825/5
f 557/1826/2 563/1827/2 527/1828/2 522/1829/2
f 521/1809/3 528/1830/3 529/1831/3 523/1832/3
f 528/1830/15 521/1809/15 522/1808/15 527/1833/15
f 525/1834/15 524/1835/15 528/1836/15 527/1837/15
f 524/1838/5 525/1839/5 526/1840/5 560/1841/5
f 528/1842/3 524/1843/3 560/1844/3 529/1845/3
f 563/1846/2 526/1847/2 525/1848/2 527/1849/2
f 526/1847/4 563/1846/4 529/1850/4 560/1851/4
f 533/1852/4 530/1853/4 531/1854/4 534/1855/4
f 530/1853/2 533/1852/2 536/1856/2 532/1857/2
f 500/1858/3 535/1859/3 534/1860/3 531/1861/3
f 530/1862/5 531/1863/5 500/1864/5 532/1865/5
f 555/1866/4 533/1867/4 534/1868/4 556/1869/4
f 533/1867/2 555/1866/2 554/1870/2 536/1871/2
f 535/1872/3 520/1873/3 556/1874/3 534/1875/3
f 533/1876/5 534/1877/5 535/1878/5 536/1879/5
f 520/1880/5 554/1881/5 555/1882/5 556/1883/5
f 544/1884/4 537/1885/4 538/1886/4 543/1887/4
f 537/1885/2 544/1884/2 546/1888/2 505/1889/2
f 539/1890/3 545/1891/3 543/1892/3 538/1893/3
f 537/1894/5 538/1895/5 539/1896/5 505/1897/5
f 543/1892/4 540/1898/4 541/1899/4 544/1900/4
f 540/1898/3 543/1892/3 545/1891/3 508/1901/3
f 542/1902/2 546/1888/2 544/1884/2 541/1903/2
f 540/1904/1 541/1905/1 542/1906/1 508/1907/1
f 546/1908/1 545/1909/1 543/1910/1 544/1911/1
f 551/1912/4 547/1913/4 548/1914/4 552/1915/4
f 547/1913/2 551/1912/2 553/1916/2 550/1917/2
f 549/1918/3 515/1919/3 552/1920/3 548/1921/3
f 547/1922/5 548/1923/5 549/1924/5 550/1925/5
f 515/1926/5 553/1927/5 551/1928/5 552/1929/5
f 559/1930/1 558/1931/1 557/1932/1 523/1933/1
f 557/1826/2 554/1870/2 555/1866/2 558/1934/2
f 559/1935/3 556/1874/3 520/1873/3 523/1832/3
f 556/1874/4 559/1935/4 558/1936/4 555/1937/4
f 564/1938/4 565/1939/4 558/1936/4 559/1935/4
f 565/1940/5 564/1941/5 529/1942/5 563/1943/5
f 558/1944/2 565/1945/2 563/1946/2 557/1815/2
f 523/1816/3 529/1820/3 564/1947/3 559/1948/3
f 560/1949/5 526/1950/5 562/1951/5 561/1952/5
f 529/1953/3 560/1954/3 561/1955/3 564/1956/3
f 565/1957/2 562/1958/2 526/1959/2 563/1960/2
f 562/1958/4 565/1957/4 564/1961/4 561/1962/4
f 574/1963/4 566/1964/4 600/1965/4 573/1966/4
f 566/1964/2 574/1963/2 576/1967/2 568/1968/2
f 567/1969/3 575/1970/3 573/1971/3 600/1972/3
f 566/1973/5 600/1974/5 567/1975/5 568/1976/5
f 576/1977/15 575/1978/15 567/1979/15 568/1980/15
f 573/1971/4 569/1981/4 570/1982/4 574/1983/4
f 569/1981/3 573/1971/3 575/1970/3 572/1984/3
f 571/1985/2 576/1967/2 574/1963/2 570/1986/2
f 569/1987/1 570/1988/1 571/1989/1 572/1990/1
f 576/1991/1 575/1992/1 573/1993/1 574/1994/1
f 575/1995/15 576/1996/15 571/1997/15 572/1998/15
f 581/1999/4 577/2000/4 578/2001/4 607/2002/4
f 577/2000/2 581/1999/2 582/2003/2 580/2004/2
f 579/2005/3 583/2006/3 607/2007/3 578/2008/3
f 577/2009/5 578/2010/5 579/2011/5 580/2012/5
f 583/2013/5 582/2014/5 581/2015/5 607/2016/5
f 582/2017/15 583/2018/15 579/2019/15 580/2020/15
f 585/2021/15 584/2022/15 589/2023/15 588/2024/15
f 584/2025/1 585/2026/1 587/2027/1 586/2028/1
f 591/2029/1 590/2030/1 589/2031/1 588/2032/1
f 589/2033/2 584/2034/2 586/2035/2 590/2036/2
f 591/2037/3 587/2038/3 585/2039/3 588/2040/3
f 587/2038/4 591/2037/4 590/2041/4 586/2042/4
f 617/2043/4 616/2044/4 590/2041/4 591/2037/4
f 616/2045/5 617/2046/5 597/2047/5 596/2048/5
f 590/2049/2 616/2050/2 596/2051/2 589/2052/2
f 588/2024/3 597/2053/3 617/2054/3 591/2055/3
f 597/2053/15 588/2024/15 589/2023/15 596/2056/15
f 593/2057/15 592/2058/15 597/2059/15 596/2060/15
f 592/2061/5 593/2062/5 595/2063/5 594/2064/5
f 597/2065/3 592/2066/3 594/2067/3 617/2068/3
f 616/2069/2 595/2070/2 593/2071/2 596/2072/2
f 595/2070/4 616/2069/4 617/2073/4 594/2074/4
f 604/2075/4 598/2076/4 599/2077/4 603/2078/4
f 598/2076/2 604/2075/2 574/2079/2 566/2080/2
f 600/2081/3 573/2082/3 603/2083/3 599/2084/3
f 598/2085/5 599/2086/5 600/2087/5 566/2088/5
f 573/2089/5 574/2090/5 604/2091/5 603/2092/5
f 603/2083/4 601/2093/4 602/2094/4 604/2095/4
f 601/2093/3 603/2083/3 573/2082/3 569/2096/3
f 570/2097/2 574/2079/2 604/2075/2 602/2098/2
f 601/2099/1 602/2100/1 570/2101/1 569/2102/1
f 608/2103/4 605/2104/4 606/2105/4 609/2106/4
f 605/2104/3 608/2103/3 578/2107/3 607/2108/3
f 581/2109/2 577/2110/2 609/2111/2 606/2112/2
f 605/2113/1 606/2114/1 581/2115/1 607/2116/1
f 577/2117/1 578/2118/1 608/2119/1 609/2120/1
f 613/2121/1 612/2122/1 590/2123/1 591/2124/1
f 590/2049/2 586/2125/2 610/2126/2 612/2127/2
f 613/2128/3 611/2129/3 587/2130/3 591/2055/3
f 611/2129/4 613/2128/4 612/2131/4 610/2132/4
f 618/2133/4 619/2134/4 612/2131/4 613/2128/4
f 612/2135/2 619/2136/2 616/2137/2 590/2036/2
f 591/2037/3 617/2043/3 618/2138/3 613/2139/3
f 594/2140/5 595/2141/5 615/2142/5 614/2143/5
f 619/2144/5 618/2145/5 617/2146/5 616/2147/5
f 617/2148/3 594/2149/3 614/2150/3 618/2151/3
f 619/2152/2 615/2153/2 595/2154/2 616/2155/2
f 615/2153/4 619/2152/4 618/2156/4 614/2157/4
f 586/2125/1 587/2130/1 611/2129/1 610/2126/1
f 658/2158/4 655/2159/4 2400/2160/4 622/2161/4
f 655/2159/1 658/2158/1 623/2162/1 621/2163/1
f 620/2164/5 624/2165/5 622/2166/5 2400/2167/5
f 655/2168/2 2400/2169/2 620/2170/2 621/2171/2
f 624/2172/2 623/2173/2 658/2174/2 622/2175/2
f 623/2176/15 624/2177/15 620/2178/15 621/2179/15
f 625/2180/4 658/2181/4 622/2182/4 626/2183/4
f 658/2181/1 625/2180/1 627/2184/1 623/2185/1
f 624/2186/5 628/2187/5 626/2188/5 622/2189/5
f 628/2190/2 627/2191/2 625/2192/2 626/2193/2
f 627/2194/15 628/2195/15 624/2196/15 623/2197/15
f 666/2198/4 629/2199/4 663/2200/4 632/2201/4
f 629/2199/1 666/2198/1 633/2202/1 631/2203/1
f 630/2204/5 634/2205/5 632/2206/5 663/2207/5
f 629/2208/2 663/2209/2 630/2210/2 631/2211/2
f 634/2212/2 633/2213/2 666/2214/2 632/2215/2
f 633/2216/15 634/2217/15 630/2218/15 631/2219/15
f 632/2206/4 670/2220/4 669/2221/4 666/2222/4
f 670/2220/5 632/2206/5 634/2205/5 636/2223/5
f 635/2224/1 633/2202/1 666/2198/1 669/2225/1
f 670/2226/3 669/2227/3 635/2228/3 636/2229/3
f 634/2230/15 633/2231/15 635/2232/15 636/2233/15
f 675/2234/4 637/2235/4 638/2236/4 676/2237/4
f 637/2235/1 675/2234/1 641/2238/1 640/2239/1
f 639/2240/5 642/2241/5 676/2242/5 638/2243/5
f 637/2244/2 638/2245/2 639/2246/2 640/2247/2
f 642/2248/2 641/2249/2 675/2250/2 676/2251/2
f 641/2252/15 642/2253/15 639/2254/15 640/2255/15
f 628/2256/15 627/2257/15 647/2258/15 648/2259/15
f 682/2260/3 681/2261/3 647/2262/3 648/2263/3
f 647/2264/1 627/2184/1 625/2180/1 681/2265/1
f 682/2266/5 626/2188/5 628/2187/5 648/2267/5
f 626/2188/4 682/2266/4 681/2268/4 625/2269/4
f 644/2270/4 643/2271/4 681/2268/4 682/2266/4
f 643/2272/2 644/2273/2 646/2274/2 645/2275/2
f 681/2276/1 643/2277/1 645/2278/1 647/2279/1
f 648/2259/5 646/2280/5 644/2281/5 682/2282/5
f 646/2280/15 648/2259/15 647/2258/15 645/2283/15
f 650/2284/15 649/2285/15 646/2286/15 645/2287/15
f 649/2288/2 650/2289/2 652/2290/2 651/2291/2
f 646/2292/5 649/2293/5 651/2294/5 644/2295/5
f 643/2296/1 652/2297/1 650/2298/1 645/2299/1
f 652/2297/4 643/2296/4 644/2300/4 651/2301/4
f 656/2302/4 653/2303/4 654/2304/4 657/2305/4
f 653/2303/1 656/2302/1 658/2306/1 655/2307/1
f 2400/2308/5 622/2309/5 657/2310/5 654/2311/5
f 653/2312/2 654/2313/2 2400/2314/2 655/2315/2
f 622/2316/2 658/2317/2 656/2318/2 657/2319/2
f 659/2320/4 656/2321/4 657/2322/4 660/2323/4
f 656/2321/1 659/2320/1 625/2324/1 658/2325/1
f 622/2326/5 626/2327/5 660/2328/5 657/2329/5
f 626/2330/2 625/2331/2 659/2332/2 660/2333/2
f 664/2334/4 661/2335/4 662/2336/4 665/2337/4
f 661/2335/1 664/2334/1 666/2338/1 629/2339/1
f 663/2340/5 632/2341/5 665/2342/5 662/2343/5
f 661/2344/2 662/2345/2 663/2346/2 629/2347/2
f 632/2348/2 666/2349/2 664/2350/2 665/2351/2
f 665/2342/4 667/2352/4 668/2353/4 664/2354/4
f 667/2352/5 665/2342/5 632/2341/5 670/2355/5
f 669/2356/1 666/2338/1 664/2334/1 668/2357/1
f 667/2358/3 668/2359/3 669/2360/3 670/2361/3
f 673/2362/4 671/2363/4 672/2364/4 674/2365/4
f 671/2363/1 673/2362/1 675/2366/1 637/2367/1
f 638/2368/5 676/2369/5 674/2370/5 672/2371/5
f 671/2372/2 672/2373/2 638/2374/2 637/2375/2
f 676/2376/2 675/2377/2 673/2378/2 674/2379/2
f 681/2276/1 625/2324/1 659/2320/1 680/2380/1
f 679/2381/5 660/2328/5 626/2327/5 682/2282/5
f 660/2328/4 679/2381/4 680/2382/4 659/2383/4
f 678/2384/4 677/2385/4 680/2382/4 679/2381/4
f 677/2386/2 678/2387/2 644/2388/2 643/2389/2
f 682/2260/2 681/2261/2 680/2390/2 679/2391/2
f 680/2392/1 677/2393/1 643/2394/1 681/2265/1
f 682/2266/5 644/2270/5 678/2395/5 679/2396/5
f 651/2397/2 652/2398/2 684/2399/2 683/2400/2
f 644/2401/5 651/2402/5 683/2403/5 678/2404/5
f 677/2405/1 684/2406/1 652/2407/1 643/2408/1
f 684/2406/4 677/2405/4 678/2409/4 683/2410/4
f 688/2411/4 685/2412/4 686/2413/4 689/2414/4
f 685/2412/1 688/2411/1 690/2415/1 687/2416/1
f 869/2417/5 274/2418/5 689/2419/5 686/2420/5
f 685/2421/2 686/2422/2 869/2423/2 687/2424/2
f 274/2425/2 690/2426/2 688/2427/2 689/2428/2
f 691/2429/4 688/2430/4 689/2431/4 692/2432/4
f 688/2430/1 691/2429/1 277/2433/1 690/2434/1
f 274/2435/5 693/2436/5 692/2437/5 689/2438/5
f 693/2439/2 277/2440/2 691/2441/2 692/2442/2
f 698/2443/4 694/2444/4 695/2445/4 699/2446/4
f 694/2444/1 698/2443/1 282/2447/1 697/2448/1
f 696/2449/5 700/2450/5 699/2451/5 695/2452/5
f 694/2453/2 695/2454/2 696/2455/2 697/2456/2
f 700/2457/2 282/2458/2 698/2459/2 699/2460/2
f 699/2451/4 701/2461/4 702/2462/4 698/2463/4
f 701/2461/5 699/2451/5 700/2450/5 285/2464/5
f 703/2465/1 282/2447/1 698/2443/1 702/2466/1
f 701/2467/3 702/2468/3 703/2469/3 285/2470/3
f 708/2471/4 704/2472/4 705/2473/4 709/2474/4
f 704/2472/1 708/2471/1 710/2475/1 707/2476/1
f 706/2477/5 711/2478/5 709/2479/5 705/2480/5
f 704/2481/2 705/2482/2 706/2483/2 707/2484/2
f 711/2485/2 710/2486/2 708/2487/2 709/2488/2
f 710/878/15 711/2489/15 706/2490/15 707/877/15
f 714/2491/3 715/2492/3 296/2493/3 716/2494/3
f 296/917/1 277/2433/1 691/2429/1 715/2495/1
f 714/2496/5 692/2437/5 693/2436/5 716/923/5
f 692/2437/4 714/2496/4 715/2497/4 691/2498/4
f 713/2499/4 712/2500/4 715/2497/4 714/2496/4
f 712/2501/2 713/2502/2 293/2503/2 292/2504/2
f 715/2505/1 712/2506/1 292/2507/1 296/906/1
f 716/907/5 293/911/5 713/2508/5 714/2509/5
f 301/2510/2 717/2511/2 719/2512/2 718/2513/2
f 293/2514/5 301/2515/5 718/2516/5 713/2517/5
f 712/2518/1 719/2519/1 717/2520/1 292/2521/1
f 719/2519/4 712/2518/4 713/2522/4 718/2523/4
f 720/2524/1 721/2525/1 723/2526/1 722/2527/1
f 722/2528/2 723/2529/2 727/2530/2 726/2531/2
f 726/2532/5 727/2533/5 725/2534/5 724/2535/5
f 724/2536/3 725/2537/3 721/2538/3 720/2539/3
f 722/2540/11 726/2541/11 724/2542/11 720/2543/11
f 727/2544/12 723/2545/12 721/2546/12 725/2547/12
f 1779/2548/5 1780/2549/5 729/2550/5 728/2551/5
f 728/2552/2 729/2553/2 733/2554/2 732/2555/2
f 732/2556/1 733/2557/1 731/2558/1 730/2559/1
f 730/2560/3 731/2561/3 1780/2562/3 1779/2563/3
f 728/2564/13 732/2565/13 730/2566/13 1779/2567/13
f 733/2557/14 729/2550/14 1780/2549/14 731/2558/14
f 734/2568/4 735/2569/4 737/2570/4 736/2571/4
f 736/2572/2 737/2573/2 741/2574/2 740/2575/2
f 740/2576/15 741/2577/15 739/2578/15 738/2579/15
f 738/2580/3 739/2581/3 735/2582/3 734/2583/3
f 736/2571/14 740/2576/14 738/2579/14 734/2568/14
f 741/2577/11 737/2570/11 735/2569/11 739/2578/11
f 742/2584/15 1749/2585/15 1751/2586/15 1750/2587/15
f 1750/2588/2 1751/2589/2 1753/2590/2 744/2591/2
f 744/2592/4 1753/2593/4 1752/2594/4 743/2595/4
f 743/2596/3 1752/2597/3 1749/2598/3 742/2599/3
f 1750/2587/12 744/2592/12 743/2595/12 742/2584/12
f 1793/2600/1 1794/2601/1 746/2602/1 745/2603/1
f 745/2604/2 746/2605/2 749/2606/2 748/2607/2
f 748/2608/5 749/2609/5 1797/2610/5 747/2611/5
f 747/2612/3 1797/2613/3 1794/2614/3 1793/2615/3
f 745/2603/11 748/2608/11 747/2611/11 1793/2600/11
f 749/2616/12 746/2617/12 1794/2618/12 1797/2619/12
f 750/2620/5 1800/2621/5 752/2622/5 751/2623/5
f 751/2624/2 752/2625/2 756/2626/2 755/2627/2
f 755/2628/1 756/2629/1 754/2630/1 753/2631/1
f 753/2632/3 754/2633/3 1800/2634/3 750/2635/3
f 751/2636/13 755/2637/13 753/2638/13 750/2639/13
f 756/2640/14 752/2641/14 1800/2642/14 754/2643/14
f 1812/2644/4 765/2645/4 758/2646/4 757/2647/4
f 757/2648/2 758/2649/2 767/2650/2 759/2651/2
f 759/2652/15 767/2653/15 766/2654/15 1815/2655/15
f 1815/2656/3 766/2657/3 765/2658/3 1812/2659/3
f 757/2647/14 759/2652/14 1815/2655/14 1812/2644/14
f 767/2653/11 758/2646/11 765/2645/11 766/2654/11
f 760/2660/15 1805/2661/15 762/2662/15 761/2663/15
f 761/2664/2 762/2665/2 764/2666/2 763/2667/2
f 763/2668/4 764/2669/4 1809/2670/4 1808/2671/4
f 1808/2672/3 1809/2673/3 1805/2674/3 760/2675/3
f 761/2676/12 763/2677/12 1808/2678/12 760/2679/12
f 764/2680/13 762/2681/13 1805/2682/13 1809/2683/13
f 768/2684/1 769/2685/1 246/2686/1 770/2687/1
f 773/2688/5 774/2689/5 772/2690/5 771/2691/5
f 771/2692/3 772/2693/3 769/2694/3 768/2695/3
f 770/2687/11 773/2688/11 771/2691/11 768/2684/11
f 774/2696/12 246/2697/12 769/2698/12 772/2699/12
f 775/2700/5 776/2701/5 252/2702/5 251/2703/5
f 255/2704/1 256/2705/1 778/2706/1 777/2707/1
f 777/2708/3 778/2709/3 776/2710/3 775/2711/3
f 251/2712/13 255/2713/13 777/2714/13 775/2715/13
f 256/2716/14 252/2717/14 776/2718/14 778/2719/14
f 785/2720/4 786/2721/4 268/2722/4 259/2723/4
f 261/2724/15 789/2725/15 788/2726/15 787/2727/15
f 259/2723/14 261/2724/14 787/2727/14 785/2720/14
f 789/2725/11 268/2722/11 786/2721/11 788/2726/11
f 779/2728/15 780/2729/15 263/2730/15 262/2731/15
f 783/2732/4 784/2733/4 782/2734/4 781/2735/4
f 781/2736/3 782/2737/3 780/2738/3 779/2739/3
f 262/2740/12 783/2741/12 781/2742/12 779/2743/12
f 784/2744/13 263/2745/13 780/2746/13 782/2747/13
f 787/2748/3 788/2749/3 786/2750/3 785/2751/3
f 790/2752/1 791/2753/1 793/2754/1 792/2755/1
f 222/2756/5 796/2757/5 795/2758/5 794/2759/5
f 794/2760/3 795/2761/3 791/2762/3 790/2763/3
f 792/2755/11 222/2756/11 794/2759/11 790/2752/11
f 796/2764/12 793/2765/12 791/2766/12 795/2767/12
f 797/2768/5 798/2769/5 226/2770/5 225/2771/5
f 801/2772/1 229/2773/1 800/2774/1 799/2775/1
f 799/2776/3 800/2777/3 798/2778/3 797/2779/3
f 225/2780/13 801/2781/13 799/2782/13 797/2783/13
f 229/2784/14 226/2785/14 798/2786/14 800/2787/14
f 810/2788/4 811/2789/4 802/2790/4 241/2791/4
f 244/2792/15 232/2793/15 813/2794/15 812/2795/15
f 241/2791/14 244/2792/14 812/2795/14 810/2788/14
f 232/2793/11 802/2790/11 811/2789/11 813/2794/11
f 803/2796/15 804/2797/15 234/2798/15 805/2799/15
f 805/708/16 234/707/16 809/2800/16 808/2801/16
f 808/2802/4 809/2803/4 807/2804/4 806/2805/4
f 806/2806/17 807/2807/17 804/2808/17 803/2809/17
f 805/2810/18 808/2811/18 806/2812/18 803/2813/18
f 809/2814/19 234/2815/19 804/2816/19 807/2817/19
f 812/2818/3 813/2819/3 811/2820/3 810/2821/3
f 814/2822/4 815/2823/4 817/2824/4 816/2825/4
f 204/2826/15 205/2827/15 819/2828/15 818/2829/15
f 818/2830/3 819/2831/3 815/2832/3 814/2833/3
f 816/2825/14 204/2826/14 818/2829/14 814/2822/14
f 205/2827/11 817/2824/11 815/2823/11 819/2828/11
f 820/2834/5 821/2835/5 822/2836/5 208/2837/5
f 211/2838/1 825/2839/1 824/2840/1 823/2841/1
f 823/2842/3 824/2843/3 821/2844/3 820/2845/3
f 208/2846/13 211/2847/13 823/2848/13 820/2849/13
f 825/2850/15 822/2851/15 821/2852/15 824/2853/15
f 826/2854/1 216/2855/1 828/2856/1 827/2857/1
f 827/2858/3 828/2859/3 831/2860/3 830/2861/3
f 830/2862/5 831/2863/5 829/2864/5 219/2865/5
f 827/2866/12 830/2867/12 219/2868/12 826/2869/12
f 831/2870/15 828/2871/15 216/2872/15 829/2873/15
f 832/2874/4 833/2875/4 835/2876/4 834/2877/4
f 834/2878/5 835/2879/5 839/2880/5 838/2881/5
f 838/2882/15 839/2883/15 837/2884/15 836/2885/15
f 836/2886/1 837/2887/1 833/2888/1 832/2889/1
f 834/2890/20 838/2891/20 836/2892/20 832/2893/20
f 839/2883/21 835/2894/21 833/2895/21 837/2884/21
f 858/2896/3 859/2897/3 841/2898/3 840/2899/3
f 840/2900/5 841/2901/5 845/2902/5 844/2903/5
f 844/2904/2 845/2905/2 843/2906/2 842/2907/2
f 842/2908/1 843/2909/1 859/2910/1 858/2911/1
f 840/2912/22 844/2913/22 842/2914/22 858/2915/22
f 845/2916/15 841/2917/15 859/2918/15 843/2919/15
f 846/2920/15 849/2921/15 850/2922/15 847/2923/15
f 867/2924/23 864/2925/23 848/2926/23 851/2927/23
f 848/2928/5 847/2929/5 850/2930/5 851/2931/5
f 864/2932/3 846/2933/3 847/2934/3 848/2935/3
f 867/2936/1 849/2937/1 846/2938/1 864/2939/1
f 851/2940/2 850/2941/2 849/2942/2 867/2943/2
f 852/2944/4 853/2945/4 833/2946/4 832/2947/4
f 836/2948/15 837/2949/15 855/2950/15 854/2951/15
f 854/2952/1 855/2953/1 853/2954/1 852/2955/1
f 832/2956/20 836/2957/20 854/2958/20 852/2959/20
f 837/2949/21 833/2960/21 853/2961/21 855/2950/21
f 856/2962/3 857/2963/3 859/2964/3 858/2965/3
f 842/2966/2 843/2967/2 861/2968/2 860/2969/2
f 860/2970/1 861/2971/1 857/2972/1 856/2973/1
f 858/2974/22 842/2975/22 860/2976/22 856/2977/22
f 843/2978/15 859/2979/15 857/2980/15 861/2981/15
f 862/2982/15 865/2983/15 849/2984/15 846/2985/15
f 866/2986/23 863/2987/23 864/2988/23 867/2989/23
f 863/2990/3 862/2991/3 846/2992/3 864/2993/3
f 866/2994/1 865/2995/1 862/2996/1 863/2997/1
f 867/2998/2 849/2999/2 865/3000/2 866/3001/2
f 2400/3002/4 870/3003/4 872/3004/4 873/3005/4
f 870/3003/4 869/3006/4 871/3007/4 872/3004/4
f 874/3008/2 875/3009/2 877/3010/2 876/3011/2
f 876/3012/5 877/3013/5 881/3014/5 880/3015/5
f 880/3016/3 881/3017/3 879/3018/3 878/3019/3
f 878/3020/1 879/3021/1 875/3022/1 874/3023/1
f 876/3024/24 880/3025/24 878/3026/24 874/3027/24
f 881/3028/25 877/3029/25 875/3030/25 879/3031/25
f 882/3032/3 883/3033/3 885/3034/3 884/3035/3
f 884/3036/5 885/3037/5 889/3038/5 888/3039/5
f 888/3040/2 889/3041/2 887/3042/2 886/3043/2
f 886/3044/1 887/3045/1 883/3046/1 882/3047/1
f 884/3048/26 888/3049/26 886/3050/26 882/3051/26
f 889/3041/27 885/3034/27 883/3033/27 887/3042/27
f 890/3052/4 891/3053/4 893/3054/4 892/3055/4
f 892/3056/5 893/3057/5 897/3058/5 896/3059/5
f 896/3060/15 897/3061/15 895/3062/15 894/3063/15
f 894/3064/1 895/3065/1 891/3066/1 890/3067/1
f 892/3055/27 896/3060/27 894/3063/27 890/3052/27
f 897/3061/24 893/3054/24 891/3053/24 895/3062/24
f 898/3068/15 899/3069/15 901/3070/15 900/3071/15
f 900/3072/5 901/3073/5 905/3074/5 904/3075/5
f 904/3076/4 905/3077/4 903/3078/4 902/3079/4
f 902/3080/1 903/3081/1 899/3082/1 898/3083/1
f 900/3071/25 904/3076/25 902/3079/25 898/3068/25
f 905/3077/26 901/3070/26 899/3069/26 903/3078/26
f 906/3084/1 907/3085/1 178/3086/1 177/3087/1
f 181/3088/5 910/3089/5 909/3090/5 908/3091/5
f 908/3092/3 909/3093/3 907/3094/3 906/3095/3
f 177/3087/11 181/3088/11 908/3091/11 906/3084/11
f 910/3096/12 178/3097/12 907/3098/12 909/3099/12
f 911/3100/5 912/3101/5 913/3102/5 184/3103/5
f 187/3104/1 916/3105/1 915/3106/1 914/3107/1
f 914/3108/3 915/3109/3 912/3110/3 911/3111/3
f 184/3112/13 187/3113/13 914/3114/13 911/3115/13
f 916/3116/14 913/3117/14 912/3118/14 915/3119/14
f 925/3120/4 926/3121/4 917/3122/4 190/3123/4
f 918/3124/15 199/3125/15 928/3126/15 927/3127/15
f 190/3123/14 918/3124/14 927/3127/14 925/3120/14
f 199/3125/11 917/3122/11 926/3121/11 928/3126/11
f 919/3128/15 920/3129/15 921/3130/15 192/3131/15
f 195/3132/4 924/3133/4 923/3134/4 922/3135/4
f 922/3136/3 923/3137/3 920/3138/3 919/3139/3
f 192/3140/12 195/3141/12 922/3142/12 919/3143/12
f 924/3144/13 921/3145/13 920/3146/13 923/3147/13
f 927/3148/3 928/3149/3 926/3150/3 925/3151/3
f 933/3152/5 929/3153/5 930/3154/5 934/3155/5
f 929/3153/2 933/3152/2 935/3156/2 932/3157/2
f 931/3158/3 936/3159/3 934/3160/3 930/3161/3
f 929/3162/15 930/3163/15 931/3164/15 932/3165/15
f 936/3166/15 935/3167/15 933/3168/15 934/3169/15
f 935/3170/1 936/3171/1 931/3172/1 932/3173/1
f 937/3174/1 932/3173/1 931/3172/1 938/3175/1
f 932/3173/2 937/3174/2 939/3176/2 929/3177/2
f 930/3178/3 940/3179/3 938/3180/3 931/3181/3
f 940/3182/4 939/3183/4 937/3184/4 938/3185/4
f 939/3186/5 940/3187/5 930/3154/5 929/3153/5
f 945/3188/5 941/3189/5 942/3190/5 946/3191/5
f 941/3189/3 945/3188/3 947/3192/3 944/3193/3
f 943/3194/2 948/3195/2 946/3196/2 942/3197/2
f 941/3198/4 942/3199/4 943/3200/4 944/3201/4
f 948/3202/4 947/3203/4 945/3204/4 946/3205/4
f 947/3206/1 948/3207/1 943/3208/1 944/3209/1
f 953/3210/5 949/3211/5 950/3212/5 954/3213/5
f 949/3211/3 953/3210/3 955/3214/3 952/3215/3
f 951/3216/2 956/3217/2 954/3218/2 950/3219/2
f 949/3220/4 950/3221/4 951/3222/4 952/3223/4
f 956/3224/4 955/3225/4 953/3226/4 954/3227/4
f 955/3228/1 956/3229/1 951/3230/1 952/3231/1
f 961/3232/5 957/3233/5 958/3234/5 962/3235/5
f 957/3233/3 961/3232/3 963/3236/3 960/3237/3
f 959/3238/2 964/3239/2 962/3240/2 958/3241/2
f 957/3242/4 958/3243/4 959/3244/4 960/3245/4
f 964/3246/4 963/3247/4 961/3248/4 962/3249/4
f 963/3250/1 964/3251/1 959/3252/1 960/3253/1
f 965/3254/5 933/3255/5 934/3256/5 966/3257/5
f 933/3255/2 965/3254/2 967/3258/2 935/3259/2
f 936/3260/3 968/3261/3 966/3262/3 934/3263/3
f 968/3264/15 967/3265/15 965/3266/15 966/3267/15
f 967/3268/1 968/3269/1 936/3270/1 935/3271/1
f 973/3272/5 969/3273/5 970/3274/5 974/3275/5
f 969/3273/2 973/3272/2 975/3276/2 972/3277/2
f 971/3278/3 976/3279/3 974/3280/3 970/3281/3
f 969/3282/15 970/3283/15 971/3284/15 972/3285/15
f 976/3286/15 975/3287/15 973/3288/15 974/3289/15
f 975/3290/1 976/3291/1 971/3292/1 972/3293/1
f 969/3294/5 977/3295/5 978/3296/5 970/3297/5
f 977/3295/2 969/3294/2 972/3298/2 980/3299/2
f 979/3300/3 971/3301/3 970/3302/3 978/3303/3
f 977/3304/15 978/3305/15 979/3306/15 980/3307/15
f 972/3308/1 971/3309/1 979/3310/1 980/3311/1
f 985/3312/1 981/3313/1 982/3314/1 986/3315/1
f 981/3313/3 985/3312/3 987/3316/3 984/3317/3
f 983/3318/2 988/3319/2 986/3320/2 982/3321/2
f 981/3322/15 982/3323/15 983/3324/15 984/3325/15
f 988/3326/15 987/3327/15 985/3328/15 986/3329/15
f 987/3330/5 988/3331/5 983/3332/5 984/3333/5
f 993/3334/5 989/3335/5 990/3336/5 994/3337/5
f 989/3335/3 993/3334/3 995/3338/3 992/3339/3
f 991/3340/2 996/3341/2 994/3342/2 990/3343/2
f 989/3344/4 990/3345/4 991/3346/4 992/3347/4
f 996/3348/4 995/3349/4 993/3350/4 994/3351/4
f 995/3352/1 996/3353/1 991/3354/1 992/3355/1
f 1001/3356/5 997/3357/5 998/3358/5 1002/3359/5
f 997/3357/3 1001/3356/3 1003/3360/3 1000/3361/3
f 999/3362/2 1004/3363/2 1002/3364/2 998/3365/2
f 997/3366/4 998/3367/4 999/3368/4 1000/3369/4
f 1004/3370/4 1003/3371/4 1001/3372/4 1002/3373/4
f 1003/3374/1 1004/3375/1 999/3376/1 1000/3377/1
f 1005/3378/5 973/3379/5 974/3380/5 1006/3381/5
f 973/3379/2 1005/3378/2 1007/3382/2 975/3383/2
f 976/3384/3 1008/3385/3 1006/3386/3 974/3387/3
f 1008/3388/15 1007/3389/15 1005/3390/15 1006/3391/15
f 1007/3392/1 1008/3393/1 976/3394/1 975/3395/1
f 1013/3396/5 1009/3397/5 1010/3398/5 1014/3399/5
f 1009/3397/2 1013/3396/2 1015/3400/2 1012/3401/2
f 1011/3402/3 1016/3403/3 1014/3404/3 1010/3405/3
f 1009/3406/15 1010/3407/15 1011/3408/15 1012/3409/15
f 1016/3410/15 1015/3411/15 1013/3412/15 1014/3413/15
f 1015/3414/1 1016/3415/1 1011/3416/1 1012/3417/1
f 1017/3418/1 1012/3417/1 1011/3416/1 1018/3419/1
f 1012/3417/2 1017/3418/2 1019/3420/2 1009/3421/2
f 1010/3422/3 1020/3423/3 1018/3424/3 1011/3425/3
f 1020/3426/4 1019/3427/4 1017/3428/4 1018/3429/4
f 1019/3430/5 1020/3431/5 1010/3398/5 1009/3397/5
f 1025/3432/5 1021/3433/5 1022/3434/5 1026/3435/5
f 1021/3433/3 1025/3432/3 1027/3436/3 1024/3437/3
f 1023/3438/2 1028/3439/2 1026/3440/2 1022/3441/2
f 1021/3442/4 1022/3443/4 1023/3444/4 1024/3445/4
f 1028/3446/4 1027/3447/4 1025/3448/4 1026/3449/4
f 1027/3450/1 1028/3451/1 1023/3452/1 1024/3453/1
f 1033/3454/5 1029/3455/5 1030/3456/5 1034/3457/5
f 1029/3455/3 1033/3454/3 1035/3458/3 1032/3459/3
f 1031/3460/2 1036/3461/2 1034/3462/2 1030/3463/2
f 1029/3464/4 1030/3465/4 1031/3466/4 1032/3467/4
f 1036/3468/4 1035/3469/4 1033/3470/4 1034/3471/4
f 1035/3472/1 1036/3473/1 1031/3474/1 1032/3475/1
f 1041/3476/5 1037/3477/5 1038/3478/5 1042/3479/5
f 1037/3477/3 1041/3476/3 1043/3480/3 1040/3481/3
f 1039/3482/2 1044/3483/2 1042/3484/2 1038/3485/2
f 1037/3486/4 1038/3487/4 1039/3488/4 1040/3489/4
f 1044/3490/4 1043/3491/4 1041/3492/4 1042/3493/4
f 1043/3494/1 1044/3495/1 1039/3496/1 1040/3497/1
f 1045/3498/5 1013/3499/5 1014/3500/5 1046/3501/5
f 1013/3499/2 1045/3498/2 1047/3502/2 1015/3503/2
f 1016/3504/3 1048/3505/3 1046/3506/3 1014/3507/3
f 1048/3508/15 1047/3509/15 1045/3510/15 1046/3511/15
f 1047/3512/1 1048/3513/1 1016/3514/1 1015/3515/1
f 1053/3516/4 1049/3517/4 1050/3518/4 1054/3519/4
f 1049/3517/3 1053/3516/3 1055/3520/3 1052/3521/3
f 1051/3522/2 1056/3523/2 1054/3524/2 1050/3525/2
f 1049/3526/1 1050/3527/1 1051/3528/1 1052/3529/1
f 1056/3530/1 1055/3531/1 1053/3532/1 1054/3533/1
f 1055/3534/15 1056/3535/15 1051/3536/15 1052/3537/15
f 1061/3538/5 1057/3539/5 1058/3540/5 1062/3541/5
f 1057/3539/2 1061/3538/2 1063/3542/2 1060/3543/2
f 1059/3544/3 1064/3545/3 1062/3546/3 1058/3547/3
f 1057/3548/15 1058/3549/15 1059/3550/15 1060/3551/15
f 1064/3552/15 1063/3553/15 1061/3554/15 1062/3555/15
f 1063/3556/1 1064/3557/1 1059/3558/1 1060/3559/1
f 1069/3560/1 1065/3561/1 1066/3562/1 1070/3563/1
f 1065/3561/3 1069/3560/3 1071/3564/3 1068/3565/3
f 1067/3566/2 1072/3567/2 1070/3568/2 1066/3569/2
f 1065/3570/15 1066/3571/15 1067/3572/15 1068/3573/15
f 1072/3574/15 1071/3575/15 1069/3576/15 1070/3577/15
f 1071/3578/5 1072/3579/5 1067/3580/5 1068/3581/5
f 1077/3582/5 1073/3583/5 1074/3584/5 1078/3585/5
f 1073/3583/3 1077/3582/3 1079/3586/3 1076/3587/3
f 1075/3588/2 1080/3589/2 1078/3590/2 1074/3591/2
f 1073/3592/4 1074/3593/4 1075/3594/4 1076/3595/4
f 1080/3596/4 1079/3597/4 1077/3598/4 1078/3599/4
f 1079/3600/1 1080/3601/1 1075/3602/1 1076/3603/1
f 1085/3604/5 1081/3605/5 1082/3606/5 1086/3607/5
f 1081/3605/3 1085/3604/3 1087/3608/3 1084/3609/3
f 1083/3610/2 1088/3611/2 1086/3612/2 1082/3613/2
f 1081/3614/4 1082/3615/4 1083/3616/4 1084/3617/4
f 1088/3618/4 1087/3619/4 1085/3620/4 1086/3621/4
f 1087/3622/1 1088/3623/1 1083/3624/1 1084/3625/1
f 1090/3626/1 1089/3627/1 1094/3628/1 1093/3629/1
f 1089/3630/15 1090/3631/15 1092/3632/15 1091/3633/15
f 1096/3634/15 1095/3635/15 1094/3636/15 1093/3637/15
f 1094/3638/3 1089/3639/3 1091/3640/3 1095/3641/3
f 1096/3642/2 1092/3643/2 1090/3644/2 1093/3645/2
f 1092/3643/5 1096/3642/5 1095/3646/5 1091/3647/5
f 1101/3648/5 1097/3649/5 1098/3650/5 1102/3651/5
f 1097/3649/2 1101/3648/2 1103/3652/2 1100/3653/2
f 1099/3654/3 1104/3655/3 1102/3656/3 1098/3657/3
f 1097/3658/15 1098/3659/15 1099/3660/15 1100/3661/15
f 1104/3662/15 1103/3663/15 1101/3664/15 1102/3665/15
f 1103/3666/1 1104/3667/1 1099/3668/1 1100/3669/1
f 1105/3670/1 1100/3669/1 1099/3668/1 1106/3671/1
f 1100/3669/2 1105/3670/2 1107/3672/2 1097/3673/2
f 1098/3674/3 1108/3675/3 1106/3676/3 1099/3677/3
f 1108/3678/4 1107/3679/4 1105/3680/4 1106/3681/4
f 1107/3682/5 1108/3683/5 1098/3650/5 1097/3649/5
f 1113/3684/5 1109/3685/5 1110/3686/5 1114/3687/5
f 1109/3685/3 1113/3684/3 1115/3688/3 1112/3689/3
f 1111/3690/2 1116/3691/2 1114/3692/2 1110/3693/2
f 1109/3694/4 1110/3695/4 1111/3696/4 1112/3697/4
f 1116/3698/4 1115/3699/4 1113/3700/4 1114/3701/4
f 1115/3702/1 1116/3703/1 1111/3704/1 1112/3705/1
f 1121/3706/5 1117/3707/5 1118/3708/5 1122/3709/5
f 1117/3707/3 1121/3706/3 1123/3710/3 1120/3711/3
f 1119/3712/2 1124/3713/2 1122/3714/2 1118/3715/2
f 1117/3716/4 1118/3717/4 1119/3718/4 1120/3719/4
f 1124/3720/4 1123/3721/4 1121/3722/4 1122/3723/4
f 1123/3724/1 1124/3725/1 1119/3726/1 1120/3727/1
f 1129/3728/5 1125/3729/5 1126/3730/5 1130/3731/5
f 1125/3729/3 1129/3728/3 1131/3732/3 1128/3733/3
f 1127/3734/2 1132/3735/2 1130/3736/2 1126/3737/2
f 1125/3738/4 1126/3739/4 1127/3740/4 1128/3741/4
f 1132/3742/4 1131/3743/4 1129/3744/4 1130/3745/4
f 1131/3746/1 1132/3747/1 1127/3748/1 1128/3749/1
f 1133/3750/5 1101/3751/5 1102/3752/5 1134/3753/5
f 1101/3751/2 1133/3750/2 1135/3754/2 1103/3755/2
f 1104/3756/3 1136/3757/3 1134/3758/3 1102/3759/3
f 1136/3760/15 1135/3761/15 1133/3762/15 1134/3763/15
f 1135/3764/1 1136/3765/1 1104/3766/1 1103/3767/1
f 1141/3768/5 1137/3769/5 1138/3770/5 1142/3771/5
f 1137/3769/2 1141/3768/2 1143/3772/2 1140/3773/2
f 1139/3774/3 1144/3775/3 1142/3776/3 1138/3777/3
f 1137/3778/15 1138/3779/15 1139/3780/15 1140/3781/15
f 1144/3782/15 1143/3783/15 1141/3784/15 1142/3785/15
f 1143/3786/1 1144/3787/1 1139/3788/1 1140/3789/1
f 1145/3790/1 1140/3789/1 1139/3788/1 1146/3791/1
f 1140/3789/2 1145/3790/2 1147/3792/2 1137/3793/2
f 1138/3794/3 1148/3795/3 1146/3796/3 1139/3797/3
f 1148/3798/4 1147/3799/4 1145/3800/4 1146/3801/4
f 1147/3802/5 1148/3803/5 1138/3770/5 1137/3769/5
f 1153/3804/5 1149/3805/5 1150/3806/5 1154/3807/5
f 1149/3805/3 1153/3804/3 1155/3808/3 1152/3809/3
f 1151/3810/2 1156/3811/2 1154/3812/2 1150/3813/2
f 1149/3814/4 1150/3815/4 1151/3816/4 1152/3817/4
f 1156/3818/4 1155/3819/4 1153/3820/4 1154/3821/4
f 1155/3822/1 1156/3823/1 1151/3824/1 1152/3825/1
f 1161/3826/5 1157/3827/5 1158/3828/5 1162/3829/5
f 1157/3827/3 1161/3826/3 1163/3830/3 1160/3831/3
f 1159/3832/2 1164/3833/2 1162/3834/2 1158/3835/2
f 1157/3836/4 1158/3837/4 1159/3838/4 1160/3839/4
f 1164/3840/4 1163/3841/4 1161/3842/4 1162/3843/4
f 1163/3844/1 1164/3845/1 1159/3846/1 1160/3847/1
f 1169/3848/5 1165/3849/5 1166/3850/5 1170/3851/5
f 1165/3849/3 1169/3848/3 1171/3852/3 1168/3853/3
f 1167/3854/2 1172/3855/2 1170/3856/2 1166/3857/2
f 1165/3858/4 1166/3859/4 1167/3860/4 1168/3861/4
f 1172/3862/4 1171/3863/4 1169/3864/4 1170/3865/4
f 1171/3866/1 1172/3867/1 1167/3868/1 1168/3869/1
f 1173/3870/5 1141/3871/5 1142/3872/5 1174/3873/5
f 1141/3871/2 1173/3870/2 1175/3874/2 1143/3875/2
f 1144/3876/3 1176/3877/3 1174/3878/3 1142/3879/3
f 1176/3880/15 1175/3881/15 1173/3882/15 1174/3883/15
f 1175/3884/1 1176/3885/1 1144/3886/1 1143/3887/1
f 1178/3888/1 1177/3889/1 1209/3890/1 1210/3891/1
f 1177/3892/15 1178/3893/15 1180/3894/15 1179/3895/15
f 1209/3896/3 1177/3897/3 1179/3898/3 1211/3899/3
f 1212/3900/2 1180/3901/2 1178/3902/2 1210/3903/2
f 1180/3901/5 1212/3900/5 1211/3904/5 1179/3905/5
f 1182/3906/1 1181/3907/1 1186/3908/1 1185/3909/1
f 1181/3910/4 1182/3911/4 1184/3912/4 1183/3913/4
f 1188/3914/4 1187/3915/4 1186/3916/4 1185/3917/4
f 1186/3918/2 1181/3919/2 1183/3920/2 1187/3921/2
f 1188/3922/3 1184/3923/3 1182/3924/3 1185/3925/3
f 1184/3923/5 1188/3922/5 1187/3926/5 1183/3927/5
f 1190/3928/1 1189/3929/1 1194/3930/1 1193/3931/1
f 1189/3932/4 1190/3933/4 1192/3934/4 1191/3935/4
f 1196/3936/4 1195/3937/4 1194/3938/4 1193/3939/4
f 1194/3940/2 1189/3941/2 1191/3942/2 1195/3943/2
f 1196/3944/3 1192/3945/3 1190/3946/3 1193/3947/3
f 1192/3945/5 1196/3944/5 1195/3948/5 1191/3949/5
f 1198/3950/1 1197/3951/1 1202/3952/1 1201/3953/1
f 1197/3954/4 1198/3955/4 1200/3956/4 1199/3957/4
f 1204/3958/4 1203/3959/4 1202/3960/4 1201/3961/4
f 1202/3962/2 1197/3963/2 1199/3964/2 1203/3965/2
f 1204/3966/3 1200/3967/3 1198/3968/3 1201/3969/3
f 1200/3967/5 1204/3966/5 1203/3970/5 1199/3971/5
f 1206/3972/5 1205/3973/5 1215/3974/5 1216/3975/5
f 1205/3976/4 1206/3977/4 1208/3978/4 1207/3979/4
f 1215/3980/3 1205/3981/3 1207/3982/3 1214/3983/3
f 1213/3984/2 1208/3985/2 1206/3986/2 1216/3987/2
f 1208/3985/1 1213/3984/1 1214/3988/1 1207/3989/1
f 1210/3990/1 1209/3991/1 1214/3988/1 1213/3984/1
f 1209/3992/15 1210/3993/15 1212/3994/15 1211/3995/15
f 1216/3996/15 1215/3997/15 1214/3998/15 1213/3999/15
f 1214/4000/3 1209/4001/3 1211/4002/3 1215/4003/3
f 1216/3975/2 1212/4004/2 1210/4005/2 1213/4006/2
f 1212/4004/5 1216/3975/5 1215/3974/5 1211/4007/5
f 1218/4008/1 1217/4009/1 1249/4010/1 1250/4011/1
f 1217/4012/15 1218/4013/15 1220/4014/15 1219/4015/15
f 1249/4016/3 1217/4017/3 1219/4018/3 1251/4019/3
f 1252/4020/2 1220/4021/2 1218/4022/2 1250/4023/2
f 1220/4021/5 1252/4020/5 1251/4024/5 1219/4025/5
f 1222/4026/1 1221/4027/1 1226/4028/1 1225/4029/1
f 1221/4030/4 1222/4031/4 1224/4032/4 1223/4033/4
f 1228/4034/4 1227/4035/4 1226/4036/4 1225/4037/4
f 1226/4038/2 1221/4039/2 1223/4040/2 1227/4041/2
f 1228/4042/3 1224/4043/3 1222/4044/3 1225/4045/3
f 1224/4043/5 1228/4042/5 1227/4046/5 1223/4047/5
f 1230/4048/1 1229/4049/1 1234/4050/1 1233/4051/1
f 1229/4052/4 1230/4053/4 1232/4054/4 1231/4055/4
f 1236/4056/4 1235/4057/4 1234/4058/4 1233/4059/4
f 1234/4060/2 1229/4061/2 1231/4062/2 1235/4063/2
f 1236/4064/3 1232/4065/3 1230/4066/3 1233/4067/3
f 1232/4065/5 1236/4064/5 1235/4068/5 1231/4069/5
f 1238/4070/1 1237/4071/1 1242/4072/1 1241/4073/1
f 1237/4074/4 1238/4075/4 1240/4076/4 1239/4077/4
f 1244/4078/4 1243/4079/4 1242/4080/4 1241/4081/4
f 1242/4082/2 1237/4083/2 1239/4084/2 1243/4085/2
f 1244/4086/3 1240/4087/3 1238/4088/3 1241/4089/3
f 1240/4087/5 1244/4086/5 1243/4090/5 1239/4091/5
f 1246/4092/5 1245/4093/5 1255/4094/5 1256/4095/5
f 1245/4096/4 1246/4097/4 1248/4098/4 1247/4099/4
f 1255/4100/3 1245/4101/3 1247/4102/3 1254/4103/3
f 1253/4104/2 1248/4105/2 1246/4106/2 1256/4107/2
f 1248/4105/1 1253/4104/1 1254/4108/1 1247/4109/1
f 1250/4110/1 1249/4111/1 1254/4108/1 1253/4104/1
f 1249/4112/15 1250/4113/15 1252/4114/15 1251/4115/15
f 1256/4116/15 1255/4117/15 1254/4118/15 1253/4119/15
f 1254/4120/3 1249/4121/3 1251/4122/3 1255/4123/3
f 1256/4095/2 1252/4124/2 1250/4125/2 1253/4126/2
f 1252/4124/5 1256/4095/5 1255/4094/5 1251/4127/5
f 1266/4128/4 1257/4129/4 1258/4130/4 1265/4131/4
f 1257/4129/2 1266/4128/2 1268/4132/2 1260/4133/2
f 1259/4134/3 1267/4135/3 1265/4136/3 1258/4137/3
f 1257/4138/5 1258/4139/5 1259/4140/5 1260/4141/5
f 1268/4142/15 1267/4143/15 1259/4144/15 1260/4145/15
f 1265/4136/4 1261/4146/4 1262/4147/4 1266/4148/4
f 1261/4146/3 1265/4136/3 1267/4135/3 1264/4149/3
f 1263/4150/2 1268/4132/2 1266/4128/2 1262/4151/2
f 1261/4152/1 1262/4153/1 1263/4154/1 1264/4155/1
f 1268/4156/1 1267/4157/1 1265/4158/1 1266/4159/1
f 1267/4160/15 1268/4161/15 1263/4162/15 1264/4163/15
f 1273/4164/4 1269/4165/4 1270/4166/4 1274/4167/4
f 1269/4165/2 1273/4164/2 1275/4168/2 1272/4169/2
f 1271/4170/3 1276/4171/3 1274/4172/3 1270/4173/3
f 1269/4174/5 1270/4175/5 1271/4176/5 1272/4177/5
f 1276/4178/5 1275/4179/5 1273/4180/5 1274/4181/5
f 1275/4182/15 1276/4183/15 1271/4184/15 1272/4185/15
f 1278/4186/15 1277/4187/15 1282/4188/15 1281/4189/15
f 1277/4190/1 1278/4191/1 1280/4192/1 1279/4193/1
f 1284/4194/1 1283/4195/1 1282/4196/1 1281/4197/1
f 1282/4198/2 1277/4199/2 1279/4200/2 1283/4201/2
f 1284/4202/3 1280/4203/3 1278/4204/3 1281/4205/3
f 1280/4203/4 1284/4202/4 1283/4206/4 1279/4207/4
f 1291/4208/4 1292/4209/4 1283/4206/4 1284/4202/4
f 1283/4210/2 1292/4211/2 1289/4212/2 1282/4213/2
f 1281/4189/3 1290/4214/3 1291/4215/3 1284/4216/3
f 1290/4214/15 1281/4189/15 1282/4188/15 1289/4217/15
f 1286/4218/15 1285/4219/15 1290/4220/15 1289/4221/15
f 1285/4222/5 1286/4223/5 1288/4224/5 1287/4225/5
f 1292/4226/5 1291/4227/5 1290/4228/5 1289/4229/5
f 1290/4230/3 1285/4231/3 1287/4232/3 1291/4233/3
f 1292/4234/2 1288/4235/2 1286/4236/2 1289/4237/2
f 1288/4235/4 1292/4234/4 1291/4238/4 1287/4239/4
f 1302/4240/4 1293/4241/4 1294/4242/4 1301/4243/4
f 1293/4241/2 1302/4240/2 1304/4244/2 1296/4245/2
f 1295/4246/3 1303/4247/3 1301/4248/3 1294/4249/3
f 1293/4250/5 1294/4251/5 1295/4252/5 1296/4253/5
f 1304/4254/15 1303/4255/15 1295/4256/15 1296/4257/15
f 1301/4248/4 1297/4258/4 1298/4259/4 1302/4260/4
f 1297/4258/3 1301/4248/3 1303/4247/3 1300/4261/3
f 1299/4262/2 1304/4244/2 1302/4240/2 1298/4263/2
f 1297/4264/1 1298/4265/1 1299/4266/1 1300/4267/1
f 1304/4268/1 1303/4269/1 1301/4270/1 1302/4271/1
f 1303/4272/15 1304/4273/15 1299/4274/15 1300/4275/15
f 1309/4276/4 1305/4277/4 1306/4278/4 1310/4279/4
f 1305/4277/3 1309/4276/3 1311/4280/3 1308/4281/3
f 1307/4282/2 1312/4283/2 1310/4284/2 1306/4285/2
f 1305/4286/1 1306/4287/1 1307/4288/1 1308/4289/1
f 1312/4290/1 1311/4291/1 1309/4292/1 1310/4293/1
f 1311/4294/15 1312/4295/15 1307/4296/15 1308/4297/15
f 1314/4298/15 1313/4299/15 1318/4300/15 1317/4301/15
f 1320/4302/1 1319/4303/1 1318/4304/1 1317/4305/1
f 1318/4306/2 1313/4307/2 1315/4308/2 1319/4309/2
f 1320/4310/3 1316/4311/3 1314/4312/3 1317/4313/3
f 1316/4311/4 1320/4310/4 1319/4314/4 1315/4315/4
f 1327/4316/4 1328/4317/4 1319/4314/4 1320/4310/4
f 1319/4318/2 1328/4319/2 1325/4320/2 1318/4321/2
f 1317/4301/3 1326/4322/3 1327/4323/3 1320/4324/3
f 1326/4322/15 1317/4301/15 1318/4300/15 1325/4325/15
f 1322/4326/15 1321/4327/15 1326/4328/15 1325/4329/15
f 1321/4330/5 1322/4331/5 1324/4332/5 1323/4333/5
f 1328/4334/5 1327/4335/5 1326/4336/5 1325/4337/5
f 1326/4338/3 1321/4339/3 1323/4340/3 1327/4341/3
f 1328/4342/2 1324/4343/2 1322/4344/2 1325/4345/2
f 1324/4343/4 1328/4342/4 1327/4346/4 1323/4347/4
f 1313/4307/1 1314/4312/1 1316/4311/1 1315/4308/1
f 1330/4348/1 1329/4349/1 1361/4350/1 1362/4351/1
f 1329/4352/15 1330/4353/15 1332/4354/15 1331/4355/15
f 1361/4356/3 1329/4357/3 1331/4358/3 1363/4359/3
f 1364/4360/2 1332/4361/2 1330/4362/2 1362/4363/2
f 1332/4361/5 1364/4360/5 1363/4364/5 1331/4365/5
f 1334/4366/1 1333/4367/1 1338/4368/1 1337/4369/1
f 1333/4370/4 1334/4371/4 1336/4372/4 1335/4373/4
f 1340/4374/4 1339/4375/4 1338/4376/4 1337/4377/4
f 1338/4378/2 1333/4379/2 1335/4380/2 1339/4381/2
f 1340/4382/3 1336/4383/3 1334/4384/3 1337/4385/3
f 1336/4383/5 1340/4382/5 1339/4386/5 1335/4387/5
f 1342/4388/1 1341/4389/1 1346/4390/1 1345/4391/1
f 1341/4392/4 1342/4393/4 1344/4394/4 1343/4395/4
f 1348/4396/4 1347/4397/4 1346/4398/4 1345/4399/4
f 1346/4400/2 1341/4401/2 1343/4402/2 1347/4403/2
f 1348/4404/3 1344/4405/3 1342/4406/3 1345/4407/3
f 1344/4405/5 1348/4404/5 1347/4408/5 1343/4409/5
f 1350/4410/1 1349/4411/1 1354/4412/1 1353/4413/1
f 1349/4414/4 1350/4415/4 1352/4416/4 1351/4417/4
f 1356/4418/4 1355/4419/4 1354/4420/4 1353/4421/4
f 1354/4422/2 1349/4423/2 1351/4424/2 1355/4425/2
f 1356/4426/3 1352/4427/3 1350/4428/3 1353/4429/3
f 1352/4427/5 1356/4426/5 1355/4430/5 1351/4431/5
f 1358/4432/5 1357/4433/5 1367/4434/5 1368/4435/5
f 1357/4436/4 1358/4437/4 1360/4438/4 1359/4439/4
f 1367/4440/3 1357/4441/3 1359/4442/3 1366/4443/3
f 1365/4444/2 1360/4445/2 1358/4446/2 1368/4447/2
f 1360/4445/1 1365/4444/1 1366/4448/1 1359/4449/1
f 1362/4450/1 1361/4451/1 1366/4448/1 1365/4444/1
f 1361/4452/15 1362/4453/15 1364/4454/15 1363/4455/15
f 1368/4456/15 1367/4457/15 1366/4458/15 1365/4459/15
f 1366/4460/3 1361/4461/3 1363/4462/3 1367/4463/3
f 1368/4435/2 1364/4464/2 1362/4465/2 1365/4466/2
f 1364/4464/5 1368/4435/5 1367/4434/5 1363/4467/5
f 1370/4468/1 1369/4469/1 1401/4470/1 1402/4471/1
f 1369/4472/15 1370/4473/15 1372/4474/15 1371/4475/15
f 1401/4476/3 1369/4477/3 1371/4478/3 1403/4479/3
f 1404/4480/2 1372/4481/2 1370/4482/2 1402/4483/2
f 1372/4481/5 1404/4480/5 1403/4484/5 1371/4485/5
f 1374/4486/1 1373/4487/1 1378/4488/1 1377/4489/1
f 1373/4490/4 1374/4491/4 1376/4492/4 1375/4493/4
f 1380/4494/4 1379/4495/4 1378/4496/4 1377/4497/4
f 1378/4498/2 1373/4499/2 1375/4500/2 1379/4501/2
f 1380/4502/3 1376/4503/3 1374/4504/3 1377/4505/3
f 1376/4503/5 1380/4502/5 1379/4506/5 1375/4507/5
f 1382/4508/1 1381/4509/1 1386/4510/1 1385/4511/1
f 1381/4512/4 1382/4513/4 1384/4514/4 1383/4515/4
f 1388/4516/4 1387/4517/4 1386/4518/4 1385/4519/4
f 1386/4520/2 1381/4521/2 1383/4522/2 1387/4523/2
f 1388/4524/3 1384/4525/3 1382/4526/3 1385/4527/3
f 1384/4525/5 1388/4524/5 1387/4528/5 1383/4529/5
f 1390/4530/1 1389/4531/1 1394/4532/1 1393/4533/1
f 1389/4534/4 1390/4535/4 1392/4536/4 1391/4537/4
f 1396/4538/4 1395/4539/4 1394/4540/4 1393/4541/4
f 1394/4542/2 1389/4543/2 1391/4544/2 1395/4545/2
f 1396/4546/3 1392/4547/3 1390/4548/3 1393/4549/3
f 1392/4547/5 1396/4546/5 1395/4550/5 1391/4551/5
f 1398/4552/5 1397/4553/5 1407/4554/5 1408/4555/5
f 1397/4556/4 1398/4557/4 1400/4558/4 1399/4559/4
f 1407/4560/3 1397/4561/3 1399/4562/3 1406/4563/3
f 1405/4564/2 1400/4565/2 1398/4566/2 1408/4567/2
f 1400/4565/1 1405/4564/1 1406/4568/1 1399/4569/1
f 1402/4570/1 1401/4571/1 1406/4568/1 1405/4564/1
f 1401/4572/15 1402/4573/15 1404/4574/15 1403/4575/15
f 1408/4576/15 1407/4577/15 1406/4578/15 1405/4579/15
f 1406/4580/3 1401/4581/3 1403/4582/3 1407/4583/3
f 1408/4555/2 1404/4584/2 1402/4585/2 1405/4586/2
f 1404/4584/5 1408/4555/5 1407/4554/5 1403/4587/5
f 1410/4588/1 1409/4589/1 1441/4590/1 1442/4591/1
f 1409/4592/15 1410/4593/15 1412/4594/15 1411/4595/15
f 1441/4596/3 1409/4597/3 1411/4598/3 1443/4599/3
f 1444/4600/2 1412/4601/2 1410/4602/2 1442/4603/2
f 1412/4601/5 1444/4600/5 1443/4604/5 1411/4605/5
f 1414/4606/1 1413/4607/1 1418/4608/1 1417/4609/1
f 1413/4610/4 1414/4611/4 1416/4612/4 1415/4613/4
f 1420/4614/4 1419/4615/4 1418/4616/4 1417/4617/4
f 1418/4618/2 1413/4619/2 1415/4620/2 1419/4621/2
f 1420/4622/3 1416/4623/3 1414/4624/3 1417/4625/3
f 1416/4623/5 1420/4622/5 1419/4626/5 1415/4627/5
f 1422/4628/1 1421/4629/1 1426/4630/1 1425/4631/1
f 1421/4632/4 1422/4633/4 1424/4634/4 1423/4635/4
f 1428/4636/4 1427/4637/4 1426/4638/4 1425/4639/4
f 1426/4640/2 1421/4641/2 1423/4642/2 1427/4643/2
f 1428/4644/3 1424/4645/3 1422/4646/3 1425/4647/3
f 1424/4645/5 1428/4644/5 1427/4648/5 1423/4649/5
f 1430/4650/1 1429/4651/1 1434/4652/1 1433/4653/1
f 1429/4654/4 1430/4655/4 1432/4656/4 1431/4657/4
f 1436/4658/4 1435/4659/4 1434/4660/4 1433/4661/4
f 1434/4662/2 1429/4663/2 1431/4664/2 1435/4665/2
f 1436/4666/3 1432/4667/3 1430/4668/3 1433/4669/3
f 1432/4667/5 1436/4666/5 1435/4670/5 1431/4671/5
f 1438/4672/5 1437/4673/5 1447/4674/5 1448/4675/5
f 1437/4676/4 1438/4677/4 1440/4678/4 1439/4679/4
f 1447/4680/3 1437/4681/3 1439/4682/3 1446/4683/3
f 1445/4684/2 1440/4685/2 1438/4686/2 1448/4687/2
f 1440/4685/1 1445/4684/1 1446/4688/1 1439/4689/1
f 1442/4690/1 1441/4691/1 1446/4688/1 1445/4684/1
f 1441/4692/15 1442/4693/15 1444/4694/15 1443/4695/15
f 1448/4696/15 1447/4697/15 1446/4698/15 1445/4699/15
f 1446/4700/3 1441/4701/3 1443/4702/3 1447/4703/3
f 1448/4675/2 1444/4704/2 1442/4705/2 1445/4706/2
f 1444/4704/5 1448/4675/5 1447/4674/5 1443/4707/5
f 1450/4708/1 1449/4709/1 1481/4710/1 1482/4711/1
f 1449/4712/15 1450/4713/15 1452/4714/15 1451/4715/15
f 1481/4716/3 1449/4717/3 1451/4718/3 1483/4719/3
f 1484/4720/2 1452/4721/2 1450/4722/2 1482/4723/2
f 1452/4721/5 1484/4720/5 1483/4724/5 1451/4725/5
f 1454/4726/1 1453/4727/1 1458/4728/1 1457/4729/1
f 1453/4730/4 1454/4731/4 1456/4732/4 1455/4733/4
f 1460/4734/4 1459/4735/4 1458/4736/4 1457/4737/4
f 1458/4738/2 1453/4739/2 1455/4740/2 1459/4741/2
f 1460/4742/3 1456/4743/3 1454/4744/3 1457/4745/3
f 1456/4743/5 1460/4742/5 1459/4746/5 1455/4747/5
f 1462/4748/1 1461/4749/1 1466/4750/1 1465/4751/1
f 1461/4752/4 1462/4753/4 1464/4754/4 1463/4755/4
f 1468/4756/4 1467/4757/4 1466/4758/4 1465/4759/4
f 1466/4760/2 1461/4761/2 1463/4762/2 1467/4763/2
f 1468/4764/3 1464/4765/3 1462/4766/3 1465/4767/3
f 1464/4765/5 1468/4764/5 1467/4768/5 1463/4769/5
f 1470/4770/1 1469/4771/1 1474/4772/1 1473/4773/1
f 1469/4774/4 1470/4775/4 1472/4776/4 1471/4777/4
f 1476/4778/4 1475/4779/4 1474/4780/4 1473/4781/4
f 1474/4782/2 1469/4783/2 1471/4784/2 1475/4785/2
f 1476/4786/3 1472/4787/3 1470/4788/3 1473/4789/3
f 1472/4787/5 1476/4786/5 1475/4790/5 1471/4791/5
f 1478/4792/5 1477/4793/5 1487/4794/5 1488/4795/5
f 1477/4796/4 1478/4797/4 1480/4798/4 1479/4799/4
f 1487/4800/3 1477/4801/3 1479/4802/3 1486/4803/3
f 1485/4804/2 1480/4805/2 1478/4806/2 1488/4807/2
f 1480/4805/1 1485/4804/1 1486/4808/1 1479/4809/1
f 1482/4810/1 1481/4811/1 1486/4808/1 1485/4804/1
f 1481/4812/15 1482/4813/15 1484/4814/15 1483/4815/15
f 1488/4816/15 1487/4817/15 1486/4818/15 1485/4819/15
f 1486/4820/3 1481/4821/3 1483/4822/3 1487/4823/3
f 1488/4795/2 1484/4824/2 1482/4825/2 1485/4826/2
f 1484/4824/5 1488/4795/5 1487/4794/5 1483/4827/5
f 1492/4828/4 1567/4829/4 1489/4830/4 1493/4831/4
f 1567/4829/1 1492/4828/1 1494/4832/1 1491/4833/1
f 1490/4834/5 1495/4835/5 1493/4836/5 1489/4837/5
f 1567/4838/2 1489/4839/2 1490/4840/2 1491/4841/2
f 1495/4842/2 1494/4843/2 1492/4844/2 1493/4845/2
f 1494/4846/15 1495/4847/15 1490/4848/15 1491/4849/15
f 1493/4836/4 1572/4850/4 1496/4851/4 1492/4852/4
f 1572/4850/5 1493/4836/5 1495/4835/5 1498/4853/5
f 1497/4854/1 1494/4832/1 1492/4828/1 1496/4855/1
f 1572/4856/3 1496/4857/3 1497/4858/3 1498/4859/3
f 1495/4860/15 1494/4861/15 1497/4862/15 1498/4863/15
f 2403/4864/4 1576/4865/4 1575/4866/4 1579/4867/4
f 1576/4865/1 2403/4864/1 1501/4868/1 1500/4869/1
f 1499/4870/5 1502/4871/5 1579/4872/5 1575/4873/5
f 1576/4874/2 1575/4875/2 1499/4876/2 1500/4877/2
f 1502/4878/2 1501/4879/2 2403/4880/2 1579/4881/2
f 1501/4882/15 1502/4883/15 1499/4884/15 1500/4885/15
f 1504/4886/15 1503/4887/15 1513/4888/15 1514/4889/15
f 1503/4890/3 1504/4891/3 1506/4892/3 1505/4893/3
f 1513/4894/1 1503/4895/1 1505/4896/1 1512/4897/1
f 1511/4898/5 1506/4899/5 1504/4900/5 1514/4901/5
f 1506/4899/4 1511/4898/4 1512/4902/4 1505/4903/4
f 1508/4904/4 1507/4905/4 1512/4902/4 1511/4898/4
f 1507/4906/2 1508/4907/2 1510/4908/2 1509/4909/2
f 1514/4910/2 1513/4911/2 1512/4912/2 1511/4913/2
f 1512/4914/1 1507/4915/1 1509/4916/1 1513/4917/1
f 1514/4889/5 1510/4918/5 1508/4919/5 1511/4920/5
f 1510/4918/15 1514/4889/15 1513/4888/15 1509/4921/15
f 1516/4922/15 1515/4923/15 1510/4924/15 1509/4925/15
f 1515/4926/2 1516/4927/2 1586/4928/2 1517/4929/2
f 1510/4930/5 1515/4931/5 1517/4932/5 1508/4933/5
f 1507/4934/1 1586/4935/1 1516/4936/1 1509/4937/1
f 1586/4935/4 1507/4934/4 1508/4938/4 1517/4939/4
f 1520/4940/4 868/4941/4 1545/4942/4 1521/4943/4
f 868/4941/1 1520/4940/1 1522/4944/1 1519/4945/1
f 1518/4946/5 1523/4947/5 1521/4948/5 1545/4949/5
f 868/4950/2 1545/4951/2 1518/4952/2 1519/4953/2
f 1523/4954/2 1522/4955/2 1520/4956/2 1521/4957/2
f 1522/4958/15 1523/4959/15 1518/4960/15 1519/4961/15
f 1524/4962/4 1520/4963/4 1521/4964/4 1525/4965/4
f 1520/4963/1 1524/4962/1 1526/4966/1 1522/4967/1
f 1523/4968/5 1527/4969/5 1525/4970/5 1521/4971/5
f 1527/4972/2 1526/4973/2 1524/4974/2 1525/4975/2
f 1526/4976/15 1527/4977/15 1523/4978/15 1522/4979/15
f 1555/4980/4 1528/4981/4 1552/4982/4 1556/4983/4
f 1528/4981/1 1555/4980/1 1531/4984/1 1530/4985/1
f 1529/4986/5 1532/4987/5 1556/4988/5 1552/4989/5
f 1528/4990/2 1552/4991/2 1529/4992/2 1530/4993/2
f 1532/4994/2 1531/4995/2 1555/4996/2 1556/4997/2
f 1531/4998/15 1532/4999/15 1529/5000/15 1530/5001/15
f 1527/5002/15 1526/5003/15 1538/5004/15 1539/5005/15
f 1538/5006/1 1526/4966/1 1524/4962/1 1537/5007/1
f 1536/5008/5 1525/4970/5 1527/4969/5 1539/5009/5
f 1525/4970/4 1536/5008/4 1537/5010/4 1524/5011/4
f 1559/5012/4 1533/5013/4 1537/5010/4 1536/5008/4
f 1533/5014/2 1559/5015/2 1535/5016/2 1534/5017/2
f 1539/5018/2 1538/5019/2 1537/5020/2 1536/5021/2
f 1537/5022/1 1533/5023/1 1534/5024/1 1538/5025/1
f 1539/5005/5 1535/5026/5 1559/5027/5 1536/5028/5
f 1535/5026/15 1539/5005/15 1538/5004/15 1534/5029/15
f 1541/5030/15 1540/5031/15 1535/5032/15 1534/5033/15
f 1540/5034/2 1541/5035/2 1542/5036/2 1562/5037/2
f 1535/5038/5 1540/5039/5 1562/5040/5 1559/5041/5
f 1533/5042/1 1542/5043/1 1541/5044/1 1534/5045/1
f 1542/5043/4 1533/5042/4 1559/5046/4 1562/5047/4
f 1546/5048/4 1543/5049/4 1544/5050/4 1547/5051/4
f 1543/5049/1 1546/5048/1 1520/5052/1 868/5053/1
f 1545/5054/5 1521/5055/5 1547/5056/5 1544/5057/5
f 1543/5058/2 1544/5059/2 1545/5060/2 868/5061/2
f 1521/5062/2 1520/5063/2 1546/5064/2 1547/5065/2
f 1548/5066/4 1546/5067/4 1547/5068/4 1549/5069/4
f 1546/5067/1 1548/5066/1 1524/5070/1 1520/5071/1
f 1521/5072/5 1525/5073/5 1549/5074/5 1547/5075/5
f 1525/5076/2 1524/5077/2 1548/5078/2 1549/5079/2
f 1553/5080/4 1550/5081/4 1551/5082/4 1554/5083/4
f 1550/5081/1 1553/5080/1 1555/5084/1 1528/5085/1
f 1552/5086/5 1556/5087/5 1554/5088/5 1551/5089/5
f 1550/5090/2 1551/5091/2 1552/5092/2 1528/5093/2
f 1556/5094/2 1555/5095/2 1553/5096/2 1554/5097/2
f 1560/5098/3 1561/5099/3 1537/5020/3 1536/5021/3
f 1537/5022/1 1524/5070/1 1548/5066/1 1561/5100/1
f 1560/5101/5 1549/5074/5 1525/5073/5 1536/5028/5
f 1549/5074/4 1560/5101/4 1561/5102/4 1548/5103/4
f 1558/5104/4 1557/5105/4 1561/5102/4 1560/5101/4
f 1557/5106/2 1558/5107/2 1559/5108/2 1533/5109/2
f 1561/5110/1 1557/5111/1 1533/5112/1 1537/5007/1
f 1536/5008/5 1559/5012/5 1558/5113/5 1560/5114/5
f 1562/5115/2 1542/5116/2 1564/5117/2 1563/5118/2
f 1559/5119/5 1562/5120/5 1563/5121/5 1558/5122/5
f 1557/5123/1 1564/5124/1 1542/5125/1 1533/5126/1
f 1564/5124/4 1557/5123/4 1558/5127/4 1563/5128/4
f 1568/5129/4 1565/5130/4 1566/5131/4 1569/5132/4
f 1565/5130/1 1568/5129/1 1492/5133/1 1567/5134/1
f 1489/5135/5 1493/5136/5 1569/5137/5 1566/5138/5
f 1565/5139/2 1566/5140/2 1489/5141/2 1567/5142/2
f 1493/5143/2 1492/5144/2 1568/5145/2 1569/5146/2
f 1569/5137/4 1570/5147/4 1571/5148/4 1568/5149/4
f 1570/5147/5 1569/5137/5 1493/5136/5 1572/5150/5
f 1496/5151/1 1492/5133/1 1568/5129/1 1571/5152/1
f 1570/5153/3 1571/5154/3 1496/5155/3 1572/5156/3
f 1577/5157/4 1573/5158/4 1574/5159/4 1578/5160/4
f 1573/5158/1 1577/5157/1 2403/5161/1 1576/5162/1
f 1575/5163/5 1579/5164/5 1578/5165/5 1574/5166/5
f 1573/5167/2 1574/5168/2 1575/5169/2 1576/5170/2
f 1579/5171/2 2403/5172/2 1577/5173/2 1578/5174/2
f 1505/5175/3 1506/5176/3 1581/5177/3 1580/5178/3
f 1584/5179/3 1585/5180/3 1512/4912/3 1511/4913/3
f 1512/4914/1 1505/5181/1 1580/5182/1 1585/5183/1
f 1584/5184/5 1581/5185/5 1506/5186/5 1511/4920/5
f 1581/5185/4 1584/5184/4 1585/5187/4 1580/5188/4
f 1583/5189/4 1582/5190/4 1585/5187/4 1584/5184/4
f 1582/5191/2 1583/5192/2 1508/5193/2 1507/5194/2
f 1585/5195/1 1582/5196/1 1507/5197/1 1512/4897/1
f 1511/4898/5 1508/4904/5 1583/5198/5 1584/5199/5
f 1517/5200/2 1586/5201/2 1588/5202/2 1587/5203/2
f 1508/5204/5 1517/5205/5 1587/5206/5 1583/5207/5
f 1582/5208/1 1588/5209/1 1586/5210/1 1507/5211/1
f 1588/5209/4 1582/5208/4 1583/5212/4 1587/5213/4
f 1593/5214/2 1589/5215/2 1590/5216/2 1594/5217/2
f 1589/5215/1 1593/5214/1 1595/5218/1 1592/5219/1
f 1591/5220/5 1596/5221/5 1594/5222/5 1590/5223/5
f 1589/5224/15 1590/5225/15 1591/5226/15 1592/5227/15
f 1596/5228/15 1595/5229/15 1593/5230/15 1594/5231/15
f 1595/5232/3 1596/5233/3 1591/5234/3 1592/5235/3
f 1597/5236/3 1592/5235/3 1591/5234/3 1598/5237/3
f 1592/5235/1 1597/5236/1 1599/5238/1 1589/5239/1
f 1590/5240/5 1600/5241/5 1598/5242/5 1591/5243/5
f 1600/5244/4 1599/5245/4 1597/5246/4 1598/5247/4
f 1599/5248/2 1600/5249/2 1590/5216/2 1589/5215/2
f 1605/5250/2 1601/5251/2 1602/5252/2 1606/5253/2
f 1601/5251/5 1605/5250/5 1607/5254/5 1604/5255/5
f 1603/5256/1 1608/5257/1 1606/5258/1 1602/5259/1
f 1601/5260/4 1602/5261/4 1603/5262/4 1604/5263/4
f 1608/5264/4 1607/5265/4 1605/5266/4 1606/5267/4
f 1607/5268/3 1608/5269/3 1603/5270/3 1604/5271/3
f 1613/5272/2 1609/5273/2 1610/5274/2 1614/5275/2
f 1609/5273/5 1613/5272/5 1615/5276/5 1612/5277/5
f 1611/5278/1 1616/5279/1 1614/5280/1 1610/5281/1
f 1609/5282/4 1610/5283/4 1611/5284/4 1612/5285/4
f 1616/5286/4 1615/5287/4 1613/5288/4 1614/5289/4
f 1615/5290/3 1616/5291/3 1611/5292/3 1612/5293/3
f 1621/5294/2 1617/5295/2 1618/5296/2 1622/5297/2
f 1617/5295/5 1621/5294/5 1623/5298/5 1620/5299/5
f 1619/5300/1 1624/5301/1 1622/5302/1 1618/5303/1
f 1617/5304/4 1618/5305/4 1619/5306/4 1620/5307/4
f 1624/5308/4 1623/5309/4 1621/5310/4 1622/5311/4
f 1623/5312/3 1624/5313/3 1619/5314/3 1620/5315/3
f 1625/5316/2 1593/5317/2 1594/5318/2 1626/5319/2
f 1593/5317/1 1625/5316/1 1627/5320/1 1595/5321/1
f 1596/5322/5 1628/5323/5 1626/5324/5 1594/5325/5
f 1628/5326/15 1627/5327/15 1625/5328/15 1626/5329/15
f 1627/5330/3 1628/5331/3 1596/5332/3 1595/5333/3
f 1633/5334/2 1629/5335/2 1630/5336/2 1634/5337/2
f 1629/5335/1 1633/5334/1 1635/5338/1 1632/5339/1
f 1631/5340/5 1636/5341/5 1634/5342/5 1630/5343/5
f 1629/5344/15 1630/5345/15 1631/5346/15 1632/5347/15
f 1636/5348/15 1635/5349/15 1633/5350/15 1634/5351/15
f 1635/5352/3 1636/5353/3 1631/5354/3 1632/5355/3
f 1637/5356/3 1632/5355/3 1631/5354/3 1638/5357/3
f 1632/5355/1 1637/5356/1 1639/5358/1 1629/5359/1
f 1630/5360/5 1640/5361/5 1638/5362/5 1631/5363/5
f 1640/5364/4 1639/5365/4 1637/5366/4 1638/5367/4
f 1639/5368/2 1640/5369/2 1630/5336/2 1629/5335/2
f 1645/5370/2 1641/5371/2 1642/5372/2 1646/5373/2
f 1641/5371/5 1645/5370/5 1647/5374/5 1644/5375/5
f 1643/5376/1 1648/5377/1 1646/5378/1 1642/5379/1
f 1641/5380/4 1642/5381/4 1643/5382/4 1644/5383/4
f 1648/5384/4 1647/5385/4 1645/5386/4 1646/5387/4
f 1647/5388/3 1648/5389/3 1643/5390/3 1644/5391/3
f 1653/5392/2 1649/5393/2 1650/5394/2 1654/5395/2
f 1649/5393/5 1653/5392/5 1655/5396/5 1652/5397/5
f 1651/5398/1 1656/5399/1 1654/5400/1 1650/5401/1
f 1649/5402/4 1650/5403/4 1651/5404/4 1652/5405/4
f 1656/5406/4 1655/5407/4 1653/5408/4 1654/5409/4
f 1655/5410/3 1656/5411/3 1651/5412/3 1652/5413/3
f 1661/5414/2 1657/5415/2 1658/5416/2 1662/5417/2
f 1657/5415/5 1661/5414/5 1663/5418/5 1660/5419/5
f 1659/5420/1 1664/5421/1 1662/5422/1 1658/5423/1
f 1657/5424/4 1658/5425/4 1659/5426/4 1660/5427/4
f 1664/5428/4 1663/5429/4 1661/5430/4 1662/5431/4
f 1663/5432/3 1664/5433/3 1659/5434/3 1660/5435/3
f 1665/5436/2 1633/5437/2 1634/5438/2 1666/5439/2
f 1633/5437/1 1665/5436/1 1667/5440/1 1635/5441/1
f 1636/5442/5 1668/5443/5 1666/5444/5 1634/5445/5
f 1668/5446/15 1667/5447/15 1665/5448/15 1666/5449/15
f 1667/5450/3 1668/5451/3 1636/5452/3 1635/5453/3
f 1673/5454/2 1669/5455/2 1670/5456/2 1674/5457/2
f 1669/5455/1 1673/5454/1 1675/5458/1 1672/5459/1
f 1671/5460/5 1676/5461/5 1674/5462/5 1670/5463/5
f 1669/5464/15 1670/5465/15 1671/5466/15 1672/5467/15
f 1676/5468/15 1675/5469/15 1673/5470/15 1674/5471/15
f 1675/5472/3 1676/5473/3 1671/5474/3 1672/5475/3
f 1677/5476/3 1672/5475/3 1671/5474/3 1678/5477/3
f 1672/5475/1 1677/5476/1 1679/5478/1 1669/5479/1
f 1670/5480/5 1680/5481/5 1678/5482/5 1671/5483/5
f 1680/5484/4 1679/5485/4 1677/5486/4 1678/5487/4
f 1679/5488/2 1680/5489/2 1670/5456/2 1669/5455/2
f 1685/5490/2 1681/5491/2 1682/5492/2 1686/5493/2
f 1681/5491/5 1685/5490/5 1687/5494/5 1684/5495/5
f 1683/5496/1 1688/5497/1 1686/5498/1 1682/5499/1
f 1681/5500/4 1682/5501/4 1683/5502/4 1684/5503/4
f 1688/5504/4 1687/5505/4 1685/5506/4 1686/5507/4
f 1687/5508/3 1688/5509/3 1683/5510/3 1684/5511/3
f 1693/5512/2 1689/5513/2 1690/5514/2 1694/5515/2
f 1689/5513/5 1693/5512/5 1695/5516/5 1692/5517/5
f 1691/5518/1 1696/5519/1 1694/5520/1 1690/5521/1
f 1689/5522/4 1690/5523/4 1691/5524/4 1692/5525/4
f 1696/5526/4 1695/5527/4 1693/5528/4 1694/5529/4
f 1695/5530/3 1696/5531/3 1691/5532/3 1692/5533/3
f 1701/5534/2 1697/5535/2 1698/5536/2 1702/5537/2
f 1697/5535/5 1701/5534/5 1703/5538/5 1700/5539/5
f 1699/5540/1 1704/5541/1 1702/5542/1 1698/5543/1
f 1697/5544/4 1698/5545/4 1699/5546/4 1700/5547/4
f 1704/5548/4 1703/5549/4 1701/5550/4 1702/5551/4
f 1703/5552/3 1704/5553/3 1699/5554/3 1700/5555/3
f 1705/5556/2 1673/5557/2 1674/5558/2 1706/5559/2
f 1673/5557/1 1705/5556/1 1707/5560/1 1675/5561/1
f 1676/5562/5 1708/5563/5 1706/5564/5 1674/5565/5
f 1708/5566/15 1707/5567/15 1705/5568/15 1706/5569/15
f 1707/5570/3 1708/5571/3 1676/5572/3 1675/5573/3
f 1713/5574/2 1709/5575/2 1710/5576/2 1714/5577/2
f 1709/5575/1 1713/5574/1 1715/5578/1 1712/5579/1
f 1711/5580/5 1716/5581/5 1714/5582/5 1710/5583/5
f 1709/5584/15 1710/5585/15 1711/5586/15 1712/5587/15
f 1716/5588/15 1715/5589/15 1713/5590/15 1714/5591/15
f 1715/5592/3 1716/5593/3 1711/5594/3 1712/5595/3
f 1717/5596/3 1712/5595/3 1711/5594/3 1718/5597/3
f 1712/5595/1 1717/5596/1 1719/5598/1 1709/5599/1
f 1710/5600/5 1720/5601/5 1718/5602/5 1711/5603/5
f 1720/5604/4 1719/5605/4 1717/5606/4 1718/5607/4
f 1719/5608/2 1720/5609/2 1710/5576/2 1709/5575/2
f 1725/5610/2 1721/5611/2 1722/5612/2 1726/5613/2
f 1721/5611/5 1725/5610/5 1727/5614/5 1724/5615/5
f 1723/5616/1 1728/5617/1 1726/5618/1 1722/5619/1
f 1721/5620/4 1722/5621/4 1723/5622/4 1724/5623/4
f 1728/5624/4 1727/5625/4 1725/5626/4 1726/5627/4
f 1727/5628/3 1728/5629/3 1723/5630/3 1724/5631/3
f 1733/5632/2 1729/5633/2 1730/5634/2 1734/5635/2
f 1729/5633/5 1733/5632/5 1735/5636/5 1732/5637/5
f 1731/5638/1 1736/5639/1 1734/5640/1 1730/5641/1
f 1729/5642/4 1730/5643/4 1731/5644/4 1732/5645/4
f 1736/5646/4 1735/5647/4 1733/5648/4 1734/5649/4
f 1735/5650/3 1736/5651/3 1731/5652/3 1732/5653/3
f 1741/5654/2 1737/5655/2 1738/5656/2 1742/5657/2
f 1737/5655/5 1741/5654/5 1743/5658/5 1740/5659/5
f 1739/5660/1 1744/5661/1 1742/5662/1 1738/5663/1
f 1737/5664/4 1738/5665/4 1739/5666/4 1740/5667/4
f 1744/5668/4 1743/5669/4 1741/5670/4 1742/5671/4
f 1743/5672/3 1744/5673/3 1739/5674/3 1740/5675/3
f 1745/5676/2 1713/5677/2 1714/5678/2 1746/5679/2
f 1713/5677/1 1745/5676/1 1747/5680/1 1715/5681/1
f 1716/5682/5 1748/5683/5 1746/5684/5 1714/5685/5
f 1748/5686/15 1747/5687/15 1745/5688/15 1746/5689/15
f 1747/5690/3 1748/5691/3 1716/5692/3 1715/5693/3
f 1753/2593/13 1751/2586/13 1749/2585/13 1752/2594/13
f 1754/5694/3 1816/5695/3 1756/5696/3 1755/5697/3
f 1759/5698/3 1758/5699/3 1817/5700/3 1757/5701/3
f 1817/5702/5 1754/5703/5 1755/5704/5 1758/5705/5
f 1759/5706/1 1756/5707/1 1816/5708/1 1757/5709/1
f 1756/5707/28 1759/5706/28 1758/5710/28 1755/5711/28
f 1818/5712/4 1760/5713/4 1761/5714/4 1819/5715/4
f 1760/5713/1 1818/5712/1 1820/5716/1 1763/5717/1
f 1764/5718/3 1822/5719/3 1766/5720/3 1765/5721/3
f 1768/5722/3 1767/5723/3 1823/5724/3 1824/5725/3
f 1823/5726/1 1764/5727/1 1765/5728/1 1767/5729/1
f 1768/5730/5 1766/5731/5 1822/5732/5 1824/5733/5
f 1766/5734/4 1768/5735/4 1767/5736/4 1765/5737/4
f 1825/5738/2 1826/5739/2 1770/5740/2 1769/5741/2
f 1772/5742/2 1771/5743/2 1827/5744/2 1828/5745/2
f 1827/5746/1 1825/5747/1 1769/5748/1 1771/5749/1
f 1772/5750/5 1770/5751/5 1826/5752/5 1828/5753/5
f 1770/5751/29 1772/5750/29 1771/5754/29 1769/5755/29
f 1773/5756/1 1774/5757/1 721/5758/1 720/5759/1
f 724/5760/5 725/5761/5 1776/5762/5 1775/5763/5
f 1775/5764/3 1776/5765/3 1774/5766/3 1773/5767/3
f 720/5768/11 724/5769/11 1775/5770/11 1773/5771/11
f 725/5772/12 721/5773/12 1774/5774/12 1776/5775/12
f 1777/5776/5 1778/5777/5 1780/5778/5 1779/5779/5
f 730/5780/1 731/5781/1 1782/5782/1 1781/5783/1
f 1781/5784/3 1782/5785/3 1778/5786/3 1777/5787/3
f 1779/5788/13 730/5789/13 1781/5790/13 1777/5791/13
f 731/5781/14 1780/5778/14 1778/5777/14 1782/5782/14
f 1783/5792/4 1784/5793/4 735/5794/4 734/5795/4
f 738/5796/15 739/5797/15 1786/5798/15 1785/5799/15
f 1785/5800/3 1786/5801/3 1784/5802/3 1783/5803/3
f 734/5795/14 738/5796/14 1785/5799/14 1783/5792/14
f 739/5797/11 735/5794/11 1784/5793/11 1786/5798/11
f 1787/5804/15 1788/5805/15 1749/5806/15 742/5807/15
f 743/5808/4 1752/5809/4 1790/5810/4 1789/5811/4
f 1789/5812/3 1790/5813/3 1788/5814/3 1787/5815/3
f 742/5807/12 743/5808/12 1789/5811/12 1787/5804/12
f 1752/5809/13 1749/5806/13 1788/5805/13 1790/5810/13
f 1791/5816/1 1792/5817/1 1794/5818/1 1793/5819/1
f 747/5820/5 1797/5821/5 1796/5822/5 1795/5823/5
f 1795/5824/3 1796/5825/3 1792/5826/3 1791/5827/3
f 1793/5819/11 747/5820/11 1795/5823/11 1791/5816/11
f 1797/5828/12 1794/5829/12 1792/5830/12 1796/5831/12
f 1798/5832/5 1799/5833/5 1800/5834/5 750/5835/5
f 753/5836/1 754/5837/1 1802/5838/1 1801/5839/1
f 1801/5840/3 1802/5841/3 1799/5842/3 1798/5843/3
f 750/5844/13 753/5845/13 1801/5846/13 1798/5847/13
f 754/5848/14 1800/5849/14 1799/5850/14 1802/5851/14
f 1803/5852/15 1804/5853/15 1805/5854/15 760/5855/15
f 1808/5856/4 1809/5857/4 1807/5858/4 1806/5859/4
f 1806/5860/3 1807/5861/3 1804/5862/3 1803/5863/3
f 760/5864/12 1808/5865/12 1806/5866/12 1803/5867/12
f 1809/5868/13 1805/5869/13 1804/5870/13 1807/5871/13
f 1810/5872/4 1811/5873/4 765/5874/4 1812/5875/4
f 1815/5876/15 766/5877/15 1814/5878/15 1813/5879/15
f 1813/5880/3 1814/5881/3 1811/5882/3 1810/5883/3
f 1812/5875/14 1815/5876/14 1813/5879/14 1810/5872/14
f 766/5877/11 765/5874/11 1811/5873/11 1814/5878/11
f 1816/5884/4 1754/5885/4 1817/5886/4 1757/5887/4
f 1762/5888/5 1821/5889/5 1819/5890/5 1761/5891/5
f 1822/5892/29 1764/5893/29 1823/5894/29 1824/5895/29
f 1826/5896/4 1825/5897/4 1827/5898/4 1828/5899/4
f 1760/5900/2 1761/5901/2 1762/5902/2 1763/5903/2
f 1821/5904/2 1820/5905/2 1818/5906/2 1819/5907/2
f 1833/5908/2 1829/5909/2 1830/5910/2 1834/5911/2
f 1829/5909/1 1833/5908/1 1835/5912/1 1832/5913/1
f 1831/5914/5 1836/5915/5 1834/5916/5 1830/5917/5
f 1829/5918/15 1830/5919/15 1831/5920/15 1832/5921/15
f 1836/5922/15 1835/5923/15 1833/5924/15 1834/5925/15
f 1835/5926/3 1836/5927/3 1831/5928/3 1832/5929/3
f 1841/5930/2 1837/5931/2 1838/5932/2 1842/5933/2
f 1837/5931/1 1841/5930/1 1843/5934/1 1840/5935/1
f 1839/5936/5 1844/5937/5 1842/5938/5 1838/5939/5
f 1837/5940/15 1838/5941/15 1839/5942/15 1840/5943/15
f 1844/5944/15 1843/5945/15 1841/5946/15 1842/5947/15
f 1843/5948/3 1844/5949/3 1839/5950/3 1840/5951/3
f 1849/5952/1 1845/5953/1 1846/5954/1 1850/5955/1
f 3559/5956/3 3561/5957/3 1851/5958/3 1848/5959/3
f 3558/5960/2 3560/5961/2 1850/5962/2 1846/5963/2
f 3559/5964/30 3558/5965/30 1847/5966/30 1848/5967/30
f 3560/5968/31 3561/5969/31 1849/5970/31 1850/5971/31
f 1851/5972/5 1852/5973/5 1847/5974/5 1848/5975/5
f 1857/5976/1 1853/5977/1 1854/5978/1 1858/5979/1
f 3563/5980/3 3565/5981/3 1859/5982/3 1856/5983/3
f 3562/5984/2 3564/5985/2 1858/5986/2 1854/5987/2
f 3563/5988/30 3562/5989/30 1855/5990/30 1856/5991/30
f 3564/5992/31 3565/5993/31 1857/5994/31 1858/5995/31
f 1859/5996/5 1860/5997/5 1855/5998/5 1856/5999/5
f 1865/6000/15 1861/6001/15 1862/6002/15 1866/6003/15
f 1861/6001/3 1865/6000/3 1867/6004/3 1864/6005/3
f 1863/6006/2 1868/6007/2 1866/6008/2 1862/6009/2
f 1861/6010/5 1862/6011/5 1863/6012/5 1864/6013/5
f 1868/6014/5 1867/6015/5 1865/6016/5 1866/6017/5
f 1867/6018/4 1868/6019/4 1863/6020/4 1864/6021/4
f 1873/6022/15 1869/6023/15 1870/6024/15 1874/6025/15
f 1869/6023/3 1873/6022/3 1875/6026/3 1872/6027/3
f 1871/6028/2 1876/6029/2 1874/6030/2 1870/6031/2
f 1869/6032/5 1870/6033/5 1871/6034/5 1872/6035/5
f 1876/6036/5 1875/6037/5 1873/6038/5 1874/6039/5
f 1875/6040/4 1876/6041/4 1871/6042/4 1872/6043/4
f 1881/6044/15 1877/6045/15 1878/6046/15 1882/6047/15
f 1877/6045/3 1881/6044/3 1883/6048/3 1880/6049/3
f 1879/6050/2 1884/6051/2 1882/6052/2 1878/6053/2
f 1877/6054/5 1878/6055/5 1879/6056/5 1880/6057/5
f 1884/6058/5 1883/6059/5 1881/6060/5 1882/6061/5
f 1883/6062/4 1884/6063/4 1879/6064/4 1880/6065/4
f 1889/6066/15 1885/6067/15 1886/6068/15 1890/6069/15
f 1885/6067/3 1889/6066/3 1891/6070/3 1888/6071/3
f 1887/6072/2 1892/6073/2 1890/6074/2 1886/6075/2
f 1885/6076/5 1886/6077/5 1887/6078/5 1888/6079/5
f 1892/6080/5 1891/6081/5 1889/6082/5 1890/6083/5
f 1891/6084/4 1892/6085/4 1887/6086/4 1888/6087/4
f 1897/6088/15 1893/6089/15 1894/6090/15 1898/6091/15
f 1893/6089/3 1897/6088/3 1899/6092/3 1896/6093/3
f 1895/6094/2 1900/6095/2 1898/6096/2 1894/6097/2
f 1893/6098/5 1894/6099/5 1895/6100/5 1896/6101/5
f 1900/6102/5 1899/6103/5 1897/6104/5 1898/6105/5
f 1899/6106/4 1900/6107/4 1895/6108/4 1896/6109/4
f 1905/6110/15 1901/6111/15 1902/6112/15 1906/6113/15
f 1901/6111/2 1905/6110/2 1907/6114/2 1904/6115/2
f 1903/6116/3 1908/6117/3 1906/6118/3 1902/6119/3
f 1901/6120/1 1902/6121/1 1903/6122/1 1904/6123/1
f 1908/6124/1 1907/6125/1 1905/6126/1 1906/6127/1
f 1907/6128/4 1908/6129/4 1903/6130/4 1904/6131/4
f 1913/6132/15 1909/6133/15 1910/6134/15 1914/6135/15
f 1909/6133/3 1913/6132/3 1915/6136/3 1912/6137/3
f 1911/6138/2 1916/6139/2 1914/6140/2 1910/6141/2
f 1909/6142/5 1910/6143/5 1911/6144/5 1912/6145/5
f 1916/6146/5 1915/6147/5 1913/6148/5 1914/6149/5
f 1915/6150/4 1916/6151/4 1911/6152/4 1912/6153/4
f 1921/6154/15 1917/6155/15 1918/6156/15 1922/6157/15
f 1917/6155/2 1921/6154/2 1923/6158/2 1920/6159/2
f 1919/6160/3 1924/6161/3 1922/6162/3 1918/6163/3
f 1917/6164/1 1918/6165/1 1919/6166/1 1920/6167/1
f 1924/6168/1 1923/6169/1 1921/6170/1 1922/6171/1
f 1923/6172/4 1924/6173/4 1919/6174/4 1920/6175/4
f 1926/6176/15 1925/6177/15 1930/6178/15 1929/6179/15
f 1925/6180/5 1926/6181/5 1928/6182/5 1927/6183/5
f 1932/6184/5 1931/6185/5 1930/6186/5 1929/6187/5
f 1930/6188/3 1925/6189/3 1927/6190/3 1931/6191/3
f 1932/6192/2 1928/6193/2 1926/6194/2 1929/6195/2
f 1928/6193/4 1932/6192/4 1931/6196/4 1927/6197/4
f 1937/6198/4 1933/6199/4 1934/6200/4 1938/6201/4
f 1933/6199/3 1937/6198/3 1939/6202/3 1936/6203/3
f 1935/6204/2 1940/6205/2 1938/6206/2 1934/6207/2
f 1933/6208/1 1934/6209/1 1935/6210/1 1936/6211/1
f 1940/6212/1 1939/6213/1 1937/6214/1 1938/6215/1
f 1939/6216/15 1940/6217/15 1935/6218/15 1936/6219/15
f 1945/6220/4 1941/6221/4 1942/6222/4 1946/6223/4
f 1941/6221/3 1945/6220/3 1947/6224/3 1944/6225/3
f 1943/6226/2 1948/6227/2 1946/6228/2 1942/6229/2
f 1941/6230/1 1942/6231/1 1943/6232/1 1944/6233/1
f 1948/6234/1 1947/6235/1 1945/6236/1 1946/6237/1
f 1947/6238/15 1948/6239/15 1943/6240/15 1944/6241/15
f 1953/6242/15 1949/6243/15 1950/6244/15 1954/6245/15
f 1949/6243/3 1953/6242/3 1955/6246/3 1952/6247/3
f 1951/6248/2 1956/6249/2 1954/6250/2 1950/6251/2
f 1949/6252/5 1950/6253/5 1951/6254/5 1952/6255/5
f 1956/6256/5 1955/6257/5 1953/6258/5 1954/6259/5
f 1955/6260/4 1956/6261/4 1951/6262/4 1952/6263/4
f 1958/6264/4 1957/6265/4 1962/6266/4 1961/6267/4
f 1957/6268/1 1958/6269/1 1960/6270/1 1959/6271/1
f 1964/6272/1 1963/6273/1 1962/6274/1 1961/6275/1
f 1962/6276/3 1957/6277/3 1959/6278/3 1963/6279/3
f 1964/6280/2 1960/6281/2 1958/6282/2 1961/6283/2
f 1960/6281/15 1964/6280/15 1963/6284/15 1959/6285/15
f 1969/6286/15 1965/6287/15 1966/6288/15 1970/6289/15
f 1965/6287/2 1969/6286/2 1971/6290/2 1968/6291/2
f 1967/6292/3 1972/6293/3 1970/6294/3 1966/6295/3
f 1965/6296/1 1966/6297/1 1967/6298/1 1968/6299/1
f 1972/6300/1 1971/6301/1 1969/6302/1 1970/6303/1
f 1971/6304/4 1972/6305/4 1967/6306/4 1968/6307/4
f 1977/6308/15 1973/6309/15 1974/6310/15 1978/6311/15
f 1973/6309/2 1977/6308/2 1979/6312/2 1976/6313/2
f 1975/6314/3 1980/6315/3 1978/6316/3 1974/6317/3
f 1973/6318/1 1974/6319/1 1975/6320/1 1976/6321/1
f 1980/6322/1 1979/6323/1 1977/6324/1 1978/6325/1
f 1979/6326/4 1980/6327/4 1975/6328/4 1976/6329/4
f 1985/6330/15 1981/6331/15 1982/6332/15 1986/6333/15
f 1981/6331/3 1985/6330/3 1987/6334/3 1984/6335/3
f 1983/6336/2 1988/6337/2 1986/6338/2 1982/6339/2
f 1981/6340/5 1982/6341/5 1983/6342/5 1984/6343/5
f 1988/6344/5 1987/6345/5 1985/6346/5 1986/6347/5
f 1987/6348/4 1988/6349/4 1983/6350/4 1984/6351/4
f 1990/6352/4 1989/6353/4 1994/6354/4 1993/6355/4
f 1989/6356/5 1990/6357/5 1992/6358/5 1991/6359/5
f 1996/6360/5 1995/6361/5 1994/6362/5 1993/6363/5
f 1994/6364/2 1989/6365/2 1991/6366/2 1995/6367/2
f 1996/6368/3 1992/6369/3 1990/6370/3 1993/6371/3
f 1992/6369/15 1996/6368/15 1995/6372/15 1991/6373/15
f 1998/6374/4 1997/6375/4 2002/6376/4 2001/6377/4
f 1997/6378/1 1998/6379/1 2000/6380/1 1999/6381/1
f 2004/6382/1 2003/6383/1 2002/6384/1 2001/6385/1
f 2002/6386/3 1997/6387/3 1999/6388/3 2003/6389/3
f 2004/6390/2 2000/6391/2 1998/6392/2 2001/6393/2
f 2000/6391/15 2004/6390/15 2003/6394/15 1999/6395/15
f 2006/6396/5 2005/6397/5 2010/6398/5 2009/6399/5
f 2005/6400/3 2006/6401/3 2008/6402/3 2007/6403/3
f 2012/6404/3 2011/6405/3 2010/6406/3 2009/6407/3
f 2010/6408/15 2005/6409/15 2007/6410/15 2011/6411/15
f 2012/6412/4 2008/6413/4 2006/6414/4 2009/6415/4
f 2008/6413/1 2012/6412/1 2011/6416/1 2007/6417/1
f 2014/6418/5 2013/6419/5 2018/6420/5 2017/6421/5
f 2013/6422/3 2014/6423/3 2016/6424/3 2015/6425/3
f 2020/6426/3 2019/6427/3 2018/6428/3 2017/6429/3
f 2018/6430/15 2013/6431/15 2015/6432/15 2019/6433/15
f 2020/6434/4 2016/6435/4 2014/6436/4 2017/6437/4
f 2016/6435/1 2020/6434/1 2019/6438/1 2015/6439/1
f 2021/6440/32 1959/6285/32 1963/6284/32 2024/6441/32
f 1959/6442/33 2021/6443/33 2023/6444/33 2022/6445/33
f 2026/6446/33 2025/6447/33 1963/6448/33 2024/6449/33
f 1963/6450/34 1959/6451/34 2022/6452/34 2025/6453/34
f 2026/6454/15 2023/6455/15 2021/6456/15 2024/6457/15
f 2023/6455/3 2026/6454/3 2025/6458/3 2022/6459/3
f 2028/6460/3 2027/6461/3 2032/6462/3 2031/6463/3
f 2027/6464/1 2028/6465/1 2030/6466/1 2029/6467/1
f 2006/6468/35 2005/6469/35 2032/6470/35 2031/6471/35
f 2032/6472/15 2027/6473/15 2029/6474/15 2005/6475/15
f 2006/6476/4 2030/6477/4 2028/6478/4 2031/6479/4
f 2030/6477/36 2006/6476/36 2005/6480/36 2029/6481/36
f 2034/6482/37 2033/6483/37 2038/6484/37 2037/6485/37
f 2033/6486/3 2034/6487/3 2036/6488/3 2035/6489/3
f 2040/6490/3 2039/6491/3 2038/6492/3 2037/6493/3
f 2038/6494/38 2033/6495/38 2035/6496/38 2039/6497/38
f 2040/6498/39 2036/6499/39 2034/6500/39 2037/6501/39
f 2036/6499/40 2040/6498/40 2039/6502/40 2035/6503/40
f 2045/6504/40 2041/6505/40 2042/6506/40 2046/6507/40
f 2041/6505/39 2045/6504/39 2047/6508/39 2044/6509/39
f 2043/6510/38 2048/6511/38 2046/6512/38 2042/6513/38
f 2041/6514/3 2042/6515/3 2043/6516/3 2044/6517/3
f 2048/6518/3 2047/6519/3 2045/6520/3 2046/6521/3
f 2047/6522/37 2048/6523/37 2043/6524/37 2044/6525/37
f 2050/6526/3 2049/6527/3 2054/6528/3 2053/6529/3
f 2049/6530/41 2050/6531/41 2052/6532/41 2051/6533/41
f 2056/6534/41 2055/6535/41 2054/6536/41 2053/6537/41
f 2054/6538/4 2049/6539/4 2051/6540/4 2055/6541/4
f 2056/6542/15 2052/6543/15 2050/6544/15 2053/6545/15
f 2052/6543/2 2056/6542/2 2055/6546/2 2051/6547/2
f 871/6548/4 869/6549/4 711/6550/4 2057/6551/4
f 2062/6552/15 2058/6553/15 2059/6554/15 2063/6555/15
f 2058/6553/2 2062/6552/2 2064/6556/2 2061/6557/2
f 2060/6558/3 2065/6559/3 2063/6560/3 2059/6561/3
f 2058/6562/1 2059/6563/1 2060/6564/1 2061/6565/1
f 2065/6566/1 2064/6567/1 2062/6568/1 2063/6569/1
f 2064/6570/4 2065/6571/4 2060/6572/4 2061/6573/4
f 2070/6574/4 2066/6575/4 2067/6576/4 2071/6577/4
f 2066/6575/3 2070/6574/3 2072/6578/3 2069/6579/3
f 2068/6580/2 2073/6581/2 2071/6582/2 2067/6583/2
f 2066/6584/1 2067/6585/1 2068/6586/1 2069/6587/1
f 2073/6588/1 2072/6589/1 2070/6590/1 2071/6591/1
f 2072/6592/15 2073/6593/15 2068/6594/15 2069/6595/15
f 2078/6596/4 2074/6597/4 2075/6598/4 2079/6599/4
f 2074/6597/3 2078/6596/3 2080/6600/3 2077/6601/3
f 2076/6602/2 2081/6603/2 2079/6604/2 2075/6605/2
f 2074/6606/1 2075/6607/1 2076/6608/1 2077/6609/1
f 2081/6610/1 2080/6611/1 2078/6612/1 2079/6613/1
f 2080/6614/15 2081/6615/15 2076/6616/15 2077/6617/15
f 2086/6618/15 2082/6619/15 2083/6620/15 2087/6621/15
f 2082/6619/2 2086/6618/2 2088/6622/2 2085/6623/2
f 2084/6624/3 2089/6625/3 2087/6626/3 2083/6627/3
f 2082/6628/1 2083/6629/1 2084/6630/1 2085/6631/1
f 2089/6632/1 2088/6633/1 2086/6634/1 2087/6635/1
f 2088/6636/4 2089/6637/4 2084/6638/4 2085/6639/4
f 2094/6640/4 2090/6641/4 2091/6642/4 2095/6643/4
f 2090/6641/3 2094/6640/3 2096/6644/3 2093/6645/3
f 2092/6646/2 2097/6647/2 2095/6648/2 2091/6649/2
f 2090/6650/1 2091/6651/1 2092/6652/1 2093/6653/1
f 2097/6654/1 2096/6655/1 2094/6656/1 2095/6657/1
f 2096/6658/15 2097/6659/15 2092/6660/15 2093/6661/15
f 2102/6662/2 2098/6663/2 2099/6664/2 2103/6665/2
f 2098/6663/4 2102/6662/4 2104/6666/4 2101/6667/4
f 2100/6668/15 2105/6669/15 2103/6670/15 2099/6671/15
f 2098/6672/42 2099/6673/42 2100/6674/42 2101/6675/42
f 2105/6676/42 2104/6677/42 2102/6678/42 2103/6679/42
f 2104/6680/3 2105/6681/3 2100/6682/3 2101/6683/3
f 2107/6684/43 2106/6685/43 2111/6686/43 2110/6687/43
f 2106/6688/44 2107/6689/44 2109/6690/44 2108/6691/44
f 2113/6692/44 2112/6693/44 2111/6694/44 2110/6695/44
f 2111/6696/15 2106/6697/15 2108/6698/15 2112/6699/15
f 2113/6700/4 2109/6701/4 2107/6702/4 2110/6703/4
f 2109/6701/45 2113/6700/45 2112/6704/45 2108/6705/45
f 2115/6706/43 2114/6707/43 2119/6708/43 2118/6709/43
f 2114/6710/44 2115/6711/44 2117/6712/44 2116/6713/44
f 2121/6714/44 2120/6715/44 2119/6716/44 2118/6717/44
f 2119/6718/15 2114/6719/15 2116/6720/15 2120/6721/15
f 2121/6722/4 2117/6723/4 2115/6724/4 2118/6725/4
f 2117/6723/45 2121/6722/45 2120/6726/45 2116/6727/45
f 2126/6728/15 2122/6729/15 2123/6730/15 2127/6731/15
f 2122/6729/3 2126/6728/3 2128/6732/3 2125/6733/3
f 2124/6734/2 2129/6735/2 2127/6736/2 2123/6737/2
f 2122/6738/5 2123/6739/5 2124/6740/5 2125/6741/5
f 2129/6742/5 2128/6743/5 2126/6744/5 2127/6745/5
f 2128/6746/4 2129/6747/4 2124/6748/4 2125/6749/4
f 2134/6750/4 2130/6751/4 2131/6752/4 2135/6753/4
f 2130/6751/3 2134/6750/3 2136/6754/3 2133/6755/3
f 2132/6756/2 2137/6757/2 2135/6758/2 2131/6759/2
f 2130/6760/1 2131/6761/1 2132/6762/1 2133/6763/1
f 2137/6764/1 2136/6765/1 2134/6766/1 2135/6767/1
f 2136/6768/15 2137/6769/15 2132/6770/15 2133/6771/15
f 2142/6772/15 2138/6773/15 2139/6774/15 2143/6775/15
f 2138/6773/2 2142/6772/2 2144/6776/2 2141/6777/2
f 2140/6778/3 2145/6779/3 2143/6780/3 2139/6781/3
f 2138/6782/1 2139/6783/1 2140/6784/1 2141/6785/1
f 2145/6786/1 2144/6787/1 2142/6788/1 2143/6789/1
f 2144/6790/4 2145/6791/4 2140/6792/4 2141/6793/4
f 2151/6794/4 2150/6795/4 2146/6796/4 2152/6797/4
f 2150/6795/3 2151/6794/3 2153/6798/3 2148/6799/3
f 2147/6800/2 2149/6801/2 2152/6802/2 2146/6803/2
f 2150/6804/1 2146/6805/1 2147/6806/1 2148/6807/1
f 2149/6808/1 2153/6809/1 2151/6810/1 2152/6811/1
f 2153/6812/15 2149/6813/15 2147/6814/15 2148/6815/15
f 2158/6816/15 2154/6817/15 2155/6818/15 2159/6819/15
f 2154/6817/3 2158/6816/3 2160/6820/3 2157/6821/3
f 2156/6822/2 2161/6823/2 2159/6824/2 2155/6825/2
f 2154/6826/5 2155/6827/5 2156/6828/5 2157/6829/5
f 2161/6830/5 2160/6831/5 2158/6832/5 2159/6833/5
f 2160/6834/4 2161/6835/4 2156/6836/4 2157/6837/4
f 2166/6838/4 2162/6839/4 2163/6840/4 2167/6841/4
f 2162/6839/3 2166/6838/3 2168/6842/3 2165/6843/3
f 2164/6844/2 2169/6845/2 2167/6846/2 2163/6847/2
f 2162/6848/1 2163/6849/1 2164/6850/1 2165/6851/1
f 2169/6852/1 2168/6853/1 2166/6854/1 2167/6855/1
f 2168/6856/15 2169/6857/15 2164/6858/15 2165/6859/15
f 2174/6860/4 2170/6861/4 2171/6862/4 2175/6863/4
f 2170/6861/2 2174/6860/2 2176/6864/2 2173/6865/2
f 2172/6866/3 2177/6867/3 2175/6868/3 2171/6869/3
f 2170/6870/5 2171/6871/5 2172/6872/5 2173/6873/5
f 2177/6874/5 2176/6875/5 2174/6876/5 2175/6877/5
f 2176/6878/15 2177/6879/15 2172/6880/15 2173/6881/15
f 2182/6882/15 2178/6883/15 2179/6884/15 2183/6885/15
f 2178/6883/2 2182/6882/2 2184/6886/2 2181/6887/2
f 2180/6888/3 2185/6889/3 2183/6890/3 2179/6891/3
f 2178/6892/1 2179/6893/1 2180/6894/1 2181/6895/1
f 2185/6896/1 2184/6897/1 2182/6898/1 2183/6899/1
f 2184/6900/4 2185/6901/4 2180/6902/4 2181/6903/4
f 2190/6904/4 2186/6905/4 2187/6906/4 2191/6907/4
f 2186/6905/3 2190/6904/3 2192/6908/3 2189/6909/3
f 2188/6910/2 2193/6911/2 2191/6912/2 2187/6913/2
f 2186/6914/1 2187/6915/1 2188/6916/1 2189/6917/1
f 2193/6918/1 2192/6919/1 2190/6920/1 2191/6921/1
f 2192/6922/15 2193/6923/15 2188/6924/15 2189/6925/15
f 2198/6926/15 2194/6927/15 2195/6928/15 2199/6929/15
f 2194/6927/2 2198/6926/2 2200/6930/2 2197/6931/2
f 2196/6932/3 2201/6933/3 2199/6934/3 2195/6935/3
f 2194/6936/1 2195/6937/1 2196/6938/1 2197/6939/1
f 2201/6940/1 2200/6941/1 2198/6942/1 2199/6943/1
f 2200/6944/4 2201/6945/4 2196/6946/4 2197/6947/4
f 2206/6948/4 2202/6949/4 2203/6950/4 2207/6951/4
f 2202/6949/3 2206/6948/3 2208/6952/3 2205/6953/3
f 2204/6954/2 2209/6955/2 2207/6956/2 2203/6957/2
f 2202/6958/1 2203/6959/1 2204/6960/1 2205/6961/1
f 2209/6962/1 2208/6963/1 2206/6964/1 2207/6965/1
f 2208/6966/15 2209/6967/15 2204/6968/15 2205/6969/15
f 2214/6970/4 2210/6971/4 2211/6972/4 2215/6973/4
f 2210/6971/2 2214/6970/2 2216/6974/2 2213/6975/2
f 2212/6976/3 2217/6977/3 2215/6978/3 2211/6979/3
f 2210/6980/5 2211/6981/5 2212/6982/5 2213/6983/5
f 2217/6984/5 2216/6985/5 2214/6986/5 2215/6987/5
f 2216/6988/15 2217/6989/15 2212/6990/15 2213/6991/15
f 2219/6992/43 2218/6993/43 2223/6994/43 2222/6995/43
f 2218/6996/44 2219/6997/44 2221/6998/44 2220/6999/44
f 2225/7000/44 2224/7001/44 2223/7002/44 2222/7003/44
f 2223/7004/15 2218/7005/15 2220/7006/15 2224/7007/15
f 2225/7008/4 2221/7009/4 2219/7010/4 2222/7011/4
f 2221/7009/45 2225/7008/45 2224/7012/45 2220/7013/45
f 2227/7014/46 2226/7015/46 2231/7016/46 2230/7017/46
f 2226/7018/47 2227/7019/47 2229/7020/47 2228/7021/47
f 2233/7022/47 2232/7023/47 2231/7024/47 2230/7025/47
f 2231/7026/4 2226/7027/4 2228/7028/4 2232/7029/4
f 2233/7030/15 2229/7031/15 2227/7032/15 2230/7033/15
f 2229/7031/48 2233/7030/48 2232/7034/48 2228/7035/48
f 2238/7036/2 2234/7037/2 2235/7038/2 2239/7039/2
f 2234/7037/1 2238/7036/1 2240/7040/1 2237/7041/1
f 2236/7042/5 2241/7043/5 2239/7044/5 2235/7045/5
f 2234/7046/15 2235/7047/15 2236/7048/15 2237/7049/15
f 2241/7050/15 2240/7051/15 2238/7052/15 2239/7053/15
f 2240/7054/3 2241/7055/3 2236/7056/3 2237/7057/3
f 2242/7058/3 2237/7057/3 2236/7056/3 2243/7059/3
f 2237/7057/1 2242/7058/1 2244/7060/1 2234/7061/1
f 2235/7062/5 2245/7063/5 2243/7064/5 2236/7065/5
f 2245/7066/4 2244/7067/4 2242/7068/4 2243/7069/4
f 2244/7070/2 2245/7071/2 2235/7038/2 2234/7037/2
f 2246/7072/2 2238/7073/2 2239/7074/2 2247/7075/2
f 2238/7073/1 2246/7072/1 2248/7076/1 2240/7077/1
f 2241/7078/5 2249/7079/5 2247/7080/5 2239/7081/5
f 2249/7082/15 2248/7083/15 2246/7084/15 2247/7085/15
f 2248/7086/3 2249/7087/3 2241/7088/3 2240/7089/3
f 2254/7090/2 2250/7091/2 2251/7092/2 2255/7093/2
f 2250/7091/1 2254/7090/1 2256/7094/1 2253/7095/1
f 2252/7096/5 2257/7097/5 2255/7098/5 2251/7099/5
f 2250/7100/15 2251/7101/15 2252/7102/15 2253/7103/15
f 2257/7104/15 2256/7105/15 2254/7106/15 2255/7107/15
f 2256/7108/3 2257/7109/3 2252/7110/3 2253/7111/3
f 2258/7112/3 2253/7111/3 2252/7110/3 2259/7113/3
f 2253/7111/1 2258/7112/1 2260/7114/1 2250/7115/1
f 2251/7116/5 2261/7117/5 2259/7118/5 2252/7119/5
f 2261/7120/4 2260/7121/4 2258/7122/4 2259/7123/4
f 2260/7124/2 2261/7125/2 2251/7092/2 2250/7091/2
f 2262/7126/2 2254/7127/2 2255/7128/2 2263/7129/2
f 2254/7127/1 2262/7126/1 2264/7130/1 2256/7131/1
f 2257/7132/5 2265/7133/5 2263/7134/5 2255/7135/5
f 2265/7136/15 2264/7137/15 2262/7138/15 2263/7139/15
f 2264/7140/3 2265/7141/3 2257/7142/3 2256/7143/3
f 2270/7144/2 2266/7145/2 2267/7146/2 2271/7147/2
f 2266/7145/1 2270/7144/1 2272/7148/1 2269/7149/1
f 2268/7150/5 2273/7151/5 2271/7152/5 2267/7153/5
f 2266/7154/15 2267/7155/15 2268/7156/15 2269/7157/15
f 2273/7158/15 2272/7159/15 2270/7160/15 2271/7161/15
f 2272/7162/3 2273/7163/3 2268/7164/3 2269/7165/3
f 2274/7166/3 2269/7165/3 2268/7164/3 2275/7167/3
f 2269/7165/1 2274/7166/1 2276/7168/1 2266/7169/1
f 2267/7170/5 2277/7171/5 2275/7172/5 2268/7173/5
f 2277/7174/4 2276/7175/4 2274/7176/4 2275/7177/4
f 2276/7178/2 2277/7179/2 2267/7146/2 2266/7145/2
f 2278/7180/2 2270/7181/2 2271/7182/2 2279/7183/2
f 2270/7181/1 2278/7180/1 2280/7184/1 2272/7185/1
f 2273/7186/5 2281/7187/5 2279/7188/5 2271/7189/5
f 2281/7190/15 2280/7191/15 2278/7192/15 2279/7193/15
f 2280/7194/3 2281/7195/3 2273/7196/3 2272/7197/3
f 2286/7198/2 2282/7199/2 2283/7200/2 2287/7201/2
f 2282/7199/1 2286/7198/1 2288/7202/1 2285/7203/1
f 2284/7204/5 2289/7205/5 2287/7206/5 2283/7207/5
f 2282/7208/15 2283/7209/15 2284/7210/15 2285/7211/15
f 2289/7212/15 2288/7213/15 2286/7214/15 2287/7215/15
f 2288/7216/3 2289/7217/3 2284/7218/3 2285/7219/3
f 2290/7220/3 2285/7219/3 2284/7218/3 2291/7221/3
f 2285/7219/1 2290/7220/1 2292/7222/1 2282/7223/1
f 2283/7224/5 2293/7225/5 2291/7226/5 2284/7227/5
f 2293/7228/4 2292/7229/4 2290/7230/4 2291/7231/4
f 2292/7232/2 2293/7233/2 2283/7200/2 2282/7199/2
f 2294/7234/2 2286/7235/2 2287/7236/2 2295/7237/2
f 2286/7235/1 2294/7234/1 2296/7238/1 2288/7239/1
f 2289/7240/5 2297/7241/5 2295/7242/5 2287/7243/5
f 2297/7244/15 2296/7245/15 2294/7246/15 2295/7247/15
f 2296/7248/3 2297/7249/3 2289/7250/3 2288/7251/3
f 2302/7252/2 2298/7253/2 2299/7254/2 2303/7255/2
f 2298/7253/1 2302/7252/1 2304/7256/1 2301/7257/1
f 2300/7258/5 2305/7259/5 2303/7260/5 2299/7261/5
f 2298/7262/15 2299/7263/15 2300/7264/15 2301/7265/15
f 2305/7266/15 2304/7267/15 2302/7268/15 2303/7269/15
f 2304/7270/3 2305/7271/3 2300/7272/3 2301/7273/3
f 2306/7274/3 2301/7273/3 2300/7272/3 2307/7275/3
f 2301/7273/1 2306/7274/1 2308/7276/1 2298/7277/1
f 2299/7278/5 2309/7279/5 2307/7280/5 2300/7281/5
f 2309/7282/4 2308/7283/4 2306/7284/4 2307/7285/4
f 2308/7286/2 2309/7287/2 2299/7254/2 2298/7253/2
f 2310/7288/2 2302/7289/2 2303/7290/2 2311/7291/2
f 2302/7289/1 2310/7288/1 2312/7292/1 2304/7293/1
f 2305/7294/5 2313/7295/5 2311/7296/5 2303/7297/5
f 2313/7298/15 2312/7299/15 2310/7300/15 2311/7301/15
f 2312/7302/3 2313/7303/3 2305/7304/3 2304/7305/3
f 2318/7306/2 2314/7307/2 2315/7308/2 2319/7309/2
f 2314/7307/1 2318/7306/1 2320/7310/1 2317/7311/1
f 2316/7312/5 2321/7313/5 2319/7314/5 2315/7315/5
f 2314/7316/15 2315/7317/15 2316/7318/15 2317/7319/15
f 2321/7320/15 2320/7321/15 2318/7322/15 2319/7323/15
f 2320/7324/3 2321/7325/3 2316/7326/3 2317/7327/3
f 2322/7328/3 2317/7327/3 2316/7326/3 2323/7329/3
f 2317/7327/1 2322/7328/1 2324/7330/1 2314/7331/1
f 2315/7332/5 2325/7333/5 2323/7334/5 2316/7335/5
f 2325/7336/4 2324/7337/4 2322/7338/4 2323/7339/4
f 2324/7340/2 2325/7341/2 2315/7308/2 2314/7307/2
f 2326/7342/2 2318/7343/2 2319/7344/2 2327/7345/2
f 2318/7343/1 2326/7342/1 2328/7346/1 2320/7347/1
f 2321/7348/5 2329/7349/5 2327/7350/5 2319/7351/5
f 2329/7352/15 2328/7353/15 2326/7354/15 2327/7355/15
f 2328/7356/3 2329/7357/3 2321/7358/3 2320/7359/3
f 1096/7360/5 2330/7361/5 2331/7362/5 1095/7363/5
f 2330/7361/2 1096/7360/2 1093/7364/2 2333/7365/2
f 2332/7366/3 1094/7367/3 1095/7368/3 2331/7369/3
f 2330/7370/15 2331/7371/15 2332/7372/15 2333/7373/15
f 1093/7374/1 1094/7375/1 2332/7376/1 2333/7377/1
f 2399/7378/15 2380/7379/15 2336/7380/15 2375/7381/15
f 2342/7382/4 2339/7383/4 2338/7384/4 2351/7385/4
f 2341/7386/4 2346/7387/4 2347/7388/4 2340/7389/4
f 2346/7387/4 2345/7390/4 2348/7391/4 2347/7388/4
f 2345/7390/4 2344/7392/4 2349/7393/4 2348/7391/4
f 2344/7392/4 2343/7394/4 2350/7395/4 2349/7393/4
f 2343/7394/4 2342/7382/4 2351/7385/4 2350/7395/4
f 2351/7396/4 2338/7397/4 2352/7398/4 2357/7399/4
f 2348/7400/4 2349/7401/4 2355/7402/4 2354/7403/4
f 2349/7401/4 2350/7404/4 2356/7405/4 2355/7402/4
f 2350/7404/4 2351/7396/4 2357/7399/4 2356/7405/4
f 2347/7406/4 2348/7400/4 2354/7403/4 2353/7407/4
f 2347/7408/1 2353/7409/1 2367/7410/1 2358/7411/1
f 2352/7412/5 2338/7413/5 1577/7414/5 2359/7415/5
f 2354/7416/2 2355/7417/2 2361/7418/2 2360/7419/2
f 2355/7417/2 2356/7420/2 2362/7421/2 2361/7418/2
f 2356/7420/2 2357/7422/2 2363/7423/2 2362/7421/2
f 2357/7422/2 2352/7424/2 2359/7425/2 2363/7423/2
f 2353/7426/2 2354/7416/2 2360/7419/2 2367/7427/2
f 2364/7428/4 2365/7429/4 2367/7430/4 2366/7431/4
f 2379/7432/15 2387/7433/15 2372/7434/15 2334/7435/15
f 2387/7433/15 2391/7436/15 2373/7437/15 2372/7434/15
f 2395/7438/15 2399/7378/15 2375/7381/15 2374/7439/15
f 2369/7440/15 2368/7441/15 2396/7442/15 2392/7443/15
f 2392/7443/15 2396/7442/15 2397/7444/15 2393/7445/15
f 2393/7445/15 2397/7444/15 2398/7446/15 2394/7447/15
f 2394/7447/15 2398/7446/15 2399/7378/15 2395/7438/15
f 2370/7448/15 2369/7440/15 2392/7443/15 2388/7449/15
f 2388/7449/15 2392/7443/15 2393/7445/15 2389/7450/15
f 2389/7450/15 2393/7445/15 2394/7447/15 2390/7451/15
f 2390/7451/15 2394/7447/15 2395/7438/15 2391/7436/15
f 2371/7452/15 2370/7448/15 2388/7449/15 2384/7453/15
f 2384/7453/15 2388/7449/15 2389/7450/15 2385/7454/15
f 2385/7454/15 2389/7450/15 2390/7451/15 2386/7455/15
f 2386/7455/15 2390/7451/15 2391/7436/15 2387/7433/15
f 2335/7456/15 2371/7452/15 2384/7453/15 2376/7457/15
f 2376/7457/15 2384/7453/15 2385/7454/15 2377/7458/15
f 2377/7458/15 2385/7454/15 2386/7455/15 2378/7459/15
f 2378/7459/15 2386/7455/15 2387/7433/15 2379/7432/15
f 2368/7441/15 2337/7460/15 2383/7461/15 2396/7442/15
f 2396/7442/15 2383/7461/15 2382/7462/15 2397/7444/15
f 2397/7444/15 2382/7462/15 2381/7463/15 2398/7446/15
f 2398/7446/15 2381/7463/15 2380/7379/15 2399/7378/15
f 2413/7464/4 711/7465/4 869/7466/4 2405/7467/4
f 2405/7467/4 869/7466/4 870/7468/4 2408/7469/4
f 2417/7470/4 676/7471/4 2400/7472/4 2414/7473/4
f 2408/7469/4 870/7468/4 676/7471/4 2417/7470/4
f 2401/7474/4 2410/7475/4 2419/7476/4 2404/7477/4
f 2410/7475/4 2409/7478/4 2418/7479/4 2419/7476/4
f 2409/7478/4 2408/7469/4 2417/7470/4 2418/7479/4
f 2404/7477/4 2419/7476/4 2416/7480/4 868/7481/4
f 2419/7476/4 2418/7479/4 2415/7482/4 2416/7480/4
f 2402/7483/4 2407/7484/4 2410/7475/4 2401/7474/4
f 2407/7484/4 2406/7485/4 2409/7478/4 2410/7475/4
f 2406/7485/4 2405/7467/4 2408/7469/4 2409/7478/4
f 2403/7486/4 2411/7487/4 2407/7484/4 2402/7483/4
f 2411/7487/4 2412/7488/4 2406/7485/4 2407/7484/4
f 2412/7488/4 2413/7464/4 2405/7467/4 2406/7485/4
f 2434/7489/1 2449/7490/1 2423/7491/1 2422/7492/1
f 2428/7493/2 2431/7494/2 2427/7495/2 2426/7496/2
f 2524/7497/49 2527/7498/49 2425/7499/49 2424/7500/49
f 2499/7501/3 2497/7502/3 2421/7503/3 2420/7504/3
f 2491/7505/15 2524/7506/15 2424/7507/15 2433/7508/15
f 2515/7509/4 2442/7510/4 2421/7511/4 2497/7512/4
f 2527/7498/50 2494/7513/50 2492/7514/50 2425/7499/50
f 2507/7515/15 2483/7516/15 2432/7517/15 2499/7518/15
f 2483/7516/15 2491/7505/15 2433/7508/15 2432/7517/15
f 2424/7519/3 2425/7520/3 2492/7521/3 2433/7522/3
f 2433/7522/3 2492/7521/3 2493/7523/3 2432/7524/3
f 2496/7525/2 2498/7526/2 2430/7527/2 2429/7528/2
f 2429/7528/2 2430/7527/2 2431/7494/2 2428/7493/2
f 2429/7529/15 2428/7530/15 2484/7531/15 2476/7532/15
f 2476/7532/15 2484/7531/15 2485/7533/15 2477/7534/15
f 2477/7534/15 2485/7533/15 2486/7535/15 2478/7536/15
f 2478/7536/15 2486/7535/15 2487/7537/15 2479/7538/15
f 2479/7538/15 2487/7537/15 2488/7539/15 2480/7540/15
f 2480/7540/15 2488/7539/15 2489/7541/15 2481/7542/15
f 2481/7542/15 2489/7541/15 2490/7543/15 2482/7544/15
f 2482/7544/15 2490/7543/15 2491/7505/15 2483/7516/15
f 2496/7545/15 2429/7529/15 2476/7532/15 2500/7546/15
f 2500/7546/15 2476/7532/15 2477/7534/15 2501/7547/15
f 2501/7547/15 2477/7534/15 2478/7536/15 2502/7548/15
f 2502/7548/15 2478/7536/15 2479/7538/15 2503/7549/15
f 2503/7549/15 2479/7538/15 2480/7540/15 2504/7550/15
f 2504/7550/15 2480/7540/15 2481/7542/15 2505/7551/15
f 2505/7551/15 2481/7542/15 2482/7544/15 2506/7552/15
f 2506/7552/15 2482/7544/15 2483/7516/15 2507/7515/15
f 2431/7553/4 2430/7554/4 2469/7555/4 2462/7556/4
f 2462/7556/4 2469/7555/4 2470/7557/4 2463/7558/4
f 2463/7558/4 2470/7557/4 2471/7559/4 2464/7560/4
f 2464/7560/4 2471/7559/4 2472/7561/4 2465/7562/4
f 2465/7562/4 2472/7561/4 2473/7563/4 2466/7564/4
f 2466/7564/4 2473/7563/4 2474/7565/4 2467/7566/4
f 2467/7566/4 2474/7565/4 2475/7567/4 2468/7568/4
f 2468/7568/4 2475/7567/4 2495/7569/4 2494/7513/4
f 2427/7570/4 2431/7553/4 2462/7556/4 2456/7571/4
f 2456/7571/4 2462/7556/4 2463/7558/4 2457/7572/4
f 2457/7572/4 2463/7558/4 2464/7560/4 2458/7573/4
f 2458/7573/4 2464/7560/4 2465/7562/4 2459/7574/4
f 2459/7574/4 2465/7562/4 2466/7564/4 2460/7575/4
f 2460/7575/4 2466/7564/4 2467/7566/4 2461/7576/4
f 2461/7576/51 2467/7566/51 2468/7568/51 2526/7577/51
f 2526/7577/52 2468/7568/52 2494/7513/52 2527/7498/52
f 2498/7578/4 2423/7579/4 2449/7580/4 2508/7581/4
f 2508/7581/4 2449/7580/4 2448/7582/4 2509/7583/4
f 2509/7583/4 2448/7582/4 2447/7584/4 2510/7585/4
f 2510/7585/4 2447/7584/4 2446/7586/4 2511/7587/4
f 2511/7587/4 2446/7586/4 2445/7588/4 2512/7589/4
f 2512/7589/4 2445/7588/4 2444/7590/4 2513/7591/4
f 2513/7591/4 2444/7590/4 2443/7592/4 2514/7593/4
f 2514/7593/4 2443/7592/4 2442/7510/4 2515/7509/4
f 2428/7530/15 2426/7594/15 2455/7595/15 2484/7531/15
f 2484/7531/15 2455/7595/15 2454/7596/15 2485/7533/15
f 2485/7533/15 2454/7596/15 2453/7597/15 2486/7535/15
f 2486/7535/15 2453/7597/15 2452/7598/15 2487/7537/15
f 2487/7537/15 2452/7598/15 2451/7599/15 2488/7539/15
f 2488/7539/15 2451/7599/15 2450/7600/15 2489/7541/15
f 2489/7541/15 2450/7600/15 2525/7601/15 2490/7543/15
f 2490/7543/15 2525/7601/15 2524/7506/15 2491/7505/15
f 2426/7602/5 2427/7570/5 2456/7571/5 2455/7603/5
f 2455/7603/5 2456/7571/5 2457/7572/5 2454/7604/5
f 2454/7604/5 2457/7572/5 2458/7573/5 2453/7605/5
f 2453/7605/5 2458/7573/5 2459/7574/5 2452/7606/5
f 2452/7606/5 2459/7574/5 2460/7575/5 2451/7607/5
f 2451/7607/5 2460/7575/5 2461/7576/5 2450/7608/5
f 2450/7608/53 2461/7576/53 2526/7577/53 2525/7609/53
f 2420/7610/1 2421/7611/1 2442/7612/1 2441/7613/1
f 2441/7613/1 2442/7612/1 2443/7614/1 2440/7615/1
f 2440/7615/1 2443/7614/1 2444/7616/1 2439/7617/1
f 2439/7617/1 2444/7616/1 2445/7618/1 2438/7619/1
f 2438/7619/1 2445/7618/1 2446/7620/1 2437/7621/1
f 2437/7621/1 2446/7620/1 2447/7622/1 2436/7623/1
f 2436/7623/1 2447/7622/1 2448/7624/1 2435/7625/1
f 2435/7625/1 2448/7624/1 2449/7490/1 2434/7489/1
f 2494/7513/4 2495/7569/4 2493/7626/4 2492/7514/4
f 2475/7567/4 2514/7593/4 2515/7509/4 2495/7569/4
f 2474/7565/4 2513/7591/4 2514/7593/4 2475/7567/4
f 2473/7563/4 2512/7589/4 2513/7591/4 2474/7565/4
f 2472/7561/4 2511/7587/4 2512/7589/4 2473/7563/4
f 2471/7559/4 2510/7585/4 2511/7587/4 2472/7561/4
f 2470/7557/4 2509/7583/4 2510/7585/4 2471/7559/4
f 2469/7555/4 2508/7581/4 2509/7583/4 2470/7557/4
f 2498/7627/1 2508/7628/1 2519/7629/1 2516/7630/1
f 2440/7631/15 2506/7552/15 2507/7515/15 2441/7632/15
f 2439/7633/15 2505/7551/15 2506/7552/15 2440/7631/15
f 2438/7634/15 2504/7550/15 2505/7551/15 2439/7633/15
f 2437/7635/15 2503/7549/15 2504/7550/15 2438/7634/15
f 2436/7636/15 2502/7548/15 2503/7549/15 2437/7635/15
f 2435/7637/15 2501/7547/15 2502/7548/15 2436/7636/15
f 2434/7638/15 2500/7546/15 2501/7547/15 2435/7637/15
f 2422/7639/15 2496/7545/15 2500/7546/15 2434/7638/15
f 2422/7492/2 2423/7491/2 2498/7526/2 2496/7525/2
f 2441/7632/15 2507/7515/15 2499/7518/15 2420/7640/15
f 2432/7524/3 2493/7523/3 2497/7502/3 2499/7501/3
f 2515/7641/1 2497/7642/1 2523/7643/1 2522/7644/1
f 2517/7645/4 2516/7646/4 2519/7647/4 2518/7648/4
f 2520/7649/4 2522/7650/4 2523/7651/4 2521/7652/4
f 2493/7653/5 2495/7654/5 2520/7655/5 2521/7656/5
f 2469/7657/5 2430/7658/5 2517/7659/5 2518/7660/5
f 2508/7661/3 2469/7662/3 2518/7663/3 2519/7664/3
f 2495/7665/2 2515/7666/2 2522/7667/2 2520/7668/2
f 2497/7669/3 2493/7670/3 2521/7671/3 2523/7672/3
f 2430/7527/2 2498/7526/2 2516/7673/2 2517/7674/2
f 2525/7609/54 2526/7577/54 2527/7498/54 2524/7497/54
f 2543/7675/1 2558/7676/1 2531/7677/1 2530/7678/1
f 2536/7679/2 2539/7680/2 2535/7681/2 2534/7682/2
f 2633/7683/5 2571/7684/5 2533/7685/5 2532/7686/5
f 2605/7687/3 2624/7688/3 2529/7689/3 2528/7690/3
f 2601/7691/15 2633/7692/15 2532/7693/15 2541/7694/15
f 2623/7695/4 2551/7696/4 2529/7697/4 2624/7698/4
f 2571/7684/4 2602/7699/4 2542/7700/4 2533/7685/4
f 2613/7701/15 2593/7702/15 2540/7703/15 2605/7704/15
f 2593/7702/15 2601/7691/15 2541/7694/15 2540/7703/15
f 2532/7705/3 2533/7706/3 2542/7707/3 2541/7708/3
f 2541/7708/3 2542/7707/3 2622/7709/3 2540/7710/3
f 2603/7711/2 2604/7712/2 2538/7713/2 2537/7714/2
f 2537/7714/2 2538/7713/2 2539/7680/2 2536/7679/2
f 2537/7715/15 2536/7716/15 2594/7717/15 2586/7718/15
f 2586/7718/15 2594/7717/15 2595/7719/15 2587/7720/15
f 2587/7720/15 2595/7719/15 2596/7721/15 2588/7722/15
f 2588/7722/15 2596/7721/15 2597/7723/15 2589/7724/15
f 2589/7724/15 2597/7723/15 2598/7725/15 2590/7726/15
f 2590/7726/15 2598/7725/15 2599/7727/15 2591/7728/15
f 2591/7728/15 2599/7727/15 2600/7729/15 2592/7730/15
f 2592/7730/15 2600/7729/15 2601/7691/15 2593/7702/15
f 2603/7731/15 2537/7715/15 2586/7718/15 2606/7732/15
f 2606/7732/15 2586/7718/15 2587/7720/15 2607/7733/15
f 2607/7733/15 2587/7720/15 2588/7722/15 2608/7734/15
f 2608/7734/15 2588/7722/15 2589/7724/15 2609/7735/15
f 2609/7735/15 2589/7724/15 2590/7726/15 2610/7736/15
f 2610/7736/15 2590/7726/15 2591/7728/15 2611/7737/15
f 2611/7737/15 2591/7728/15 2592/7730/15 2612/7738/15
f 2612/7738/15 2592/7730/15 2593/7702/15 2613/7701/15
f 2539/7739/4 2538/7740/4 2579/7741/4 2572/7742/4
f 2572/7742/4 2579/7741/4 2580/7743/4 2573/7744/4
f 2573/7744/4 2580/7743/4 2581/7745/4 2574/7746/4
f 2574/7746/4 2581/7745/4 2582/7747/4 2575/7748/4
f 2575/7748/4 2582/7747/4 2583/7749/4 2576/7750/4
f 2576/7750/4 2583/7749/4 2584/7751/4 2577/7752/4
f 2577/7752/4 2584/7751/4 2585/7753/4 2578/7754/4
f 2578/7754/4 2585/7753/4 2621/7755/4 2602/7699/4
f 2535/7756/4 2539/7739/4 2572/7742/4 2565/7757/4
f 2565/7757/4 2572/7742/4 2573/7744/4 2566/7758/4
f 2566/7758/4 2573/7744/4 2574/7746/4 2567/7759/4
f 2567/7759/4 2574/7746/4 2575/7748/4 2568/7760/4
f 2568/7760/4 2575/7748/4 2576/7750/4 2569/7761/4
f 2569/7761/4 2576/7750/4 2577/7752/4 2570/7762/4
f 2570/7762/4 2577/7752/4 2578/7754/4 2635/7763/4
f 2635/7763/4 2578/7754/4 2602/7699/4 2571/7684/4
f 2604/7764/4 2531/7765/4 2558/7766/4 2614/7767/4
f 2614/7767/4 2558/7766/4 2557/7768/4 2615/7769/4
f 2615/7769/4 2557/7768/4 2556/7770/4 2616/7771/4
f 2616/7771/4 2556/7770/4 2555/7772/4 2617/7773/4
f 2617/7773/4 2555/7772/4 2554/7774/4 2618/7775/4
f 2618/7775/4 2554/7774/4 2553/7776/4 2619/7777/4
f 2619/7777/4 2553/7776/4 2552/7778/4 2620/7779/4
f 2620/7779/4 2552/7778/4 2551/7696/4 2623/7695/4
f 2536/7716/15 2534/7780/15 2564/7781/15 2594/7717/15
f 2594/7717/15 2564/7781/15 2563/7782/15 2595/7719/15
f 2595/7719/15 2563/7782/15 2562/7783/15 2596/7721/15
f 2596/7721/15 2562/7783/15 2561/7784/15 2597/7723/15
f 2597/7723/15 2561/7784/15 2560/7785/15 2598/7725/15
f 2598/7725/15 2560/7785/15 2559/7786/15 2599/7727/15
f 2599/7727/15 2559/7786/15 2634/7787/15 2600/7729/15
f 2600/7729/15 2634/7787/15 2633/7692/15 2601/7691/15
f 2534/7788/5 2535/7756/5 2565/7757/5 2564/7789/5
f 2564/7789/5 2565/7757/5 2566/7758/5 2563/7790/5
f 2563/7790/5 2566/7758/5 2567/7759/5 2562/7791/5
f 2562/7791/5 2567/7759/5 2568/7760/5 2561/7792/5
f 2561/7792/5 2568/7760/5 2569/7761/5 2560/7793/5
f 2560/7793/5 2569/7761/5 2570/7762/5 2559/7794/5
f 2559/7794/5 2570/7762/5 2635/7763/5 2634/7795/5
f 2528/7796/1 2529/7797/1 2551/7798/1 2550/7799/1
f 2550/7799/1 2551/7798/1 2552/7800/1 2549/7801/1
f 2549/7801/1 2552/7800/1 2553/7802/1 2548/7803/1
f 2548/7803/1 2553/7802/1 2554/7804/1 2547/7805/1
f 2547/7805/1 2554/7804/1 2555/7806/1 2546/7807/1
f 2546/7807/1 2555/7806/1 2556/7808/1 2545/7809/1
f 2545/7809/1 2556/7808/1 2557/7810/1 2544/7811/1
f 2544/7811/1 2557/7810/1 2558/7676/1 2543/7675/1
f 2602/7699/4 2621/7755/4 2622/7812/4 2542/7700/4
f 2585/7753/4 2620/7779/4 2623/7695/4 2621/7755/4
f 2584/7751/4 2619/7777/4 2620/7779/4 2585/7753/4
f 2583/7749/4 2618/7775/4 2619/7777/4 2584/7751/4
f 2582/7747/4 2617/7773/4 2618/7775/4 2583/7749/4
f 2581/7745/4 2616/7771/4 2617/7773/4 2582/7747/4
f 2580/7743/4 2615/7769/4 2616/7771/4 2581/7745/4
f 2579/7741/4 2614/7767/4 2615/7769/4 2580/7743/4
f 2604/7813/1 2614/7814/1 2628/7815/1 2625/7816/1
f 2549/7817/15 2612/7738/15 2613/7701/15 2550/7818/15
f 2548/7819/15 2611/7737/15 2612/7738/15 2549/7817/15
f 2547/7820/15 2610/7736/15 2611/7737/15 2548/7819/15
f 2546/7821/15 2609/7735/15 2610/7736/15 2547/7820/15
f 2545/7822/15 2608/7734/15 2609/7735/15 2546/7821/15
f 2544/7823/15 2607/7733/15 2608/7734/15 2545/7822/15
f 2543/7824/15 2606/7732/15 2607/7733/15 2544/7823/15
f 2530/7825/15 2603/7731/15 2606/7732/15 2543/7824/15
f 2530/7678/2 2531/7677/2 2604/7712/2 2603/7711/2
f 2550/7818/15 2613/7701/15 2605/7704/15 2528/7826/15
f 2540/7710/3 2622/7709/3 2624/7688/3 2605/7687/3
f 2623/7827/1 2624/7828/1 2632/7829/1 2631/7830/1
f 2626/7831/4 2625/7832/4 2628/7833/4 2627/7834/4
f 2629/7835/4 2631/7836/4 2632/7837/4 2630/7838/4
f 2622/7839/5 2621/7840/5 2629/7841/5 2630/7842/5
f 2579/7843/5 2538/7844/5 2626/7845/5 2627/7846/5
f 2614/7847/3 2579/7848/3 2627/7849/3 2628/7850/3
f 2621/7851/2 2623/7852/2 2631/7853/2 2629/7854/2
f 2624/7855/3 2622/7856/3 2630/7857/3 2632/7858/3
f 2538/7713/2 2604/7712/2 2625/7859/2 2626/7860/2
f 2634/7795/5 2635/7763/5 2571/7684/5 2633/7683/5
f 2651/7861/1 2666/7862/1 2639/7863/1 2638/7864/1
f 2644/7865/2 2647/7866/2 2643/7867/2 2642/7868/2
f 2667/7869/5 2743/7870/5 2641/7871/5 2640/7872/5
f 2717/7873/3 2734/7874/3 2637/7875/3 2636/7876/3
f 2712/7877/15 2667/7878/15 2640/7879/15 2649/7880/15
f 2733/7881/4 2659/7882/4 2637/7883/4 2734/7884/4
f 2743/7870/4 2714/7885/4 2713/7886/4 2641/7871/4
f 2725/7887/15 2704/7888/15 2648/7889/15 2717/7890/15
f 2704/7888/15 2712/7877/15 2649/7880/15 2648/7889/15
f 2640/7891/3 2641/7892/3 2713/7893/3 2649/7894/3
f 2649/7894/3 2713/7893/3 2650/7895/3 2648/7896/3
f 2715/7897/2 2716/7898/2 2646/7899/2 2645/7900/2
f 2645/7900/2 2646/7899/2 2647/7866/2 2644/7865/2
f 2645/7901/15 2644/7902/15 2705/7903/15 2697/7904/15
f 2697/7904/15 2705/7903/15 2706/7905/15 2698/7906/15
f 2698/7906/15 2706/7905/15 2707/7907/15 2699/7908/15
f 2699/7908/15 2707/7907/15 2708/7909/15 2700/7910/15
f 2700/7910/15 2708/7909/15 2709/7911/15 2701/7912/15
f 2701/7912/15 2709/7911/15 2710/7913/15 2702/7914/15
f 2702/7914/15 2710/7913/15 2711/7915/15 2703/7916/15
f 2703/7916/15 2711/7915/15 2712/7877/15 2704/7888/15
f 2715/7917/15 2645/7901/15 2697/7904/15 2718/7918/15
f 2718/7918/15 2697/7904/15 2698/7906/15 2719/7919/15
f 2719/7919/15 2698/7906/15 2699/7908/15 2720/7920/15
f 2720/7920/15 2699/7908/15 2700/7910/15 2721/7921/15
f 2721/7921/15 2700/7910/15 2701/7912/15 2722/7922/15
f 2722/7922/15 2701/7912/15 2702/7914/15 2723/7923/15
f 2723/7923/15 2702/7914/15 2703/7916/15 2724/7924/15
f 2724/7924/15 2703/7916/15 2704/7888/15 2725/7887/15
f 2647/7925/4 2646/7926/4 2689/7927/4 2682/7928/4
f 2682/7928/4 2689/7927/4 2690/7929/4 2683/7930/4
f 2683/7930/4 2690/7929/4 2691/7931/4 2684/7932/4
f 2684/7932/4 2691/7931/4 2692/7933/4 2685/7934/4
f 2685/7934/4 2692/7933/4 2693/7935/4 2686/7936/4
f 2686/7936/4 2693/7935/4 2694/7937/4 2687/7938/4
f 2687/7938/4 2694/7937/4 2695/7939/4 2688/7940/4
f 2688/7940/4 2695/7939/4 2696/7941/4 2714/7885/4
f 2643/7942/4 2647/7925/4 2682/7928/4 2675/7943/4
f 2675/7943/4 2682/7928/4 2683/7930/4 2676/7944/4
f 2676/7944/4 2683/7930/4 2684/7932/4 2677/7945/4
f 2677/7945/4 2684/7932/4 2685/7934/4 2678/7946/4
f 2678/7946/4 2685/7934/4 2686/7936/4 2679/7947/4
f 2679/7947/4 2686/7936/4 2687/7938/4 2680/7948/4
f 2680/7948/4 2687/7938/4 2688/7940/4 2681/7949/4
f 2681/7949/4 2688/7940/4 2714/7885/4 2743/7870/4
f 2716/7950/4 2639/7951/4 2666/7952/4 2726/7953/4
f 2726/7953/4 2666/7952/4 2665/7954/4 2727/7955/4
f 2727/7955/4 2665/7954/4 2664/7956/4 2728/7957/4
f 2728/7957/4 2664/7956/4 2663/7958/4 2729/7959/4
f 2729/7959/4 2663/7958/4 2662/7960/4 2730/7961/4
f 2730/7961/4 2662/7960/4 2661/7962/4 2731/7963/4
f 2731/7963/4 2661/7962/4 2660/7964/4 2732/7965/4
f 2732/7965/4 2660/7964/4 2659/7882/4 2733/7881/4
f 2644/7902/15 2642/7966/15 2674/7967/15 2705/7903/15
f 2705/7903/15 2674/7967/15 2673/7968/15 2706/7905/15
f 2706/7905/15 2673/7968/15 2672/7969/15 2707/7907/15
f 2707/7907/15 2672/7969/15 2671/7970/15 2708/7909/15
f 2708/7909/15 2671/7970/15 2670/7971/15 2709/7911/15
f 2709/7911/15 2670/7971/15 2669/7972/15 2710/7913/15
f 2710/7913/15 2669/7972/15 2668/7973/15 2711/7915/15
f 2711/7915/15 2668/7973/15 2667/7878/15 2712/7877/15
f 2642/7974/5 2643/7942/5 2675/7943/5 2674/7975/5
f 2674/7975/5 2675/7943/5 2676/7944/5 2673/7976/5
f 2673/7976/5 2676/7944/5 2677/7945/5 2672/7977/5
f 2672/7977/5 2677/7945/5 2678/7946/5 2671/7978/5
f 2671/7978/5 2678/7946/5 2679/7947/5 2670/7979/5
f 2670/7979/5 2679/7947/5 2680/7948/5 2669/7980/5
f 2669/7980/5 2680/7948/5 2681/7949/5 2668/7981/5
f 2636/7982/1 2637/7983/1 2659/7984/1 2658/7985/1
f 2658/7985/1 2659/7984/1 2660/7986/1 2657/7987/1
f 2657/7987/1 2660/7986/1 2661/7988/1 2656/7989/1
f 2656/7989/1 2661/7988/1 2662/7990/1 2655/7991/1
f 2655/7991/1 2662/7990/1 2663/7992/1 2654/7993/1
f 2654/7993/1 2663/7992/1 2664/7994/1 2653/7995/1
f 2653/7995/1 2664/7994/1 2665/7996/1 2652/7997/1
f 2652/7997/1 2665/7996/1 2666/7862/1 2651/7861/1
f 2714/7885/4 2696/7941/4 2650/7998/4 2713/7886/4
f 2695/7939/4 2732/7965/4 2733/7881/4 2696/7941/4
f 2694/7937/4 2731/7963/4 2732/7965/4 2695/7939/4
f 2693/7935/4 2730/7961/4 2731/7963/4 2694/7937/4
f 2692/7933/4 2729/7959/4 2730/7961/4 2693/7935/4
f 2691/7931/4 2728/7957/4 2729/7959/4 2692/7933/4
f 2690/7929/4 2727/7955/4 2728/7957/4 2691/7931/4
f 2689/7927/4 2726/7953/4 2727/7955/4 2690/7929/4
f 2716/7999/1 2726/8000/1 2738/8001/1 2735/8002/1
f 2657/8003/15 2724/7924/15 2725/7887/15 2658/8004/15
f 2656/8005/15 2723/7923/15 2724/7924/15 2657/8003/15
f 2655/8006/15 2722/7922/15 2723/7923/15 2656/8005/15
f 2654/8007/15 2721/7921/15 2722/7922/15 2655/8006/15
f 2653/8008/15 2720/7920/15 2721/7921/15 2654/8007/15
f 2652/8009/15 2719/7919/15 2720/7920/15 2653/8008/15
f 2651/8010/15 2718/7918/15 2719/7919/15 2652/8009/15
f 2638/8011/15 2715/7917/15 2718/7918/15 2651/8010/15
f 2638/7864/2 2639/7863/2 2716/7898/2 2715/7897/2
f 2658/8004/15 2725/7887/15 2717/7890/15 2636/8012/15
f 2648/7896/3 2650/7895/3 2734/7874/3 2717/7873/3
f 2733/8013/1 2734/8014/1 2742/8015/1 2741/8016/1
f 2736/8017/4 2735/8018/4 2738/8019/4 2737/8020/4
f 2739/8021/4 2741/8022/4 2742/8023/4 2740/8024/4
f 2650/8025/5 2696/8026/5 2739/8027/5 2740/8028/5
f 2689/8029/5 2646/8030/5 2736/8031/5 2737/8032/5
f 2726/8033/3 2689/8034/3 2737/8035/3 2738/8036/3
f 2696/8037/2 2733/8038/2 2741/8039/2 2739/8040/2
f 2734/8041/3 2650/8042/3 2740/8043/3 2742/8044/3
f 2646/7899/2 2716/7898/2 2735/8045/2 2736/8046/2
f 2668/7981/5 2681/7949/5 2743/7870/5 2667/7869/5
f 2758/8047/1 2773/8048/1 2747/8049/1 2746/8050/1
f 2752/8051/2 2755/8052/2 2751/8053/2 2750/8054/2
f 2774/8055/5 2851/8056/5 2749/8057/5 2748/8058/5
f 2825/8059/3 2823/8060/3 2745/8061/3 2744/8062/3
f 2818/8063/15 2774/8064/15 2748/8065/15 2757/8066/15
f 2841/8067/4 2766/8068/4 2745/8069/4 2823/8070/4
f 2851/8056/4 2821/8071/4 2819/8072/4 2749/8057/4
f 2833/8073/15 2810/8074/15 2756/8075/15 2825/8076/15
f 2810/8074/15 2818/8063/15 2757/8066/15 2756/8075/15
f 2748/8077/3 2749/8078/3 2819/8079/3 2757/8080/3
f 2757/8080/3 2819/8079/3 2820/8081/3 2756/8082/3
f 2822/8083/2 2824/8084/2 2754/8085/2 2753/8086/2
f 2753/8086/2 2754/8085/2 2755/8052/2 2752/8051/2
f 2753/8087/15 2752/8088/15 2811/8089/15 2803/8090/15
f 2803/8090/15 2811/8089/15 2812/8091/15 2804/8092/15
f 2804/8092/15 2812/8091/15 2813/8093/15 2805/8094/15
f 2805/8094/15 2813/8093/15 2814/8095/15 2806/8096/15
f 2806/8096/15 2814/8095/15 2815/8097/15 2807/8098/15
f 2807/8098/15 2815/8097/15 2816/8099/15 2808/8100/15
f 2808/8100/15 2816/8099/15 2817/8101/15 2809/8102/15
f 2809/8102/15 2817/8101/15 2818/8063/15 2810/8074/15
f 2822/8103/15 2753/8087/15 2803/8090/15 2826/8104/15
f 2826/8104/15 2803/8090/15 2804/8092/15 2827/8105/15
f 2827/8105/15 2804/8092/15 2805/8094/15 2828/8106/15
f 2828/8106/15 2805/8094/15 2806/8096/15 2829/8107/15
f 2829/8107/15 2806/8096/15 2807/8098/15 2830/8108/15
f 2830/8108/15 2807/8098/15 2808/8100/15 2831/8109/15
f 2831/8109/15 2808/8100/15 2809/8102/15 2832/8110/15
f 2832/8110/15 2809/8102/15 2810/8074/15 2833/8073/15
f 2755/8111/4 2754/8112/4 2795/8113/4 2788/8114/4
f 2788/8114/4 2795/8113/4 2796/8115/4 2789/8116/4
f 2789/8116/4 2796/8115/4 2797/8117/4 2790/8118/4
f 2790/8118/4 2797/8117/4 2798/8119/4 2791/8120/4
f 2791/8120/4 2798/8119/4 2799/8121/4 2792/8122/4
f 2792/8122/4 2799/8121/4 2800/8123/4 2793/8124/4
f 2793/8124/4 2800/8123/4 2801/8125/4 2794/8126/4
f 2794/8126/4 2801/8125/4 2802/8127/4 2821/8071/4
f 2751/8128/4 2755/8111/4 2788/8114/4 2782/8129/4
f 2782/8129/4 2788/8114/4 2789/8116/4 2783/8130/4
f 2783/8130/4 2789/8116/4 2790/8118/4 2784/8131/4
f 2784/8131/4 2790/8118/4 2791/8120/4 2785/8132/4
f 2785/8132/4 2791/8120/4 2792/8122/4 2786/8133/4
f 2786/8133/4 2792/8122/4 2793/8124/4 2787/8134/4
f 2787/8134/4 2793/8124/4 2794/8126/4 2850/8135/4
f 2850/8135/4 2794/8126/4 2821/8071/4 2851/8056/4
f 2824/8136/4 2747/8137/4 2773/8138/4 2834/8139/4
f 2834/8139/4 2773/8138/4 2772/8140/4 2835/8141/4
f 2835/8141/4 2772/8140/4 2771/8142/4 2836/8143/4
f 2836/8143/4 2771/8142/4 2770/8144/4 2837/8145/4
f 2837/8145/4 2770/8144/4 2769/8146/4 2838/8147/4
f 2838/8147/4 2769/8146/4 2768/8148/4 2839/8149/4
f 2839/8149/4 2768/8148/4 2767/8150/4 2840/8151/4
f 2840/8151/4 2767/8150/4 2766/8068/4 2841/8067/4
f 2752/8088/15 2750/8152/15 2781/8153/15 2811/8089/15
f 2811/8089/15 2781/8153/15 2780/8154/15 2812/8091/15
f 2812/8091/15 2780/8154/15 2779/8155/15 2813/8093/15
f 2813/8093/15 2779/8155/15 2778/8156/15 2814/8095/15
f 2814/8095/15 2778/8156/15 2777/8157/15 2815/8097/15
f 2815/8097/15 2777/8157/15 2776/8158/15 2816/8099/15
f 2816/8099/15 2776/8158/15 2775/8159/15 2817/8101/15
f 2817/8101/15 2775/8159/15 2774/8064/15 2818/8063/15
f 2750/8160/5 2751/8128/5 2782/8129/5 2781/8161/5
f 2781/8161/5 2782/8129/5 2783/8130/5 2780/8162/5
f 2780/8162/5 2783/8130/5 2784/8131/5 2779/8163/5
f 2779/8163/5 2784/8131/5 2785/8132/5 2778/8164/5
f 2778/8164/5 2785/8132/5 2786/8133/5 2777/8165/5
f 2777/8165/5 2786/8133/5 2787/8134/5 2776/8166/5
f 2776/8166/5 2787/8134/5 2850/8135/5 2775/8167/5
f 2744/8168/1 2745/8169/1 2766/8170/1 2765/8171/1
f 2765/8171/1 2766/8170/1 2767/8172/1 2764/8173/1
f 2764/8173/1 2767/8172/1 2768/8174/1 2763/8175/1
f 2763/8175/1 2768/8174/1 2769/8176/1 2762/8177/1
f 2762/8177/1 2769/8176/1 2770/8178/1 2761/8179/1
f 2761/8179/1 2770/8178/1 2771/8180/1 2760/8181/1
f 2760/8181/1 2771/8180/1 2772/8182/1 2759/8183/1
f 2759/8183/1 2772/8182/1 2773/8048/1 2758/8047/1
f 2821/8071/4 2802/8127/4 2820/8184/4 2819/8072/4
f 2801/8125/4 2840/8151/4 2841/8067/4 2802/8127/4
f 2800/8123/4 2839/8149/4 2840/8151/4 2801/8125/4
f 2799/8121/4 2838/8147/4 2839/8149/4 2800/8123/4
f 2798/8119/4 2837/8145/4 2838/8147/4 2799/8121/4
f 2797/8117/4 2836/8143/4 2837/8145/4 2798/8119/4
f 2796/8115/4 2835/8141/4 2836/8143/4 2797/8117/4
f 2795/8113/4 2834/8139/4 2835/8141/4 2796/8115/4
f 2824/8185/1 2834/8186/1 2845/8187/1 2842/8188/1
f 2764/8189/15 2832/8110/15 2833/8073/15 2765/8190/15
f 2763/8191/15 2831/8109/15 2832/8110/15 2764/8189/15
f 2762/8192/15 2830/8108/15 2831/8109/15 2763/8191/15
f 2761/8193/15 2829/8107/15 2830/8108/15 2762/8192/15
f 2760/8194/15 2828/8106/15 2829/8107/15 2761/8193/15
f 2759/8195/15 2827/8105/15 2828/8106/15 2760/8194/15
f 2758/8196/15 2826/8104/15 2827/8105/15 2759/8195/15
f 2746/8197/15 2822/8103/15 2826/8104/15 2758/8196/15
f 2746/8050/2 2747/8049/2 2824/8084/2 2822/8083/2
f 2765/8190/15 2833/8073/15 2825/8076/15 2744/8198/15
f 2756/8082/3 2820/8081/3 2823/8060/3 2825/8059/3
f 2841/8199/1 2823/8200/1 2849/8201/1 2848/8202/1
f 2843/8203/4 2842/8204/4 2845/8205/4 2844/8206/4
f 2846/8207/4 2848/8208/4 2849/8209/4 2847/8210/4
f 2820/8211/5 2802/8212/5 2846/8213/5 2847/8214/5
f 2795/8215/5 2754/8216/5 2843/8217/5 2844/8218/5
f 2834/8219/3 2795/8220/3 2844/8221/3 2845/8222/3
f 2802/8223/2 2841/8224/2 2848/8225/2 2846/8226/2
f 2823/8227/3 2820/8228/3 2847/8229/3 2849/8230/3
f 2754/8085/2 2824/8084/2 2842/8231/2 2843/8232/2
f 2775/8167/5 2850/8135/5 2851/8056/5 2774/8055/5
f 2868/8233/1 2883/8234/1 2855/8235/1 2854/8236/1
f 2860/8237/2 2863/8238/2 2859/8239/2 2858/8240/2
f 2884/8241/5 2959/8242/5 2857/8243/5 2856/8244/5
f 2932/8245/3 2949/8246/3 2853/8247/3 2852/8248/3
f 2927/8249/15 2884/8250/15 2856/8251/15 2865/8252/15
f 2948/8253/4 2876/8254/4 2853/8255/4 2949/8256/4
f 2959/8242/4 2928/8257/4 2866/8258/4 2857/8243/4
f 2940/8259/15 2919/8260/15 2864/8261/15 2932/8262/15
f 2919/8260/15 2927/8249/15 2865/8252/15 2864/8261/15
f 2856/8263/3 2857/8264/3 2866/8265/3 2865/8266/3
f 2865/8266/3 2866/8265/3 2867/8267/3 2864/8268/3
f 2930/8269/2 2931/8270/2 2862/8271/2 2861/8272/2
f 2861/8272/2 2862/8271/2 2863/8238/2 2860/8237/2
f 2861/8273/15 2860/8274/15 2920/8275/15 2912/8276/15
f 2912/8276/15 2920/8275/15 2921/8277/15 2913/8278/15
f 2913/8278/15 2921/8277/15 2922/8279/15 2914/8280/15
f 2914/8280/15 2922/8279/15 2923/8281/15 2915/8282/15
f 2915/8282/15 2923/8281/15 2924/8283/15 2916/8284/15
f 2916/8284/15 2924/8283/15 2925/8285/15 2917/8286/15
f 2917/8286/15 2925/8285/15 2926/8287/15 2918/8288/15
f 2918/8288/15 2926/8287/15 2927/8249/15 2919/8260/15
f 2930/8289/15 2861/8273/15 2912/8276/15 2933/8290/15
f 2933/8290/15 2912/8276/15 2913/8278/15 2934/8291/15
f 2934/8291/15 2913/8278/15 2914/8280/15 2935/8292/15
f 2935/8292/15 2914/8280/15 2915/8282/15 2936/8293/15
f 2936/8293/15 2915/8282/15 2916/8284/15 2937/8294/15
f 2937/8294/15 2916/8284/15 2917/8286/15 2938/8295/15
f 2938/8295/15 2917/8286/15 2918/8288/15 2939/8296/15
f 2939/8296/15 2918/8288/15 2919/8260/15 2940/8259/15
f 2863/8297/4 2862/8298/4 2905/8299/4 2898/8300/4
f 2898/8300/4 2905/8299/4 2906/8301/4 2899/8302/4
f 2899/8302/4 2906/8301/4 2907/8303/4 2900/8304/4
f 2900/8304/4 2907/8303/4 2908/8305/4 2901/8306/4
f 2901/8306/4 2908/8305/4 2909/8307/4 2902/8308/4
f 2902/8308/4 2909/8307/4 2910/8309/4 2903/8310/4
f 2903/8310/4 2910/8309/4 2911/8311/4 2904/8312/4
f 2904/8312/4 2911/8311/4 2929/8313/4 2928/8257/4
f 2859/8314/4 2863/8297/4 2898/8300/4 2892/8315/4
f 2892/8315/4 2898/8300/4 2899/8302/4 2893/8316/4
f 2893/8316/4 2899/8302/4 2900/8304/4 2894/8317/4
f 2894/8317/4 2900/8304/4 2901/8306/4 2895/8318/4
f 2895/8318/4 2901/8306/4 2902/8308/4 2896/8319/4
f 2896/8319/4 2902/8308/4 2903/8310/4 2897/8320/4
f 2897/8320/4 2903/8310/4 2904/8312/4 2958/8321/4
f 2958/8321/4 2904/8312/4 2928/8257/4 2959/8242/4
f 2931/8322/4 2855/8323/4 2883/8324/4 2941/8325/4
f 2941/8325/4 2883/8324/4 2882/8326/4 2942/8327/4
f 2942/8327/4 2882/8326/4 2881/8328/4 2943/8329/4
f 2943/8329/4 2881/8328/4 2880/8330/4 2944/8331/4
f 2944/8331/4 2880/8330/4 2879/8332/4 2945/8333/4
f 2945/8333/4 2879/8332/4 2878/8334/4 2946/8335/4
f 2946/8335/4 2878/8334/4 2877/8336/4 2947/8337/4
f 2947/8337/4 2877/8336/4 2876/8254/4 2948/8253/4
f 2860/8274/15 2858/8338/15 2891/8339/15 2920/8275/15
f 2920/8275/15 2891/8339/15 2890/8340/15 2921/8277/15
f 2921/8277/15 2890/8340/15 2889/8341/15 2922/8279/15
f 2922/8279/15 2889/8341/15 2888/8342/15 2923/8281/15
f 2923/8281/15 2888/8342/15 2887/8343/15 2924/8283/15
f 2924/8283/15 2887/8343/15 2886/8344/15 2925/8285/15
f 2925/8285/15 2886/8344/15 2885/8345/15 2926/8287/15
f 2926/8287/15 2885/8345/15 2884/8250/15 2927/8249/15
f 2858/8346/5 2859/8314/5 2892/8315/5 2891/8347/5
f 2891/8347/5 2892/8315/5 2893/8316/5 2890/8348/5
f 2890/8348/5 2893/8316/5 2894/8317/5 2889/8349/5
f 2889/8349/5 2894/8317/5 2895/8318/5 2888/8350/5
f 2888/8350/5 2895/8318/5 2896/8319/5 2887/8351/5
f 2887/8351/5 2896/8319/5 2897/8320/5 2886/8352/5
f 2886/8352/5 2897/8320/5 2958/8321/5 2885/8353/5
f 2852/8354/1 2853/8355/1 2876/8356/1 2875/8357/1
f 2875/8357/1 2876/8356/1 2877/8358/1 2874/8359/1
f 2874/8359/1 2877/8358/1 2878/8360/1 2873/8361/1
f 2873/8361/1 2878/8360/1 2879/8362/1 2872/8363/1
f 2872/8363/1 2879/8362/1 2880/8364/1 2871/8365/1
f 2871/8365/1 2880/8364/1 2881/8366/1 2870/8367/1
f 2870/8367/1 2881/8366/1 2882/8368/1 2869/8369/1
f 2869/8369/1 2882/8368/1 2883/8234/1 2868/8233/1
f 2928/8257/4 2929/8313/4 2867/8370/4 2866/8258/4
f 2911/8311/4 2947/8337/4 2948/8253/4 2929/8313/4
f 2910/8309/4 2946/8335/4 2947/8337/4 2911/8311/4
f 2909/8307/4 2945/8333/4 2946/8335/4 2910/8309/4
f 2908/8305/4 2944/8331/4 2945/8333/4 2909/8307/4
f 2907/8303/4 2943/8329/4 2944/8331/4 2908/8305/4
f 2906/8301/4 2942/8327/4 2943/8329/4 2907/8303/4
f 2905/8299/4 2941/8325/4 2942/8327/4 2906/8301/4
f 2931/8371/1 2941/8372/1 2953/8373/1 2950/8374/1
f 2874/8375/15 2939/8296/15 2940/8259/15 2875/8376/15
f 2873/8377/15 2938/8295/15 2939/8296/15 2874/8375/15
f 2872/8378/15 2937/8294/15 2938/8295/15 2873/8377/15
f 2871/8379/15 2936/8293/15 2937/8294/15 2872/8378/15
f 2870/8380/15 2935/8292/15 2936/8293/15 2871/8379/15
f 2869/8381/15 2934/8291/15 2935/8292/15 2870/8380/15
f 2868/8382/15 2933/8290/15 2934/8291/15 2869/8381/15
f 2854/8383/15 2930/8289/15 2933/8290/15 2868/8382/15
f 2854/8236/2 2855/8235/2 2931/8270/2 2930/8269/2
f 2875/8376/15 2940/8259/15 2932/8262/15 2852/8384/15
f 2864/8268/3 2867/8267/3 2949/8246/3 2932/8245/3
f 2948/8385/1 2949/8386/1 2957/8387/1 2956/8388/1
f 2951/8389/4 2950/8390/4 2953/8391/4 2952/8392/4
f 2954/8393/4 2956/8394/4 2957/8395/4 2955/8396/4
f 2867/8397/5 2929/8398/5 2954/8399/5 2955/8400/5
f 2905/8401/5 2862/8402/5 2951/8403/5 2952/8404/5
f 2941/8405/3 2905/8406/3 2952/8407/3 2953/8408/3
f 2929/8409/2 2948/8410/2 2956/8411/2 2954/8412/2
f 2949/8413/3 2867/8414/3 2955/8415/3 2957/8416/3
f 2862/8271/2 2931/8270/2 2950/8417/2 2951/8418/2
f 2885/8353/5 2958/8321/5 2959/8242/5 2884/8241/5
f 2974/8419/1 2989/8420/1 2963/8421/1 2962/8422/1
f 2968/8423/2 2971/8424/2 2967/8425/2 2966/8426/2
f 3065/8427/5 3067/8428/5 2965/8429/5 2964/8430/5
f 3038/8431/3 3036/8432/3 2961/8433/3 2960/8434/3
f 3032/8435/15 3065/8436/15 2964/8437/15 2973/8438/15
f 3056/8439/4 2982/8440/4 2961/8441/4 3036/8442/4
f 3067/8428/4 3034/8443/4 3033/8444/4 2965/8429/4
f 3046/8445/15 3024/8446/15 2972/8447/15 3038/8448/15
f 3024/8446/15 3032/8435/15 2973/8438/15 2972/8447/15
f 2964/8449/3 2965/8450/3 3033/8451/3 2973/8452/3
f 2973/8452/3 3033/8451/3 3055/8453/3 2972/8454/3
f 3035/8455/2 3037/8456/2 2970/8457/2 2969/8458/2
f 2969/8458/2 2970/8457/2 2971/8424/2 2968/8423/2
f 2969/8459/15 2968/8460/15 3025/8461/15 3017/8462/15
f 3017/8462/15 3025/8461/15 3026/8463/15 3018/8464/15
f 3018/8464/15 3026/8463/15 3027/8465/15 3019/8466/15
f 3019/8466/15 3027/8465/15 3028/8467/15 3020/8468/15
f 3020/8468/15 3028/8467/15 3029/8469/15 3021/8470/15
f 3021/8470/15 3029/8469/15 3030/8471/15 3022/8472/15
f 3022/8472/15 3030/8471/15 3031/8473/15 3023/8474/15
f 3023/8474/15 3031/8473/15 3032/8435/15 3024/8446/15
f 3035/8475/15 2969/8459/15 3017/8462/15 3039/8476/15
f 3039/8476/15 3017/8462/15 3018/8464/15 3040/8477/15
f 3040/8477/15 3018/8464/15 3019/8466/15 3041/8478/15
f 3041/8478/15 3019/8466/15 3020/8468/15 3042/8479/15
f 3042/8479/15 3020/8468/15 3021/8470/15 3043/8480/15
f 3043/8480/15 3021/8470/15 3022/8472/15 3044/8481/15
f 3044/8481/15 3022/8472/15 3023/8474/15 3045/8482/15
f 3045/8482/15 3023/8474/15 3024/8446/15 3046/8445/15
f 2971/8483/4 2970/8484/4 3010/8485/4 3003/8486/4
f 3003/8486/4 3010/8485/4 3011/8487/4 3004/8488/4
f 3004/8488/4 3011/8487/4 3012/8489/4 3005/8490/4
f 3005/8490/4 3012/8489/4 3013/8491/4 3006/8492/4
f 3006/8492/4 3013/8491/4 3014/8493/4 3007/8494/4
f 3007/8494/4 3014/8493/4 3015/8495/4 3008/8496/4
f 3008/8496/4 3015/8495/4 3016/8497/4 3009/8498/4
f 3009/8498/4 3016/8497/4 3054/8499/4 3034/8443/4
f 2967/8500/4 2971/8483/4 3003/8486/4 2997/8501/4
f 2997/8501/4 3003/8486/4 3004/8488/4 2998/8502/4
f 2998/8502/4 3004/8488/4 3005/8490/4 2999/8503/4
f 2999/8503/4 3005/8490/4 3006/8492/4 3000/8504/4
f 3000/8504/4 3006/8492/4 3007/8494/4 3001/8505/4
f 3001/8505/4 3007/8494/4 3008/8496/4 3002/8506/4
f 3002/8506/4 3008/8496/4 3009/8498/4 3066/8507/4
f 3066/8507/4 3009/8498/4 3034/8443/4 3067/8428/4
f 3037/8508/4 2963/8509/4 2989/8510/4 3047/8511/4
f 3047/8511/4 2989/8510/4 2988/8512/4 3048/8513/4
f 3048/8513/4 2988/8512/4 2987/8514/4 3049/8515/4
f 3049/8515/4 2987/8514/4 2986/8516/4 3050/8517/4
f 3050/8517/4 2986/8516/4 2985/8518/4 3051/8519/4
f 3051/8519/4 2985/8518/4 2984/8520/4 3052/8521/4
f 3052/8521/4 2984/8520/4 2983/8522/4 3053/8523/4
f 3053/8523/4 2983/8522/4 2982/8440/4 3056/8439/4
f 2968/8460/15 2966/8524/15 2996/8525/15 3025/8461/15
f 3025/8461/15 2996/8525/15 2995/8526/15 3026/8463/15
f 3026/8463/15 2995/8526/15 2994/8527/15 3027/8465/15
f 3027/8465/15 2994/8527/15 2993/8528/15 3028/8467/15
f 3028/8467/15 2993/8528/15 2992/8529/15 3029/8469/15
f 3029/8469/15 2992/8529/15 2991/8530/15 3030/8471/15
f 3030/8471/15 2991/8530/15 2990/8531/15 3031/8473/15
f 3031/8473/15 2990/8531/15 3065/8436/15 3032/8435/15
f 2966/8532/5 2967/8500/5 2997/8501/5 2996/8533/5
f 2996/8533/5 2997/8501/5 2998/8502/5 2995/8534/5
f 2995/8534/5 2998/8502/5 2999/8503/5 2994/8535/5
f 2994/8535/5 2999/8503/5 3000/8504/5 2993/8536/5
f 2993/8536/5 3000/8504/5 3001/8505/5 2992/8537/5
f 2992/8537/5 3001/8505/5 3002/8506/5 2991/8538/5
f 2991/8538/5 3002/8506/5 3066/8507/5 2990/8539/5
f 2960/8540/1 2961/8541/1 2982/8542/1 2981/8543/1
f 2981/8543/1 2982/8542/1 2983/8544/1 2980/8545/1
f 2980/8545/1 2983/8544/1 2984/8546/1 2979/8547/1
f 2979/8547/1 2984/8546/1 2985/8548/1 2978/8549/1
f 2978/8549/1 2985/8548/1 2986/8550/1 2977/8551/1
f 2977/8551/1 2986/8550/1 2987/8552/1 2976/8553/1
f 2976/8553/1 2987/8552/1 2988/8554/1 2975/8555/1
f 2975/8555/1 2988/8554/1 2989/8420/1 2974/8419/1
f 3034/8443/4 3054/8499/4 3055/8556/4 3033/8444/4
f 3016/8497/4 3053/8523/4 3056/8439/4 3054/8499/4
f 3015/8495/4 3052/8521/4 3053/8523/4 3016/8497/4
f 3014/8493/4 3051/8519/4 3052/8521/4 3015/8495/4
f 3013/8491/4 3050/8517/4 3051/8519/4 3014/8493/4
f 3012/8489/4 3049/8515/4 3050/8517/4 3013/8491/4
f 3011/8487/4 3048/8513/4 3049/8515/4 3012/8489/4
f 3010/8485/4 3047/8511/4 3048/8513/4 3011/8487/4
f 3037/8557/1 3047/8558/1 3060/8559/1 3057/8560/1
f 2980/8561/15 3045/8482/15 3046/8445/15 2981/8562/15
f 2979/8563/15 3044/8481/15 3045/8482/15 2980/8561/15
f 2978/8564/15 3043/8480/15 3044/8481/15 2979/8563/15
f 2977/8565/15 3042/8479/15 3043/8480/15 2978/8564/15
f 2976/8566/15 3041/8478/15 3042/8479/15 2977/8565/15
f 2975/8567/15 3040/8477/15 3041/8478/15 2976/8566/15
f 2974/8568/15 3039/8476/15 3040/8477/15 2975/8567/15
f 2962/8569/15 3035/8475/15 3039/8476/15 2974/8568/15
f 2962/8422/2 2963/8421/2 3037/8456/2 3035/8455/2
f 2981/8562/15 3046/8445/15 3038/8448/15 2960/8570/15
f 2972/8454/3 3055/8453/3 3036/8432/3 3038/8431/3
f 3056/8571/1 3036/8572/1 3064/8573/1 3063/8574/1
f 3058/8575/4 3057/8576/4 3060/8577/4 3059/8578/4
f 3061/8579/4 3063/8580/4 3064/8581/4 3062/8582/4
f 3055/8583/5 3054/8584/5 3061/8585/5 3062/8586/5
f 3010/8587/5 2970/8588/5 3058/8589/5 3059/8590/5
f 3047/8591/3 3010/8592/3 3059/8593/3 3060/8594/3
f 3054/8595/2 3056/8596/2 3063/8597/2 3061/8598/2
f 3036/8599/3 3055/8600/3 3062/8601/3 3064/8602/3
f 2970/8457/2 3037/8456/2 3057/8603/2 3058/8604/2
f 2990/8539/5 3066/8507/5 3067/8428/5 3065/8427/5
f 3082/8605/1 3097/8606/1 3071/8607/1 3070/8608/1
f 3076/8609/2 3079/8610/2 3075/8611/2 3074/8612/2
f 3098/8613/5 3112/8614/5 3073/8615/5 3072/8616/5
f 3148/8617/3 3166/8618/3 3069/8619/3 3068/8620/3
f 3144/8621/15 3098/8622/15 3072/8623/15 3081/8624/15
f 3165/8625/4 3090/8626/4 3069/8627/4 3166/8628/4
f 3112/8614/4 3120/8629/4 3145/8630/4 3073/8615/4
f 3156/8631/15 3136/8632/15 3080/8633/15 3148/8634/15
f 3136/8632/15 3144/8621/15 3081/8624/15 3080/8633/15
f 3072/8635/3 3073/8636/3 3145/8637/3 3081/8638/3
f 3081/8638/3 3145/8637/3 3164/8639/3 3080/8640/3
f 3146/8641/2 3147/8642/2 3078/8643/2 3077/8644/2
f 3077/8644/2 3078/8643/2 3079/8610/2 3076/8609/2
f 3077/8645/15 3076/8646/15 3137/8647/15 3129/8648/15
f 3129/8648/15 3137/8647/15 3138/8649/15 3130/8650/15
f 3130/8650/15 3138/8649/15 3139/8651/15 3131/8652/15
f 3131/8652/15 3139/8651/15 3140/8653/15 3132/8654/15
f 3132/8654/15 3140/8653/15 3141/8655/15 3133/8656/15
f 3133/8656/15 3141/8655/15 3142/8657/15 3134/8658/15
f 3134/8658/15 3142/8657/15 3143/8659/15 3135/8660/15
f 3135/8660/15 3143/8659/15 3144/8621/15 3136/8632/15
f 3146/8661/15 3077/8645/15 3129/8648/15 3149/8662/15
f 3149/8662/15 3129/8648/15 3130/8650/15 3150/8663/15
f 3150/8663/15 3130/8650/15 3131/8652/15 3151/8664/15
f 3151/8664/15 3131/8652/15 3132/8654/15 3152/8665/15
f 3152/8665/15 3132/8654/15 3133/8656/15 3153/8666/15
f 3153/8666/15 3133/8656/15 3134/8658/15 3154/8667/15
f 3154/8667/15 3134/8658/15 3135/8660/15 3155/8668/15
f 3155/8668/15 3135/8660/15 3136/8632/15 3156/8631/15
f 3079/8669/4 3078/8670/4 3121/8671/4 3113/8672/4
f 3113/8672/4 3121/8671/4 3122/8673/4 3114/8674/4
f 3114/8674/4 3122/8673/4 3123/8675/4 3115/8676/4
f 3115/8676/4 3123/8675/4 3124/8677/4 3116/8678/4
f 3116/8678/4 3124/8677/4 3125/8679/4 3117/8680/4
f 3117/8680/4 3125/8679/4 3126/8681/4 3118/8682/4
f 3118/8682/4 3126/8681/4 3127/8683/4 3119/8684/4
f 3119/8684/4 3127/8683/4 3128/8685/4 3120/8629/4
f 3075/8686/4 3079/8669/4 3113/8672/4 3106/8687/4
f 3106/8687/4 3113/8672/4 3114/8674/4 3107/8688/4
f 3107/8688/4 3114/8674/4 3115/8676/4 3108/8689/4
f 3108/8689/4 3115/8676/4 3116/8678/4 3109/8690/4
f 3109/8690/4 3116/8678/4 3117/8680/4 3110/8691/4
f 3110/8691/4 3117/8680/4 3118/8682/4 3111/8692/4
f 3111/8692/4 3118/8682/4 3119/8684/4 3175/8693/4
f 3175/8693/4 3119/8684/4 3120/8629/4 3112/8614/4
f 3147/8694/4 3071/8695/4 3097/8696/4 3157/8697/4
f 3157/8697/4 3097/8696/4 3096/8698/4 3158/8699/4
f 3158/8699/4 3096/8698/4 3095/8700/4 3159/8701/4
f 3159/8701/4 3095/8700/4 3094/8702/4 3160/8703/4
f 3160/8703/4 3094/8702/4 3093/8704/4 3161/8705/4
f 3161/8705/4 3093/8704/4 3092/8706/4 3162/8707/4
f 3162/8707/4 3092/8706/4 3091/8708/4 3163/8709/4
f 3163/8709/4 3091/8708/4 3090/8626/4 3165/8625/4
f 3076/8646/15 3074/8710/15 3105/8711/15 3137/8647/15
f 3137/8647/15 3105/8711/15 3104/8712/15 3138/8649/15
f 3138/8649/15 3104/8712/15 3103/8713/15 3139/8651/15
f 3139/8651/15 3103/8713/15 3102/8714/15 3140/8653/15
f 3140/8653/15 3102/8714/15 3101/8715/15 3141/8655/15
f 3141/8655/15 3101/8715/15 3100/8716/15 3142/8657/15
f 3142/8657/15 3100/8716/15 3099/8717/15 3143/8659/15
f 3143/8659/15 3099/8717/15 3098/8622/15 3144/8621/15
f 3074/8718/5 3075/8686/5 3106/8687/5 3105/8719/5
f 3105/8719/5 3106/8687/5 3107/8688/5 3104/8720/5
f 3104/8720/5 3107/8688/5 3108/8689/5 3103/8721/5
f 3103/8721/5 3108/8689/5 3109/8690/5 3102/8722/5
f 3102/8722/5 3109/8690/5 3110/8691/5 3101/8723/5
f 3101/8723/5 3110/8691/5 3111/8692/5 3100/8724/5
f 3100/8724/5 3111/8692/5 3175/8693/5 3099/8725/5
f 3068/8726/1 3069/8727/1 3090/8728/1 3089/8729/1
f 3089/8729/1 3090/8728/1 3091/8730/1 3088/8731/1
f 3088/8731/1 3091/8730/1 3092/8732/1 3087/8733/1
f 3087/8733/1 3092/8732/1 3093/8734/1 3086/8735/1
f 3086/8735/1 3093/8734/1 3094/8736/1 3085/8737/1
f 3085/8737/1 3094/8736/1 3095/8738/1 3084/8739/1
f 3084/8739/1 3095/8738/1 3096/8740/1 3083/8741/1
f 3083/8741/1 3096/8740/1 3097/8606/1 3082/8605/1
f 3120/8629/4 3128/8685/4 3164/8742/4 3145/8630/4
f 3127/8683/4 3163/8709/4 3165/8625/4 3128/8685/4
f 3126/8681/4 3162/8707/4 3163/8709/4 3127/8683/4
f 3125/8679/4 3161/8705/4 3162/8707/4 3126/8681/4
f 3124/8677/4 3160/8703/4 3161/8705/4 3125/8679/4
f 3123/8675/4 3159/8701/4 3160/8703/4 3124/8677/4
f 3122/8673/4 3158/8699/4 3159/8701/4 3123/8675/4
f 3121/8671/4 3157/8697/4 3158/8699/4 3122/8673/4
f 3147/8743/1 3157/8744/1 3170/8745/1 3167/8746/1
f 3088/8747/15 3155/8668/15 3156/8631/15 3089/8748/15
f 3087/8749/15 3154/8667/15 3155/8668/15 3088/8747/15
f 3086/8750/15 3153/8666/15 3154/8667/15 3087/8749/15
f 3085/8751/15 3152/8665/15 3153/8666/15 3086/8750/15
f 3084/8752/15 3151/8664/15 3152/8665/15 3085/8751/15
f 3083/8753/15 3150/8663/15 3151/8664/15 3084/8752/15
f 3082/8754/15 3149/8662/15 3150/8663/15 3083/8753/15
f 3070/8755/15 3146/8661/15 3149/8662/15 3082/8754/15
f 3070/8608/2 3071/8607/2 3147/8642/2 3146/8641/2
f 3089/8748/15 3156/8631/15 3148/8634/15 3068/8756/15
f 3080/8640/3 3164/8639/3 3166/8618/3 3148/8617/3
f 3165/8757/1 3166/8758/1 3174/8759/1 3173/8760/1
f 3168/8761/4 3167/8762/4 3170/8763/4 3169/8764/4
f 3171/8765/4 3173/8766/4 3174/8767/4 3172/8768/4
f 3164/8769/5 3128/8770/5 3171/8771/5 3172/8772/5
f 3121/8773/5 3078/8774/5 3168/8775/5 3169/8776/5
f 3157/8777/3 3121/8778/3 3169/8779/3 3170/8780/3
f 3128/8781/2 3165/8782/2 3173/8783/2 3171/8784/2
f 3166/8785/3 3164/8786/3 3172/8787/3 3174/8788/3
f 3078/8643/2 3147/8642/2 3167/8789/2 3168/8790/2
f 3099/8725/5 3175/8693/5 3112/8614/5 3098/8613/5
f 3190/8791/1 3205/8792/1 3179/8793/1 3178/8794/1
f 3184/8795/2 3187/8796/2 3183/8797/2 3182/8798/2
f 3281/8799/5 3283/8800/5 3181/8801/5 3180/8802/5
f 3254/8803/3 3272/8804/3 3177/8805/3 3176/8806/3
f 3248/8807/15 3281/8808/15 3180/8809/15 3189/8810/15
f 3270/8811/4 3198/8812/4 3177/8813/4 3272/8814/4
f 3283/8800/4 3250/8815/4 3249/8816/4 3181/8801/4
f 3262/8817/15 3240/8818/15 3188/8819/15 3254/8820/15
f 3240/8818/15 3248/8807/15 3189/8810/15 3188/8819/15
f 3180/8821/3 3181/8822/3 3249/8823/3 3189/8824/3
f 3189/8824/3 3249/8823/3 3271/8825/3 3188/8826/3
f 3252/8827/2 3253/8828/2 3186/8829/2 3185/8830/2
f 3185/8830/2 3186/8829/2 3187/8796/2 3184/8795/2
f 3185/8831/15 3184/8832/15 3241/8833/15 3233/8834/15
f 3233/8834/15 3241/8833/15 3242/8835/15 3234/8836/15
f 3234/8836/15 3242/8835/15 3243/8837/15 3235/8838/15
f 3235/8838/15 3243/8837/15 3244/8839/15 3236/8840/15
f 3236/8840/15 3244/8839/15 3245/8841/15 3237/8842/15
f 3237/8842/15 3245/8841/15 3246/8843/15 3238/8844/15
f 3238/8844/15 3246/8843/15 3247/8845/15 3239/8846/15
f 3239/8846/15 3247/8845/15 3248/8807/15 3240/8818/15
f 3252/8847/15 3185/8831/15 3233/8834/15 3255/8848/15
f 3255/8848/15 3233/8834/15 3234/8836/15 3256/8849/15
f 3256/8849/15 3234/8836/15 3235/8838/15 3257/8850/15
f 3257/8850/15 3235/8838/15 3236/8840/15 3258/8851/15
f 3258/8851/15 3236/8840/15 3237/8842/15 3259/8852/15
f 3259/8852/15 3237/8842/15 3238/8844/15 3260/8853/15
f 3260/8853/15 3238/8844/15 3239/8846/15 3261/8854/15
f 3261/8854/15 3239/8846/15 3240/8818/15 3262/8817/15
f 3187/8855/4 3186/8856/4 3226/8857/4 3219/8858/4
f 3219/8858/4 3226/8857/4 3227/8859/4 3220/8860/4
f 3220/8860/4 3227/8859/4 3228/8861/4 3221/8862/4
f 3221/8862/4 3228/8861/4 3229/8863/4 3222/8864/4
f 3222/8864/4 3229/8863/4 3230/8865/4 3223/8866/4
f 3223/8866/4 3230/8865/4 3231/8867/4 3224/8868/4
f 3224/8868/4 3231/8867/4 3232/8869/4 3225/8870/4
f 3225/8870/4 3232/8869/4 3251/8871/4 3250/8815/4
f 3183/8872/4 3187/8855/4 3219/8858/4 3213/8873/4
f 3213/8873/4 3219/8858/4 3220/8860/4 3214/8874/4
f 3214/8874/4 3220/8860/4 3221/8862/4 3215/8875/4
f 3215/8875/4 3221/8862/4 3222/8864/4 3216/8876/4
f 3216/8876/4 3222/8864/4 3223/8866/4 3217/8877/4
f 3217/8877/4 3223/8866/4 3224/8868/4 3218/8878/4
f 3218/8878/4 3224/8868/4 3225/8870/4 3282/8879/4
f 3282/8879/4 3225/8870/4 3250/8815/4 3283/8800/4
f 3253/8880/4 3179/8881/4 3205/8882/4 3263/8883/4
f 3263/8883/4 3205/8882/4 3204/8884/4 3264/8885/4
f 3264/8885/4 3204/8884/4 3203/8886/4 3265/8887/4
f 3265/8887/4 3203/8886/4 3202/8888/4 3266/8889/4
f 3266/8889/4 3202/8888/4 3201/8890/4 3267/8891/4
f 3267/8891/4 3201/8890/4 3200/8892/4 3268/8893/4
f 3268/8893/4 3200/8892/4 3199/8894/4 3269/8895/4
f 3269/8895/4 3199/8894/4 3198/8812/4 3270/8811/4
f 3184/8832/15 3182/8896/15 3212/8897/15 3241/8833/15
f 3241/8833/15 3212/8897/15 3211/8898/15 3242/8835/15
f 3242/8835/15 3211/8898/15 3210/8899/15 3243/8837/15
f 3243/8837/15 3210/8899/15 3209/8900/15 3244/8839/15
f 3244/8839/15 3209/8900/15 3208/8901/15 3245/8841/15
f 3245/8841/15 3208/8901/15 3207/8902/15 3246/8843/15
f 3246/8843/15 3207/8902/15 3206/8903/15 3247/8845/15
f 3247/8845/15 3206/8903/15 3281/8808/15 3248/8807/15
f 3182/8904/5 3183/8872/5 3213/8873/5 3212/8905/5
f 3212/8905/5 3213/8873/5 3214/8874/5 3211/8906/5
f 3211/8906/5 3214/8874/5 3215/8875/5 3210/8907/5
f 3210/8907/5 3215/8875/5 3216/8876/5 3209/8908/5
f 3209/8908/5 3216/8876/5 3217/8877/5 3208/8909/5
f 3208/8909/5 3217/8877/5 3218/8878/5 3207/8910/5
f 3207/8910/5 3218/8878/5 3282/8879/5 3206/8911/5
f 3176/8912/1 3177/8913/1 3198/8914/1 3197/8915/1
f 3197/8915/1 3198/8914/1 3199/8916/1 3196/8917/1
f 3196/8917/1 3199/8916/1 3200/8918/1 3195/8919/1
f 3195/8919/1 3200/8918/1 3201/8920/1 3194/8921/1
f 3194/8921/1 3201/8920/1 3202/8922/1 3193/8923/1
f 3193/8923/1 3202/8922/1 3203/8924/1 3192/8925/1
f 3192/8925/1 3203/8924/1 3204/8926/1 3191/8927/1
f 3191/8927/1 3204/8926/1 3205/8792/1 3190/8791/1
f 3250/8815/4 3251/8871/4 3271/8928/4 3249/8816/4
f 3232/8869/4 3269/8895/4 3270/8811/4 3251/8871/4
f 3231/8867/4 3268/8893/4 3269/8895/4 3232/8869/4
f 3230/8865/4 3267/8891/4 3268/8893/4 3231/8867/4
f 3229/8863/4 3266/8889/4 3267/8891/4 3230/8865/4
f 3228/8861/4 3265/8887/4 3266/8889/4 3229/8863/4
f 3227/8859/4 3264/8885/4 3265/8887/4 3228/8861/4
f 3226/8857/4 3263/8883/4 3264/8885/4 3227/8859/4
f 3253/8929/1 3263/8930/1 3276/8931/1 3273/8932/1
f 3196/8933/15 3261/8854/15 3262/8817/15 3197/8934/15
f 3195/8935/15 3260/8853/15 3261/8854/15 3196/8933/15
f 3194/8936/15 3259/8852/15 3260/8853/15 3195/8935/15
f 3193/8937/15 3258/8851/15 3259/8852/15 3194/8936/15
f 3192/8938/15 3257/8850/15 3258/8851/15 3193/8937/15
f 3191/8939/15 3256/8849/15 3257/8850/15 3192/8938/15
f 3190/8940/15 3255/8848/15 3256/8849/15 3191/8939/15
f 3178/8941/15 3252/8847/15 3255/8848/15 3190/8940/15
f 3178/8794/2 3179/8793/2 3253/8828/2 3252/8827/2
f 3197/8934/15 3262/8817/15 3254/8820/15 3176/8942/15
f 3188/8826/3 3271/8825/3 3272/8804/3 3254/8803/3
f 3270/8943/1 3272/8944/1 3280/8945/1 3279/8946/1
f 3274/8947/4 3273/8948/4 3276/8949/4 3275/8950/4
f 3277/8951/4 3279/8952/4 3280/8953/4 3278/8954/4
f 3271/8955/5 3251/8956/5 3277/8957/5 3278/8958/5
f 3226/8959/5 3186/8960/5 3274/8961/5 3275/8962/5
f 3263/8963/3 3226/8964/3 3275/8965/3 3276/8966/3
f 3251/8967/2 3270/8968/2 3279/8969/2 3277/8970/2
f 3272/8971/3 3271/8972/3 3278/8973/3 3280/8974/3
f 3186/8829/2 3253/8828/2 3273/8975/2 3274/8976/2
f 3206/8911/5 3282/8879/5 3283/8800/5 3281/8799/5
f 3298/8977/1 3313/8978/1 3287/8979/1 3286/8980/1
f 3292/8981/2 3295/8982/2 3291/8983/2 3290/8984/2
f 3314/8985/5 3328/8986/5 3289/8987/5 3288/8988/5
f 3363/8989/3 3382/8990/3 3285/8991/3 3284/8992/3
f 3358/8993/15 3314/8994/15 3288/8995/15 3297/8996/15
f 3379/8997/4 3306/8998/4 3285/8999/4 3382/9000/4
f 3328/8986/4 3360/9001/4 3359/9002/4 3289/8987/4
f 3371/9003/15 3350/9004/15 3296/9005/15 3363/9006/15
f 3350/9004/15 3358/8993/15 3297/8996/15 3296/9005/15
f 3288/9007/3 3289/9008/3 3359/9009/3 3297/9010/3
f 3297/9010/3 3359/9009/3 3381/9011/3 3296/9012/3
f 3361/9013/2 3362/9014/2 3294/9015/2 3293/9016/2
f 3293/9016/2 3294/9015/2 3295/8982/2 3292/8981/2
f 3293/9017/15 3292/9018/15 3351/9019/15 3343/9020/15
f 3343/9020/15 3351/9019/15 3352/9021/15 3344/9022/15
f 3344/9022/15 3352/9021/15 3353/9023/15 3345/9024/15
f 3345/9024/15 3353/9023/15 3354/9025/15 3346/9026/15
f 3346/9026/15 3354/9025/15 3355/9027/15 3347/9028/15
f 3347/9028/15 3355/9027/15 3356/9029/15 3348/9030/15
f 3348/9030/15 3356/9029/15 3357/9031/15 3349/9032/15
f 3349/9032/15 3357/9031/15 3358/8993/15 3350/9004/15
f 3361/9033/15 3293/9017/15 3343/9020/15 3364/9034/15
f 3364/9034/15 3343/9020/15 3344/9022/15 3365/9035/15
f 3365/9035/15 3344/9022/15 3345/9024/15 3366/9036/15
f 3366/9036/15 3345/9024/15 3346/9026/15 3367/9037/15
f 3367/9037/15 3346/9026/15 3347/9028/15 3368/9038/15
f 3368/9038/15 3347/9028/15 3348/9030/15 3369/9039/15
f 3369/9039/15 3348/9030/15 3349/9032/15 3370/9040/15
f 3370/9040/15 3349/9032/15 3350/9004/15 3371/9003/15
f 3295/9041/4 3294/9042/4 3336/9043/4 3329/9044/4
f 3329/9044/4 3336/9043/4 3337/9045/4 3330/9046/4
f 3330/9046/4 3337/9045/4 3338/9047/4 3331/9048/4
f 3331/9048/4 3338/9047/4 3339/9049/4 3332/9050/4
f 3332/9050/4 3339/9049/4 3340/9051/4 3333/9052/4
f 3333/9052/4 3340/9051/4 3341/9053/4 3334/9054/4
f 3334/9054/4 3341/9053/4 3342/9055/4 3335/9056/4
f 3335/9056/4 3342/9055/4 3380/9057/4 3360/9001/4
f 3291/9058/4 3295/9041/4 3329/9044/4 3321/9059/4
f 3321/9059/4 3329/9044/4 3330/9046/4 3322/9060/4
f 3322/9060/4 3330/9046/4 3331/9048/4 3323/9061/4
f 3323/9061/4 3331/9048/4 3332/9050/4 3324/9062/4
f 3324/9062/4 3332/9050/4 3333/9052/4 3325/9063/4
f 3325/9063/4 3333/9052/4 3334/9054/4 3326/9064/4
f 3326/9064/4 3334/9054/4 3335/9056/4 3327/9065/4
f 3327/9065/4 3335/9056/4 3360/9001/4 3328/8986/4
f 3362/9066/4 3287/9067/4 3313/9068/4 3372/9069/4
f 3372/9069/4 3313/9068/4 3312/9070/4 3373/9071/4
f 3373/9071/4 3312/9070/4 3311/9072/4 3374/9073/4
f 3374/9073/4 3311/9072/4 3310/9074/4 3375/9075/4
f 3375/9075/4 3310/9074/4 3309/9076/4 3376/9077/4
f 3376/9077/4 3309/9076/4 3308/9078/4 3377/9079/4
f 3377/9079/4 3308/9078/4 3307/9080/4 3378/9081/4
f 3378/9081/4 3307/9080/4 3306/8998/4 3379/8997/4
f 3292/9018/15 3290/9082/15 3320/9083/15 3351/9019/15
f 3351/9019/15 3320/9083/15 3319/9084/15 3352/9021/15
f 3352/9021/15 3319/9084/15 3318/9085/15 3353/9023/15
f 3353/9023/15 3318/9085/15 3317/9086/15 3354/9025/15
f 3354/9025/15 3317/9086/15 3316/9087/15 3355/9027/15
f 3355/9027/15 3316/9087/15 3315/9088/15 3356/9029/15
f 3356/9029/15 3315/9088/15 3391/9089/15 3357/9031/15
f 3357/9031/15 3391/9089/15 3314/8994/15 3358/8993/15
f 3290/9090/5 3291/9058/5 3321/9059/5 3320/9091/5
f 3320/9091/5 3321/9059/5 3322/9060/5 3319/9092/5
f 3319/9092/5 3322/9060/5 3323/9061/5 3318/9093/5
f 3318/9093/5 3323/9061/5 3324/9062/5 3317/9094/5
f 3317/9094/5 3324/9062/5 3325/9063/5 3316/9095/5
f 3316/9095/5 3325/9063/5 3326/9064/5 3315/9096/5
f 3315/9096/5 3326/9064/5 3327/9065/5 3391/9097/5
f 3284/9098/1 3285/9099/1 3306/9100/1 3305/9101/1
f 3305/9101/1 3306/9100/1 3307/9102/1 3304/9103/1
f 3304/9103/1 3307/9102/1 3308/9104/1 3303/9105/1
f 3303/9105/1 3308/9104/1 3309/9106/1 3302/9107/1
f 3302/9107/1 3309/9106/1 3310/9108/1 3301/9109/1
f 3301/9109/1 3310/9108/1 3311/9110/1 3300/9111/1
f 3300/9111/1 3311/9110/1 3312/9112/1 3299/9113/1
f 3299/9113/1 3312/9112/1 3313/8978/1 3298/8977/1
f 3360/9001/4 3380/9057/4 3381/9114/4 3359/9002/4
f 3342/9055/4 3378/9081/4 3379/8997/4 3380/9057/4
f 3341/9053/4 3377/9079/4 3378/9081/4 3342/9055/4
f 3340/9051/4 3376/9077/4 3377/9079/4 3341/9053/4
f 3339/9049/4 3375/9075/4 3376/9077/4 3340/9051/4
f 3338/9047/4 3374/9073/4 3375/9075/4 3339/9049/4
f 3337/9045/4 3373/9071/4 3374/9073/4 3338/9047/4
f 3336/9043/4 3372/9069/4 3373/9071/4 3337/9045/4
f 3362/9115/1 3372/9116/1 3386/9117/1 3383/9118/1
f 3304/9119/15 3370/9040/15 3371/9003/15 3305/9120/15
f 3303/9121/15 3369/9039/15 3370/9040/15 3304/9119/15
f 3302/9122/15 3368/9038/15 3369/9039/15 3303/9121/15
f 3301/9123/15 3367/9037/15 3368/9038/15 3302/9122/15
f 3300/9124/15 3366/9036/15 3367/9037/15 3301/9123/15
f 3299/9125/15 3365/9035/15 3366/9036/15 3300/9124/15
f 3298/9126/15 3364/9034/15 3365/9035/15 3299/9125/15
f 3286/9127/15 3361/9033/15 3364/9034/15 3298/9126/15
f 3286/8980/2 3287/8979/2 3362/9014/2 3361/9013/2
f 3305/9120/15 3371/9003/15 3363/9006/15 3284/9128/15
f 3296/9012/3 3381/9011/3 3382/8990/3 3363/8989/3
f 3379/9129/1 3382/9130/1 3390/9131/1 3389/9132/1
f 3384/9133/4 3383/9134/4 3386/9135/4 3385/9136/4
f 3387/9137/4 3389/9138/4 3390/9139/4 3388/9140/4
f 3381/9141/5 3380/9142/5 3387/9143/5 3388/9144/5
f 3336/9145/5 3294/9146/5 3384/9147/5 3385/9148/5
f 3372/9149/3 3336/9150/3 3385/9151/3 3386/9152/3
f 3380/9153/2 3379/9154/2 3389/9155/2 3387/9156/2
f 3382/9157/3 3381/9158/3 3388/9159/3 3390/9160/3
f 3294/9015/2 3362/9014/2 3383/9161/2 3384/9162/2
f 3391/9097/5 3327/9065/5 3328/8986/5 3314/8985/5
f 3407/9163/1 3422/9164/1 3395/9165/1 3394/9166/1
f 3400/9167/2 3403/9168/2 3399/9169/2 3398/9170/2
f 3423/9171/5 3501/9172/5 3397/9173/5 3396/9174/5
f 3473/9175/3 3471/9176/3 3393/9177/3 3392/9178/3
f 3467/9179/15 3423/9180/15 3396/9181/15 3405/9182/15
f 3490/9183/4 3415/9184/4 3393/9185/4 3471/9186/4
f 3501/9172/4 3469/9187/4 3468/9188/4 3397/9173/4
f 3481/9189/15 3459/9190/15 3404/9191/15 3473/9192/15
f 3459/9190/15 3467/9179/15 3405/9182/15 3404/9191/15
f 3396/9193/3 3397/9194/3 3468/9195/3 3405/9196/3
f 3405/9196/3 3468/9195/3 3406/9197/3 3404/9198/3
f 3470/9199/2 3472/9200/2 3402/9201/2 3401/9202/2
f 3401/9202/2 3402/9201/2 3403/9168/2 3400/9167/2
f 3401/9203/15 3400/9204/15 3460/9205/15 3452/9206/15
f 3452/9206/15 3460/9205/15 3461/9207/15 3453/9208/15
f 3453/9208/15 3461/9207/15 3462/9209/15 3454/9210/15
f 3454/9210/15 3462/9209/15 3463/9211/15 3455/9212/15
f 3455/9212/15 3463/9211/15 3464/9213/15 3456/9214/15
f 3456/9214/15 3464/9213/15 3465/9215/15 3457/9216/15
f 3457/9216/15 3465/9215/15 3466/9217/15 3458/9218/15
f 3458/9218/15 3466/9217/15 3467/9179/15 3459/9190/15
f 3470/9219/15 3401/9203/15 3452/9206/15 3474/9220/15
f 3474/9220/15 3452/9206/15 3453/9208/15 3475/9221/15
f 3475/9221/15 3453/9208/15 3454/9210/15 3476/9222/15
f 3476/9222/15 3454/9210/15 3455/9212/15 3477/9223/15
f 3477/9223/15 3455/9212/15 3456/9214/15 3478/9224/15
f 3478/9224/15 3456/9214/15 3457/9216/15 3479/9225/15
f 3479/9225/15 3457/9216/15 3458/9218/15 3480/9226/15
f 3480/9226/15 3458/9218/15 3459/9190/15 3481/9189/15
f 3403/9227/4 3402/9228/4 3445/9229/4 3438/9230/4
f 3438/9230/4 3445/9229/4 3446/9231/4 3439/9232/4
f 3439/9232/4 3446/9231/4 3447/9233/4 3440/9234/4
f 3440/9234/4 3447/9233/4 3448/9235/4 3441/9236/4
f 3441/9236/4 3448/9235/4 3449/9237/4 3442/9238/4
f 3442/9238/4 3449/9237/4 3450/9239/4 3443/9240/4
f 3443/9240/4 3450/9239/4 3451/9241/4 3444/9242/4
f 3444/9242/4 3451/9241/4 3489/9243/4 3469/9187/4
f 3399/9244/4 3403/9227/4 3438/9230/4 3431/9245/4
f 3431/9245/4 3438/9230/4 3439/9232/4 3432/9246/4
f 3432/9246/4 3439/9232/4 3440/9234/4 3433/9247/4
f 3433/9247/4 3440/9234/4 3441/9236/4 3434/9248/4
f 3434/9248/4 3441/9236/4 3442/9238/4 3435/9249/4
f 3435/9249/4 3442/9238/4 3443/9240/4 3436/9250/4
f 3436/9250/4 3443/9240/4 3444/9242/4 3437/9251/4
f 3437/9251/4 3444/9242/4 3469/9187/4 3501/9172/4
f 3472/9252/4 3395/9253/4 3422/9254/4 3482/9255/4
f 3482/9255/4 3422/9254/4 3421/9256/4 3483/9257/4
f 3483/9257/4 3421/9256/4 3420/9258/4 3484/9259/4
f 3484/9259/4 3420/9258/4 3419/9260/4 3485/9261/4
f 3485/9261/4 3419/9260/4 3418/9262/4 3486/9263/4
f 3486/9263/4 3418/9262/4 3417/9264/4 3487/9265/4
f 3487/9265/4 3417/9264/4 3416/9266/4 3488/9267/4
f 3488/9267/4 3416/9266/4 3415/9184/4 3490/9183/4
f 3400/9204/15 3398/9268/15 3430/9269/15 3460/9205/15
f 3460/9205/15 3430/9269/15 3429/9270/15 3461/9207/15
f 3461/9207/15 3429/9270/15 3428/9271/15 3462/9209/15
f 3462/9209/15 3428/9271/15 3427/9272/15 3463/9211/15
f 3463/9211/15 3427/9272/15 3426/9273/15 3464/9213/15
f 3464/9213/15 3426/9273/15 3425/9274/15 3465/9215/15
f 3465/9215/15 3425/9274/15 3424/9275/15 3466/9217/15
f 3466/9217/15 3424/9275/15 3423/9180/15 3467/9179/15
f 3398/9276/5 3399/9244/5 3431/9245/5 3430/9277/5
f 3430/9277/5 3431/9245/5 3432/9246/5 3429/9278/5
f 3429/9278/5 3432/9246/5 3433/9247/5 3428/9279/5
f 3428/9279/5 3433/9247/5 3434/9248/5 3427/9280/5
f 3427/9280/5 3434/9248/5 3435/9249/5 3426/9281/5
f 3426/9281/5 3435/9249/5 3436/9250/5 3425/9282/5
f 3425/9282/5 3436/9250/5 3437/9251/5 3424/9283/5
f 3423/9180/55 3424/9275/55 3523/9284/55 3522/9285/55
f 3392/9286/1 3393/9287/1 3415/9288/1 3414/9289/1
f 3414/9289/1 3415/9288/1 3416/9290/1 3413/9291/1
f 3413/9291/1 3416/9290/1 3417/9292/1 3412/9293/1
f 3412/9293/1 3417/9292/1 3418/9294/1 3411/9295/1
f 3411/9295/1 3418/9294/1 3419/9296/1 3410/9297/1
f 3410/9297/1 3419/9296/1 3420/9298/1 3409/9299/1
f 3409/9299/1 3420/9298/1 3421/9300/1 3408/9301/1
f 3408/9301/1 3421/9300/1 3422/9164/1 3407/9163/1
f 3469/9187/4 3489/9243/4 3406/9302/4 3468/9188/4
f 3451/9241/4 3488/9267/4 3490/9183/4 3489/9243/4
f 3450/9239/4 3487/9265/4 3488/9267/4 3451/9241/4
f 3449/9237/4 3486/9263/4 3487/9265/4 3450/9239/4
f 3448/9235/4 3485/9261/4 3486/9263/4 3449/9237/4
f 3447/9233/4 3484/9259/4 3485/9261/4 3448/9235/4
f 3446/9231/4 3483/9257/4 3484/9259/4 3447/9233/4
f 3445/9229/4 3482/9255/4 3483/9257/4 3446/9231/4
f 3472/9303/1 3482/9304/1 3494/9305/1 3491/9306/1
f 3413/9307/15 3480/9226/15 3481/9189/15 3414/9308/15
f 3412/9309/15 3479/9225/15 3480/9226/15 3413/9307/15
f 3411/9310/15 3478/9224/15 3479/9225/15 3412/9309/15
f 3410/9311/15 3477/9223/15 3478/9224/15 3411/9310/15
f 3409/9312/15 3476/9222/15 3477/9223/15 3410/9311/15
f 3408/9313/15 3475/9221/15 3476/9222/15 3409/9312/15
f 3407/9314/15 3474/9220/15 3475/9221/15 3408/9313/15
f 3394/9315/15 3470/9219/15 3474/9220/15 3407/9314/15
f 3394/9166/2 3395/9165/2 3472/9200/2 3470/9199/2
f 3414/9308/15 3481/9189/15 3473/9192/15 3392/9316/15
f 3404/9198/3 3406/9197/3 3471/9176/3 3473/9175/3
f 3490/9317/1 3471/9318/1 3498/9319/1 3497/9320/1
f 3492/9321/4 3491/9322/4 3494/9323/4 3493/9324/4
f 3495/9325/4 3497/9326/4 3498/9327/4 3496/9328/4
f 3406/9329/5 3489/9330/5 3495/9331/5 3496/9332/5
f 3445/9333/5 3402/9334/5 3492/9335/5 3493/9336/5
f 3482/9337/3 3445/9338/3 3493/9339/3 3494/9340/3
f 3489/9341/2 3490/9342/2 3497/9343/2 3495/9344/2
f 3471/9345/3 3406/9346/3 3496/9347/3 3498/9348/3
f 3402/9201/2 3472/9200/2 3491/9349/2 3492/9350/2
f 3523/9351/56 3437/9251/56 3501/9172/56 3522/9352/56
f 3424/9283/2 3437/9251/2 3523/9351/2
f 3501/9172/3 3423/9171/3 3522/9352/3
f 3554/9353/57 3555/9354/57 3504/9355/57 3505/9356/57
f 3556/9357/58 3508/9358/58 3509/9359/58 3557/9360/58
f 3554/9353/3 3505/9356/3 3508/9358/3 3556/9357/3
f 3505/9361/1 3504/9362/1 3509/9363/1 3508/9364/1
f 3555/9365/2 3502/9366/2 3507/9367/2 3557/9368/2
f 3502/9369/5 3503/9370/5 3506/9371/5 3507/9372/5
f 3522/9373/3 2527/9374/3 3511/9375/3 3512/9376/3
f 3525/9377/59 3512/9376/59 3511/9375/59 3510/9378/59
f 2527/7498/60 2526/7577/60 3510/9379/60 3511/9380/60
f 2526/9381/2 3523/9382/2 3525/9377/2 3510/9378/2
f 3535/9383/4 3533/9384/4 3534/9385/4 3536/9386/4
f 3528/9387/3 3515/9388/3 3519/9389/3 3526/9390/3
f 3527/9391/59 3526/9390/59 3519/9389/59 3518/9392/59
f 3514/9393/2 3517/9394/2 3527/9391/2 3518/9392/2
f 3518/9395/60 3519/9396/60 3515/9397/60 3514/9398/60
f 3532/9399/15 3537/9400/15 3531/9401/15 3530/9402/15
f 3523/9351/61 3522/9352/61 3512/9403/61 3525/9404/61
f 3527/9405/61 3517/9406/61 3528/9407/61 3526/9408/61
f 3513/9409/4 3529/9410/4 3500/9411/4 3499/9412/4
f 3521/9413/15 3516/9414/15 3520/9415/15 3524/9416/15
f 3516/9417/1 3521/9418/1 3513/9419/1 3499/9420/1
f 3500/9421/5 3529/9422/5 3524/9423/5 3520/9424/5
f 3516/9425/3 3520/9426/3 3500/9427/3 3499/9428/3
f 3529/9429/3 3513/9430/3 3521/9431/3 3524/9432/3
f 3533/9433/5 3535/9434/5 3532/9435/5 3530/9436/5
f 3531/9437/1 3537/9438/1 3536/9439/1 3534/9440/1
f 3533/9441/3 3534/9442/3 3531/9443/3 3530/9444/3
f 3537/9445/3 3532/9446/3 3535/9447/3 3536/9448/3
f 3551/9449/4 3549/9450/4 3550/9451/4 3552/9452/4
f 3548/9453/15 3553/9454/15 3547/9455/15 3546/9456/15
f 3540/9457/15 3545/9458/15 3539/9459/15 3538/9460/15
f 3543/9461/4 3541/9462/4 3542/9463/4 3544/9464/4
f 3541/9465/1 3543/9466/1 3540/9467/1 3538/9468/1
f 3539/9469/5 3545/9470/5 3544/9471/5 3542/9472/5
f 3541/9473/2 3542/9474/2 3539/9475/2 3538/9476/2
f 3545/9477/2 3540/9478/2 3543/9479/2 3544/9480/2
f 3549/9481/1 3551/9482/1 3548/9483/1 3546/9484/1
f 3547/9485/5 3553/9486/5 3552/9487/5 3550/9488/5
f 3549/9489/2 3550/9490/2 3547/9491/2 3546/9492/2
f 3553/9493/2 3548/9494/2 3551/9495/2 3552/9496/2
f 3504/9497/2 3555/9365/2 3557/9368/2 3509/9498/2
f 3503/9499/3 3554/9353/3 3556/9357/3 3506/9500/3
f 3506/9500/62 3556/9357/62 3557/9360/62 3507/9501/62
f 3503/9499/63 3502/9502/63 3555/9354/63 3554/9353/63
f 1852/9503/30 1851/9504/30 3561/5969/30 3560/5968/30
f 1845/9505/31 1846/9506/31 3558/5965/31 3559/5964/31
f 1847/9507/2 1852/9508/2 3560/5961/2 3558/5960/2
f 1845/5953/3 1849/5952/3 3561/5957/3 3559/5956/3
f 1860/9509/30 1859/9510/30 3565/5993/30 3564/5992/30
f 1853/9511/31 1854/9512/31 3562/5989/31 3563/5988/31
f 1855/9513/2 1860/9514/2 3564/5985/2 3562/5984/2
f 1853/5977/3 1857/5976/3 3565/5981/3 3563/5980/3
f 1820/5905/28 1821/5904/28 1762/5888/28 1763/5903/28
